"Started At (CST)","Ended At (CST)","Tag","Duration (Minutes)","Starting Location","Starting Saved Location","Starting Latitude","Starting Longitude","Starting Odometer (mi)","Ending Location","Ending Saved Location","Ending Latitude","Ending Longitude","Ending Odometer (mi)","Starting Battery (%)","Ending Battery (%)","Average Inside Temperature (°F)","Average Outside Temperature (°F)","Average Speed (mph)","Max Speed (mph)","Rated Range Used (mi)","Ideal Range Used (mi)","Distance (mi)","Total Energy Used (kWh)","Average Energy Used (Wh/mi)"
"2025-06-03 23:17","2025-06-03 23:19",,"2","1053 Herndon Street, Corpus Christi, Texas 78411, United States",,"27.741571","-97.388855","58046.31","1053 Herndon Street, Corpus Christi, Texas 78411, United States",,"27.741713","-97.388990","58046.38","62","62","73.36","85.66","4","6","0.92","0.00","0.07","0.24","3429"
"2025-06-03 23:33","2025-06-03 23:39",,"5","1053 Herndon Street, Corpus Christi, Texas 78411, United States",,"27.741710","-97.388985","58046.38","4754 South Padre Island Drive, Corpus Christi, Texas 78411, United States",,"27.715542","-97.384630","58048.51","61","60","65.08","86.79","26","40","3.68","0.00","2.09","0.82","392"
"2025-06-03 23:44","2025-06-03 23:59",,"15","4754 South Padre Island Drive, Corpus Christi, Texas 78411, United States",,"27.715542","-97.384630","58048.51","206 North Water Street, Corpus Christi, Texas 78401, United States",,"27.792582","-97.393616","58057.50","60","55","66.25","85.10","36","66","13.14","0.00","8.93","2.98","334"
"2025-06-04 00:01","2025-06-04 00:23",,"22","206 North Water Street, Corpus Christi, Texas 78401, United States",,"27.792583","-97.393620","58057.50","1053 Herndon Street, Corpus Christi, Texas 78411, United States",,"27.741674","-97.388940","58062.69","55","51","64.40","86.25","27","44","9.37","0.00","5.18","2.16","417"
"2025-06-04 03:56","2025-06-04 03:57",,"1","1053 Herndon Street, Corpus Christi, Texas 78411, United States",,"27.741655","-97.388930","58062.70","1049 Herndon Street, Corpus Christi, Texas 78411, United States",,"27.741774","-97.388855","58062.73","50","50","79.84","86.00","4","8","0.17","0.00","0.03","0.06","2000"
"2025-06-04 20:10","2025-06-04 20:10",,"0","1049 Herndon Street, Corpus Christi, Texas 78411, United States",,"27.741777","-97.388850","58062.75","1049 Herndon Street, Corpus Christi, Texas 78411, United States",,"27.741777","-97.388850","58062.75","45","45","106.61","87.80","0","0","0.00","0.00","0.00","0.00",
"2025-06-04 20:10","2025-06-04 20:11",,"1","1049 Herndon Street, Corpus Christi, Texas 78411, United States",,"27.741777","-97.388850","58062.75","1053 Herndon Street, Corpus Christi, Texas 78411, United States",,"27.741673","-97.388940","58062.79","45","45","103.53","87.80","3","3","0.17","0.00","0.04","0.02","500"
"2025-06-04 21:32","2025-06-04 21:32",,"0","1053 Herndon Street, Corpus Christi, Texas 78411, United States",,"27.741673","-97.388940","58062.81","1049 Herndon Street, Corpus Christi, Texas 78411, United States",,"27.741800","-97.388810","58062.82","37","37","75.11","91.40","0","0","0.00","0.00","0.01","0.04","4000"
"2025-06-05 19:06","2025-06-05 19:07",,"0","1049 Herndon Street, Corpus Christi, Texas 78411, United States",,"27.741793","-97.388820","58062.82","1053 Herndon Street, Corpus Christi, Texas 78411, United States",,"27.741673","-97.388950","58062.84","31","31","113.00","89.60","2","2","0.17","0.00","0.01","0.02","2000"
"2025-06-05 19:07","2025-06-05 19:07",,"0","1053 Herndon Street, Corpus Christi, Texas 78411, United States",,"27.741673","-97.388950","58062.84","1053 Herndon Street, Corpus Christi, Texas 78411, United States",,"27.741673","-97.388950","58062.84","31","31","106.16","88.39","2","2","0.00","0.00","0.00","0.06",
"2025-06-05 19:22","2025-06-05 19:22",,"0","1053 Herndon Street, Corpus Christi, Texas 78411, United States",,"27.741653","-97.388940","58062.84","1053 Herndon Street, Corpus Christi, Texas 78411, United States",,"27.741653","-97.388940","58062.84","29","29","64.76","93.20","0","0","0.17","0.00","0.00","0.04",
"2025-06-05 19:37","2025-06-05 19:37",,"0","1053 Herndon Street, Corpus Christi, Texas 78411, United States",,"27.741661","-97.388950","58062.84","1053 Herndon Street, Corpus Christi, Texas 78411, United States",,"27.741661","-97.388950","58062.84","27","27","75.56","92.30","0","0","0.00","0.00","0.00","0.00",
"2025-06-05 19:37","2025-06-05 19:38",,"0","1053 Herndon Street, Corpus Christi, Texas 78411, United States",,"27.741661","-97.388950","58062.84","1053 Herndon Street, Corpus Christi, Texas 78411, United States",,"27.741661","-97.388950","58062.84","27","27","75.56","92.30","0","0","0.17","0.00","0.00","0.04",
"2025-06-05 19:38","2025-06-05 19:39",,"1","1053 Herndon Street, Corpus Christi, Texas 78411, United States",,"27.741661","-97.388950","58062.84","1053 Herndon Street, Corpus Christi, Texas 78411, United States",,"27.741661","-97.388950","58062.84","27","27","77.95","92.30","0","0","0.00","0.00","0.00","0.04",
"2025-06-05 22:10","2025-06-05 22:10",,"0","1053 Herndon Street, Corpus Christi, Texas 78411, United States",,"27.741674","-97.388950","58062.84","1053 Herndon Street, Corpus Christi, Texas 78411, United States",,"27.741674","-97.388950","58062.84","22","22","90.32","88.70","0","0","0.00","0.00","0.00","0.00",
"2025-06-06 00:06","2025-06-06 00:19",,"13","1053 Herndon Street, Corpus Christi, Texas 78411, United States",,"27.741676","-97.388954","58062.84","4202 South Staples Street, Corpus Christi, Texas 78411, United States",,"27.724844","-97.377500","58064.38","21","19","72.28","86.22","23","40","4.35","0.00","1.54","1.10","714"
"2025-06-06 00:25","2025-06-06 00:29",,"4","4202 South Staples Street, Corpus Christi, Texas 78411, United States",,"27.724834","-97.377495","58064.38","4946 South Staples Street, Corpus Christi, Texas 78411, United States",,"27.710340","-97.368480","58065.61","19","18","63.95","90.01","23","41","2.18","0.00","1.22","0.52","426"
"2025-06-06 01:31","2025-06-06 01:38",,"7","4946 South Staples Street, Corpus Christi, Texas 78411, United States",,"27.710333","-97.368484","58065.62","1049 Herndon Street, Corpus Christi, Texas 78411, United States",,"27.741774","-97.388850","58068.57","99","98","60.80","85.10","27","40","4.18","0.00","2.93","0.90","307"
"2025-06-06 10:57","2025-06-06 10:58",,"0","1049 Herndon Street, Corpus Christi, Texas 78411, United States",,"27.741774","-97.388850","58068.57","1053 Herndon Street, Corpus Christi, Texas 78411, United States",,"27.741617","-97.388916","58068.60","93","93","61.88","94.10","0","0","0.17","0.00","0.02","0.06","3000"
"2025-06-06 11:32","2025-06-06 11:32",,"0","1053 Herndon Street, Corpus Christi, Texas 78411, United States",,"27.741617","-97.388916","58068.60","1053 Herndon Street, Corpus Christi, Texas 78411, United States",,"27.741617","-97.388916","58068.60","92","92","61.16","95.90","0","0","0.00","0.00","0.00","0.10",
"2025-06-06 11:32","2025-06-06 11:55",,"23","1053 Herndon Street, Corpus Christi, Texas 78411, United States",,"27.741617","-97.388916","58068.60","I-37 Frontage Road, Corpus Christi, Texas 78410, United States",,"27.847223","-97.571430","58085.23","92","81","63.93","95.77","52","78","28.54","0.00","16.64","6.34","381"
"2025-06-06 12:01","2025-06-06 12:02",,"0","11102 Interstate 37, Corpus Christi, Texas 78410, United States",,"27.847237","-97.571410","58085.24","10438 Interstate 37, Corpus Christi, Texas 78410, United States",,"27.847496","-97.570970","58085.30","81","80","69.44","101.30","9","9","0.50","0.00","0.06","0.14","2333"
"2025-06-06 12:02","2025-06-06 12:46",,"43","10438 Interstate 37, Corpus Christi, Texas 78410, United States",,"27.847496","-97.570970","58085.30","830 US Highway 181 North, Beeville, Texas 78102, United States",,"28.430847","-97.740300","58136.11","80","49","68.68","96.10","71","84","83.77","0.00","50.53","19.06","377"
"2025-06-06 12:46","2025-06-06 13:12",,"25","830 US Highway 181 North, Beeville, Texas 78102, United States",,"28.430847","-97.740300","58136.11","123 South Sunset Strip Drive, Kenedy, Texas 78119, United States",,"28.811335","-97.856940","58164.33","49","34","65.07","96.15","64","97","41.26","0.00","28.18","9.38","333"
"2025-06-06 13:34","2025-06-06 15:37",,"123","123 South Sunset Strip Drive, Kenedy, Texas 78119, United States",,"28.811316","-97.856950","58164.33","2808 Bartons Bluff Lane, Austin, Texas 78746, United States",,"30.256390","-97.796510","58282.31","80","16","60.80","97.45","60","85","173.97","0.00","117.97","39.60","336"
"2025-06-06 15:38","2025-06-06 16:13",,"34","2808 Bartons Bluff Lane, Austin, Texas 78746, United States",,"30.256380","-97.796486","58282.34","13810 Sawyer Ranch Road, Dripping Springs, Texas 78620, United States",,"30.195950","-97.998085","58297.38","16","6","64.38","98.89","34","65","27.95","0.00","15.01","6.22","414"
"2025-06-06 16:13","2025-06-06 16:15",,"1","13810 Sawyer Ranch Road, Dripping Springs, Texas 78620, United States",,"30.195950","-97.998085","58297.38","13810 Sawyer Ranch Road, Dripping Springs, Texas 78620, United States",,"30.195524","-97.998250","58297.45","6","6","67.93","95.90","9","12","0.17","0.00","0.07","0.14","2000"
"2025-06-06 17:00","2025-06-06 17:02",,"1","13810 Sawyer Ranch Road, Dripping Springs, Texas 78620, United States",,"30.195524","-97.998250","58297.45","13810 Sawyer Ranch Road, Dripping Springs, Texas 78620, United States",,"30.195839","-97.997870","58297.54","89","89","61.16","95.90","8","8","0.33","0.00","0.09","0.18","2000"
"2025-06-06 17:02","2025-06-06 17:29",,"27","13810 Sawyer Ranch Road, Dripping Springs, Texas 78620, United States",,"30.195839","-97.997870","58297.54","2224 Miller Creek Cemetery Road, Johnson City, Texas 78636, United States",,"30.195574","-98.333610","58319.00","89","78","64.04","96.66","53","75","30.96","0.00","21.44","7.00","326"
"2025-06-06 17:36","2025-06-06 17:36",,"0","2224 Miller Creek Cemetery Road, Johnson City, Texas 78636, United States",,"30.195578","-98.333610","58319.00","2224 Miller Creek Cemetery Road, Johnson City, Texas 78636, United States",,"30.195578","-98.333610","58319.00","77","77","61.52","99.50","0","0","0.00","0.00","0.00","0.00",
"2025-06-06 17:36","2025-06-06 19:27",,"110","2224 Miller Creek Cemetery Road, Johnson City, Texas 78636, United States",,"30.195578","-98.333610","58319.00","I-10 Frontage Road, Junction, Texas 76849, United States",,"30.509314","-99.774650","58425.15","77","19","61.02","92.77","60","87","158.08","0.00","106.15","35.82","337"
"2025-06-06 20:18","2025-06-06 20:18",,"0","I-10 Frontage Road, Junction, Texas 76849, United States",,"30.509295","-99.774660","58425.15","I-10 Frontage Road, Junction, Texas 76849, United States",,"30.509315","-99.774635","58425.15","86","86","61.34","95.00","0","0","0.17","0.00","0.00","0.02",
"2025-06-06 20:18","2025-06-06 21:32",,"73","I-10 Frontage Road, Junction, Texas 76849, United States",,"30.509315","-99.774635","58425.15","1306 Avenue F, Ozona, Texas 76943, United States",,"30.706587","-101.202540","58515.07","86","32","62.51","89.13","74","84","146.86","0.00","89.92","33.44","372"
"2025-06-06 21:56","2025-06-06 22:55",,"59","1306 Avenue F, Ozona, Texas 76943, United States",,"30.706587","-101.202540","58515.07","I 10 Service Road, Big Lake, Texas 79752, United States",,"30.893064","-102.255330","58583.20","82","42","62.82","87.33","70","83","108.37","0.00","68.13","24.74","363"
"2025-06-06 23:00","2025-06-06 23:05",,"4","I 10 Service Road, Big Lake, Texas 79752, United States",,"30.893064","-102.255340","58583.31","4638 Fm 11, Fort Stockton, Texas 79735, United States",,"30.887938","-102.300500","58586.10","42","40","62.60","85.10","48","58","3.93","0.00","2.79","0.92","330"
"2025-06-06 23:07","2025-06-06 23:09",,"1","4638 Fm 11, Fort Stockton, Texas 79735, United States",,"30.887938","-102.300500","58586.10","Interstate 10, Fort Stockton, Texas 79735, United States",,"30.886310","-102.303010","58586.19","40","40","62.60","85.10","8","9","0.17","0.00","0.10","0.00","0"
"2025-06-06 23:09","2025-06-06 23:13",,"4","Interstate 10, Fort Stockton, Texas 79735, United States",,"30.886310","-102.303010","58586.19","Interstate 10, Fort Stockton, Texas 79735, United States",,"30.895802","-102.352516","58589.39","40","38","62.60","85.10","47","72","5.69","0.00","3.20","1.24","387"
"2025-06-06 23:15","2025-06-06 23:20",,"5","Interstate 10, Fort Stockton, Texas 79735, United States",,"30.895802","-102.352516","58589.39","I 10 Service Road, Fort Stockton, Texas 79735, United States",,"30.891062","-102.407745","58592.79","38","36","62.60","85.10","39","58","5.02","0.00","3.39","1.08","319"
"2025-06-06 23:27","2025-06-06 23:45",,"17","I 10 Service Road, Fort Stockton, Texas 79735, United States",,"30.891062","-102.407745","58592.84","4683 Fm 11, Fort Stockton, Texas 79752, United States",,"30.882462","-102.301230","58599.86","36","32","62.87","84.09","30","52","10.79","0.00","7.02","2.46","350"
"2025-06-06 23:52","2025-06-06 23:54",,"1","4683 Fm 11, Fort Stockton, Texas 79752, United States",,"30.882462","-102.301230","58599.86","4683 Fm 11, Fort Stockton, Texas 79752, United States",,"30.881956","-102.301636","58599.93","32","32","62.60","86.00","4","4","0.33","0.00","0.07","0.10","1429"
"2025-06-07 00:15","2025-06-07 00:18",,"3","4683 Fm 11, Fort Stockton, Texas 79752, United States",,"30.881939","-102.301620","58599.95","4683 Fm 11, Fort Stockton, Texas 79735, United States",,"30.882418","-102.301544","58600.01","31","31","69.22","94.10","5","5","0.17","0.00","0.06","0.00","0"
"2025-06-07 00:18","2025-06-07 00:21",,"2","4683 Fm 11, Fort Stockton, Texas 79735, United States",,"30.882418","-102.301544","58600.01","4638 Fm 11, Fort Stockton, Texas 79735, United States",,"30.888275","-102.300290","58600.41","31","31","72.81","96.42","14","25","1.00","0.00","0.40","0.26","650"
"2025-06-07 00:21","2025-06-07 00:22",,"1","4638 Fm 11, Fort Stockton, Texas 79735, United States",,"30.888275","-102.300290","58600.41","4638 Fm 11, Fort Stockton, Texas 79735, United States",,"30.888325","-102.300420","58600.48","31","31","64.04","90.86","5","5","0.00","0.00","0.07","0.00","0"
"2025-06-07 00:36","2025-06-07 00:36",,"0","4638 Fm 11, Fort Stockton, Texas 79735, United States",,"30.888332","-102.300450","58600.48","4638 Fm 11, Fort Stockton, Texas 79735, United States",,"30.888222","-102.300545","58600.50","30","30","62.96","88.70","4","4","0.17","0.00","0.01","0.04","4000"
"2025-06-07 00:36","2025-06-07 00:50",,"13","4638 Fm 11, Fort Stockton, Texas 79735, United States",,"30.888222","-102.300545","58600.50","Interstate 10, Fort Stockton, Texas 79735, United States",,"30.886171","-102.431960","58608.45","30","27","62.96","85.10","43","63","10.54","0.00","7.95","2.38","299"
"2025-06-07 00:50","2025-06-07 00:51",,"1","Interstate 10, Fort Stockton, Texas 79735, United States",,"30.886171","-102.431960","58608.45","Interstate 10, Fort Stockton, Texas 79735, United States",,"30.886168","-102.432000","58608.59","27","26","62.96","83.30","0","1","-0.17","0.00","0.13","-0.02","-154"
"2025-06-07 01:08","2025-06-07 01:24",,"15","Interstate 10, Fort Stockton, Texas 79735, United States",,"30.886168","-102.432000","58608.59","I 10 Service Road, Fort Stockton, Texas 79735, United States",,"30.864853","-102.587250","58618.12","26","21","62.96","84.54","41","48","12.55","0.00","9.54","2.84","298"
"2025-06-07 01:24","2025-06-07 01:25",,"1","I 10 Service Road, Fort Stockton, Texas 79735, United States",,"30.864853","-102.587250","58618.12","I 10 Service Road, Fort Stockton, Texas 79735, United States",,"30.865152","-102.587680","58618.16","21","21","62.82","83.30","0","1","0.08","0.00","0.04","0.06","1500"
"2025-06-07 01:29","2025-06-07 01:31",,"2","I 10 Service Road, Fort Stockton, Texas 79735, United States",,"30.865152","-102.587680","58618.16","I 10 Service Road, Fort Stockton, Texas 79735, United States",,"30.868176","-102.600260","58618.96","21","21","71.91","85.10","26","34","1.17","0.00","0.79","0.18","228"
"2025-06-07 01:31","2025-06-07 01:32",,"0","I 10 Service Road, Fort Stockton, Texas 79735, United States",,"30.868176","-102.600260","58618.96","I 10 Service Road, Fort Stockton, Texas 79735, United States",,"30.868176","-102.600260","58618.96","21","21","65.48","85.10","0","0","0.00","0.00","0.00","0.00",
"2025-06-07 01:39","2025-06-07 01:41",,"1","I 10 Service Road, Fort Stockton, Texas 79735, United States",,"30.868166","-102.600230","58618.96","I 10 Service Road, Fort Stockton, Texas 79735, United States",,"30.868212","-102.600334","58618.96","21","21","71.06","85.10","0","1","0.17","0.00","0.00","0.04",
"2025-06-07 01:41","2025-06-07 01:42",,"0","I 10 Service Road, Fort Stockton, Texas 79735, United States",,"30.868212","-102.600334","58618.96","I 10 Service Road, Fort Stockton, Texas 79735, United States",,"30.868353","-102.600716","58618.98","21","21","72.50","85.10","0","0","0.17","0.00","0.01","0.00","0"
"2025-06-07 01:42","2025-06-07 01:43",,"0","I 10 Service Road, Fort Stockton, Texas 79735, United States",,"30.868343","-102.600680","58619.00","I 10 Service Road, Fort Stockton, Texas 79735, United States",,"30.868343","-102.600680","58619.00","21","21","72.50","85.10","0","0","0.00","0.00","0.00","0.00",
"2025-06-07 01:43","2025-06-07 01:44",,"1","I 10 Service Road, Fort Stockton, Texas 79735, United States",,"30.868343","-102.600680","58619.00","I 10 Service Road, Fort Stockton, Texas 79735, United States",,"30.868992","-102.602350","58619.11","21","20","70.70","85.10","0","1","0.17","0.00","0.11","0.06","545"
"2025-06-07 01:45","2025-06-07 01:49",,"3","I 10 Service Road, Fort Stockton, Texas 79735, United States",,"30.868996","-102.602360","58619.11","I 10 Service Road, Fort Stockton, Texas 79735, United States",,"30.870472","-102.606150","58619.36","20","20","67.28","89.29","5","7","0.33","0.00","0.25","0.06","240"
"2025-06-07 01:49","2025-06-07 01:52",,"3","I 10 Service Road, Fort Stockton, Texas 79735, United States",,"30.870472","-102.606150","58619.36","I 10 Service Road, Fort Stockton, Texas 79735, United States",,"30.871819","-102.609590","58619.57","20","20","79.41","94.10","5","7","0.33","0.00","0.21","0.12","571"
"2025-06-07 01:52","2025-06-07 01:53",,"1","I 10 Service Road, Fort Stockton, Texas 79735, United States",,"30.871819","-102.609590","58619.57","I 10 Service Road, Fort Stockton, Texas 79735, United States",,"30.872402","-102.611084","58619.63","20","20","82.40","96.62","7","7","0.17","0.00","0.06","-0.02","-333"
"2025-06-07 01:53","2025-06-07 02:01",,"7","I 10 Service Road, Fort Stockton, Texas 79735, United States",,"30.872402","-102.611084","58619.63","Interstate 10, Fort Stockton, Texas 79735, United States",,"30.878042","-102.646430","58621.82","20","19","68.83","88.14","32","43","2.85","0.00","2.19","0.66","301"
"2025-06-07 02:03","2025-06-07 02:32",,"28","Interstate 10, Fort Stockton, Texas 79735, United States",,"30.878042","-102.646430","58621.82","2573 North Front Street, Fort Stockton, Texas 79735, United States",,"30.906004","-102.884670","58636.55","19","13","62.67","79.47","29","44","16.82","0.00","14.73","3.78","257"
"2025-06-07 03:49","2025-06-07 03:50",,"0","2573 North Front Street, Fort Stockton, Texas 79735, United States",,"30.906017","-102.884640","58636.56","2571 North Front Street, Fort Stockton, Texas 79735, United States",,"30.906015","-102.885360","58636.61","98","98","68.72","77.90","5","8","0.08","0.00","0.05","0.02","400"
"2025-06-07 05:35","2025-06-07 05:38",,"3","2571 North Front Street, Fort Stockton, Texas 79735, United States",,"30.906015","-102.885345","58636.62","2801 Texas Highway 18, Fort Stockton, Texas 79735, United States",,"30.908665","-102.885820","58637.02","94","94","65.44","81.50","11","24","0.75","0.00","0.40","0.22","550"
"2025-06-07 05:44","2025-06-07 05:49",,"4","2801 Texas Highway 18, Fort Stockton, Texas 79735, United States",,"30.908663","-102.885800","58637.02","1723 North US Highway 285, Fort Stockton, Texas 79735, United States",,"30.902250","-102.912520","58638.75","94","92","65.48","80.11","26","63","3.77","0.00","1.72","0.84","488"
"2025-06-07 05:54","2025-06-07 05:54",,"0","1723 North US Highway 285, Fort Stockton, Texas 79735, United States",,"30.902240","-102.912540","58638.75","1723 North US Highway 285, Fort Stockton, Texas 79735, United States",,"30.902240","-102.912540","58638.75","92","92","70.88","89.60","0","0","0.00","0.00","0.00","0.00",
"2025-06-07 05:54","2025-06-07 05:57",,"2","1723 North US Highway 285, Fort Stockton, Texas 79735, United States",,"30.902240","-102.912540","58638.75","Interstate 10 West, Fort Stockton, Texas 79735, United States",,"30.901602","-102.912384","58638.85","92","92","69.33","88.57","7","7","0.33","0.00","0.09","0.08","889"
"2025-06-07 05:57","2025-06-07 06:05",,"7","Interstate 10 West, Fort Stockton, Texas 79735, United States",,"30.901588","-102.912360","58638.85","2573 North Front Street, Fort Stockton, Texas 79735, United States",,"30.905960","-102.884600","58640.94","92","91","62.13","79.90","26","59","3.01","0.00","2.09","0.70","335"
"2025-06-07 06:13","2025-06-07 06:22",,"8","2573 North Front Street, Fort Stockton, Texas 79735, United States",,"30.905970","-102.884580","58640.94","North US Highway 285, Fort Stockton, Texas 79735, United States",,"30.936098","-102.963715","58646.79","94","90","61.12","76.10","45","77","11.05","0.00","5.84","2.52","432"
"2025-06-07 06:26","2025-06-07 06:27",,"0","North US Highway 285, Fort Stockton, Texas 79735, United States",,"30.936098","-102.963715","58646.79","North US Highway 285, Fort Stockton, Texas 79735, United States",,"30.936098","-102.963715","58646.79","90","90","60.44","76.10","0","0","0.17","0.00","0.00","0.00",
"2025-06-07 06:27","2025-06-07 06:31",,"4","North US Highway 285, Fort Stockton, Texas 79735, United States",,"30.936098","-102.963715","58646.79","North US Highway 285, Fort Stockton, Texas 79735, United States",,"30.958805","-102.998634","58649.75","90","88","60.44","76.93","55","79","6.36","0.00","2.81","1.36","484"
"2025-06-07 06:32","2025-06-07 06:45",,"12","North US Highway 285, Fort Stockton, Texas 79735, United States",,"30.958794","-102.998620","58649.75","Interstate 10 West, Fort Stockton, Texas 79735, United States",,"30.902067","-102.911920","58656.19","88","83","60.44","75.45","59","74","12.22","0.00","6.44","2.80","435"
"2025-06-07 07:38","2025-06-07 07:39",,"0","Interstate 10 West, Fort Stockton, Texas 79735, United States",,"30.902067","-102.911920","58656.19","1723 North US Highway 285, Fort Stockton, Texas 79735, United States",,"30.901987","-102.912750","58656.26","81","81","60.44","77.00","7","7","0.17","0.00","0.07","0.02","286"
"2025-06-07 07:48","2025-06-07 07:56",,"7","1723 North US Highway 285, Fort Stockton, Texas 79735, United States",,"30.901997","-102.912740","58656.27","805 North Rooney Street, Fort Stockton, Texas 79735, United States",,"30.892723","-102.876800","58658.67","81","80","60.80","77.77","22","41","3.18","0.00","2.40","0.74","308"
"2025-06-07 08:30","2025-06-07 08:42",,"11","805 North Rooney Street, Fort Stockton, Texas 79735, United States",,"30.892721","-102.876800","58658.68","1100 North Front Street, Fort Stockton, Texas 79735, United States",,"30.895155","-102.884390","58659.72","78","76","60.80","82.09","13","33","3.51","0.00","1.04","0.86","827"
"2025-06-07 08:42","2025-06-07 08:51",,"9","1100 North Front Street, Fort Stockton, Texas 79735, United States",,"30.895155","-102.884390","58659.72","900 East Dickinson Boulevard, Fort Stockton, Texas 79735, United States",,"30.892836","-102.870155","58660.65","76","75","60.80","83.98","19","36","2.59","0.00","0.93","0.50","538"
"2025-06-07 09:16","2025-06-07 09:18",,"1","900 East Dickinson Boulevard, Fort Stockton, Texas 79735, United States",,"30.892824","-102.870155","58660.65","805 North Rooney Street, Fort Stockton, Texas 79735, United States",,"30.893183","-102.877080","58661.09","74","74","56.17","91.99","24","39","0.33","0.00","0.28","0.24","857"
"2025-06-07 09:18","2025-06-07 09:18",,"0","405 East Dickinson Boulevard, Fort Stockton, Texas 79735, United States",,"30.893099","-102.875244","58660.93","805 North Rooney Street, Fort Stockton, Texas 79735, United States",,"30.893183","-102.877080","58661.09","74","73","55.40","89.91","8","8","0.84","0.00","0.16","0.00","0"
"2025-06-07 09:20","2025-06-07 09:22",,"1","805 North Rooney Street, Fort Stockton, Texas 79735, United States",,"30.893183","-102.877090","58661.09","805 North Rooney Street, Fort Stockton, Texas 79735, United States",,"30.893183","-102.877090","58661.09","73","73","52.84","86.90","0","0","0.17","0.00","0.00","0.02",
"2025-06-07 09:22","2025-06-07 09:23",,"0","805 North Rooney Street, Fort Stockton, Texas 79735, United States",,"30.893183","-102.877090","58661.09","805 North Rooney Street, Fort Stockton, Texas 79735, United States",,"30.893183","-102.877090","58661.09","73","73","53.19","86.90","0","0","0.17","0.00","0.00","0.06",
"2025-06-07 09:25","2025-06-07 09:35",,"9","805 North Rooney Street, Fort Stockton, Texas 79735, United States",,"30.893183","-102.877090","58661.09","2603 West Dickinson Boulevard, Fort Stockton, Texas 79735, United States",,"30.893824","-102.908440","58663.84","73","71","57.27","85.60","22","53","5.36","0.00","2.74","1.24","453"
"2025-06-07 09:36","2025-06-07 09:38",,"2","2603 West Dickinson Boulevard, Fort Stockton, Texas 79735, United States",,"30.893824","-102.908440","58663.84","2709 West Dickinson Boulevard, Fort Stockton, Texas 79735, United States",,"30.893885","-102.909470","58663.92","71","71","64.51","85.10","8","10","0.17","0.00","0.07","0.02","286"
"2025-06-07 09:47","2025-06-07 09:48",,"0","2709 West Dickinson Boulevard, Fort Stockton, Texas 79735, United States",,"30.893885","-102.909470","58663.92","2709 West Dickinson Boulevard, Fort Stockton, Texas 79735, United States",,"30.893690","-102.909680","58663.94","70","70","62.06","89.42","5","5","0.17","0.00","0.01","0.08","8000"
"2025-06-07 09:55","2025-06-07 10:11",,"16","2709 West Dickinson Boulevard, Fort Stockton, Texas 79735, United States",,"30.893690","-102.909680","58663.94","2709 West Dickinson Boulevard, Fort Stockton, Texas 79735, United States",,"30.893760","-102.909920","58663.99","70","69","64.81","91.81","2","2","3.01","0.00","0.05","0.68","13600"
"2025-06-07 10:14","2025-06-07 10:15",,"1","2709 West Dickinson Boulevard, Fort Stockton, Texas 79735, United States",,"30.893760","-102.909920","58663.99","2709 West Dickinson Boulevard, Fort Stockton, Texas 79735, United States",,"30.893900","-102.909590","58664.02","68","68","62.96","92.30","5","5","0.17","0.00","0.03","0.02","667"
"2025-06-07 10:21","2025-06-07 10:31",,"9","2709 West Dickinson Boulevard, Fort Stockton, Texas 79735, United States",,"30.893892","-102.909500","58664.02","2723 East US Highway 290, Fort Stockton, Texas 79735, United States",,"30.893196","-102.852160","58667.48","68","66","66.36","92.43","38","65","5.52","0.00","3.46","1.24","358"
"2025-06-07 10:54","2025-06-07 10:56",,"1","2723 East US Highway 290, Fort Stockton, Texas 79735, United States",,"30.893202","-102.852160","58667.48","2723 E US Highway 290, Fort Stockton, Texas 79735, United States",,"30.893380","-102.852600","58667.66","64","64","69.44","100.27","7","11","0.84","0.00","0.15","0.20","1333"
"2025-06-07 11:03","2025-06-07 11:03",,"0","2723 E US Highway 290, Fort Stockton, Texas 79735, United States",,"30.893380","-102.852600","58667.66","2723 E US Highway 290, Fort Stockton, Texas 79735, United States",,"30.893380","-102.852610","58667.66","63","63","68.00","95.90","0","0","0.00","0.00","0.00","0.00",
"2025-06-07 11:06","2025-06-07 11:07",,"0","2723 E US Highway 290, Fort Stockton, Texas 79735, United States",,"30.893380","-102.852610","58667.66","2723 East US Highway 290, Fort Stockton, Texas 79735, United States",,"30.893534","-102.851920","58667.72","62","62","68.18","95.90","7","10","0.50","0.00","0.07","0.08","1143"
"2025-06-07 18:50","2025-06-07 18:52",,"1","2723 East US Highway 290, Fort Stockton, Texas 79735, United States",,"30.893534","-102.851920","58667.72","2723 East US Highway 290, Fort Stockton, Texas 79735, United States",,"30.892998","-102.852060","58667.77","10","10","75.74","113.18","0","1","0.50","0.00","0.05","0.12","2400"
"2025-06-07 18:52","2025-06-07 19:01",,"8","2723 East US Highway 290, Fort Stockton, Texas 79735, United States",,"30.892998","-102.852060","58667.77","2573 North Front Street, Fort Stockton, Texas 79735, United States",,"30.905973","-102.884600","58670.65","10","8","73.94","105.53","28","54","5.19","0.00","2.86","1.10","385"
"2025-06-07 20:28","2025-06-07 21:03",,"34","2573 North Front Street, Fort Stockton, Texas 79735, United States",,"30.905977","-102.884605","58670.66","Interstate 10, Balmorhea, Texas 79718, United States",,"30.954239","-103.429306","58703.64","100","81","69.94","92.80","57","84","50.38","0.00","32.66","11.90","364"
"2025-06-07 21:03","2025-06-07 21:19",,"15","Interstate 10, Balmorhea, Texas 79718, United States",,"30.954239","-103.429306","58703.64","Farm to Market Road 2448, Balmorhea, Texas 79718, United States",,"30.989368","-103.628800","58715.81","81","76","69.21","91.27","56","65","15.82","0.00","12.17","3.60","296"
"2025-06-07 22:00","2025-06-07 22:02",,"2","Farm to Market Road 2448, Balmorhea, Texas 79718, United States",,"30.989374","-103.628800","58715.82","160 Interstate 10, Balmorhea, Texas 79718, United States",,"30.990120","-103.639330","58716.52","74","73","71.06","98.71","20","41","1.67","0.00","0.69","0.38","551"
"2025-06-07 22:21","2025-06-07 23:04",,"42","160 Interstate 10, Balmorhea, Texas 79718, United States",,"30.990120","-103.639330","58716.52","Interstate 10, Balmorhea, Texas 79855, United States",,"31.029507","-103.900430","58732.66","72","62","66.16","89.71","32","59","27.78","0.00","16.14","6.34","393"
"2025-06-07 23:18","2025-06-07 23:18",,"0","Interstate 10, Balmorhea, Texas 79855, United States",,"31.029509","-103.900440","58732.66","Interstate 10, Balmorhea, Texas 79855, United States",,"31.029545","-103.900500","58732.66","61","61","68.90","88.70","0","1","0.00","0.00","0.00","0.02",
"2025-06-07 23:30","2025-06-07 23:36",,"6","Interstate 10, Balmorhea, Texas 79855, United States",,"31.029556","-103.900510","58732.67","Interstate 10, Balmorhea, Texas 79855, United States",,"31.043682","-103.932050","58734.76","61","59","68.18","88.14","38","46","4.02","0.00","2.09","0.92","440"
"2025-06-07 23:47","2025-06-07 23:47",,"0","Interstate 10, Balmorhea, Texas 79855, United States",,"31.043682","-103.932050","58734.76","Interstate 10, Balmorhea, Texas 79855, United States",,"31.043715","-103.932110","58734.77","59","59","70.88","86.00","0","1","0.00","0.00","0.01","0.00","0"
"2025-06-08 00:46","2025-06-08 00:49",,"2","1835 West Desert Street, Van Horn, Texas 79855, United States",,"31.037209","-104.854965","58734.77","1831 West Desert Street, Van Horn, Texas 79855, United States",,"31.037258","-104.854866","58734.79","58","58","84.38","87.80","3","3","0.67","0.00","0.01","-0.02","-2000"
"2025-06-08 01:50","2025-06-08 01:51",,"1","1831 West Desert Street, Van Horn, Texas 79855, United States",,"31.037294","-104.854850","58734.79","1807 West Broadway Street, Van Horn, Texas 79855, United States",,"31.037285","-104.854940","58734.84","100","100","82.58","86.90","2","2","0.33","0.00","0.04","0.06","1500"
"2025-06-08 07:55","2025-06-08 07:56",,"0","1835 West Desert Street, Van Horn, Texas 79855, United States",,"31.037285","-104.854970","58734.85","1831 West Desert Street, Van Horn, Texas 79855, United States",,"31.037207","-104.854890","58734.86","90","90","64.58","83.30","0","1","0.00","0.00","0.01","-0.02","-2000"
"2025-06-08 08:36","2025-06-08 08:46",,"9","1831 West Desert Street, Van Horn, Texas 79855, United States",,"31.037210","-104.854860","58734.86","1807 West Broadway Street, Van Horn, Texas 79855, United States",,"31.037592","-104.855240","58738.13","100","98","65.01","83.30","24","39","4.18","0.00","3.27","1.16","355"
"2025-06-08 09:05","2025-06-08 09:07",,"1","1807 West Broadway Street, Van Horn, Texas 79855, United States",,"31.037579","-104.855225","58738.16","1831 West Desert Street, Van Horn, Texas 79855, United States",,"31.037199","-104.854840","58738.21","97","97","54.48","92.30","4","5","0.17","0.00","0.05","0.00","0"
"2025-06-08 09:07","2025-06-08 09:16",,"8","1831 West Desert Street, Van Horn, Texas 79855, United States",,"31.037199","-104.854840","58738.21","600 East Broadway Street, Van Horn, Texas 79855, United States",,"31.040129","-104.823920","58740.63","97","96","67.28","89.56","23","40","3.60","0.00","2.41","0.86","357"
"2025-06-08 09:24","2025-06-08 09:27",,"2","600 East Broadway Street, Van Horn, Texas 79855, United States",,"31.040121","-104.823920","58740.63","100 Ross Drive, Van Horn, Texas 79855, United States",,"31.040092","-104.818950","58740.99","95","95","62.60","94.64","10","19","0.67","0.00","0.35","0.14","400"
"2025-06-08 09:36","2025-06-08 09:38",,"1","100 Ross Drive, Van Horn, Texas 79855, United States",,"31.040092","-104.818950","58740.99","100 Ross Drive, Van Horn, Texas 79855, United States",,"31.040610","-104.819214","58741.13","94","94","63.32","93.20","8","12","0.33","0.00","0.14","0.14","1000"
"2025-06-08 12:03","2025-06-08 12:13",,"9","100 Ross Drive, Van Horn, Texas 79855, United States",,"31.040610","-104.819214","58741.14","100 Ross Drive, Van Horn, Texas 79855, United States",,"31.040610","-104.819214","58741.14","84","83","84.61","106.95","0","0","2.85","0.00","0.00","0.68",
"2025-06-08 17:44","2025-06-08 17:49",,"4","100 Ross Drive, Van Horn, Texas 79855, United States",,"31.040610","-104.819214","58741.14","303 Park Drive, Van Horn, Texas 79855, United States",,"31.051428","-104.829190","58742.89","53","52","69.10","110.62","20","36","2.93","0.00","1.75","0.72","411"
"2025-06-08 18:01","2025-06-08 18:07",,"5","303 Park Drive, Van Horn, Texas 79855, United States",,"31.051428","-104.829210","58742.90","1831 West Desert Street, Van Horn, Texas 79855, United States",,"31.037287","-104.854866","58745.33","51","50","66.72","107.60","24","39","4.44","0.00","2.42","1.00","413"
"2025-06-08 19:52","2025-06-08 19:53",,"0","1831 West Desert Street, Van Horn, Texas 79855, United States",,"31.037294","-104.854850","58745.34","1807 West Broadway Street, Van Horn, Texas 79855, United States",,"31.037296","-104.854940","58745.35","96","96","68.77","112.10","0","0","0.00","0.00","0.01","0.06","6000"
"2025-06-08 21:58","2025-06-08 21:58",,"0","Export Place, El Paso, Texas 79912, United States",,"31.876776","-106.577156","58745.35","Export Place, El Paso, Texas 79912, United States",,"31.876766","-106.577190","58745.35","93","93","93.02","101.30","0","0","0.00","0.00","0.00","0.02",
"2025-06-08 22:02","2025-06-08 22:03",,"1","Export Place, El Paso, Texas 79912, United States",,"31.876766","-106.577220","58745.36","1345 Export Place, El Paso, Texas 79912, United States",,"31.876920","-106.577080","58745.38","93","93","79.88","98.60","2","2","0.33","0.00","0.02","0.08","4000"
"2025-06-09 09:36","2025-06-09 09:37",,"0","1345 Export Place, El Paso, Texas 79912, United States",,"31.876923","-106.577090","58745.39","1345 Export Place, El Paso, Texas 79912, United States",,"31.876879","-106.577070","58745.40","89","89","85.28","81.50","0","1","0.00","0.00","0.01","0.00","0"
"2025-06-09 09:37","2025-06-09 09:45",,"8","1345 Export Place, El Paso, Texas 79912, United States",,"31.876879","-106.577070","58745.40","7825 Helen of Troy Drive, El Paso, Texas 79912, United States",,"31.876547","-106.577020","58751.42","89","84","74.57","82.13","46","84","13.14","0.00","6.02","3.00","498"
"2025-06-09 09:49","2025-06-09 09:50",,"0","7825 Helen of Troy Drive, El Paso, Texas 79912, United States",,"31.876577","-106.577020","58751.44","7825 Helen of Troy Drive, El Paso, Texas 79912, United States",,"31.876550","-106.577030","58751.44","84","84","68.00","86.90","0","0","0.00","0.00","0.00","0.00",
"2025-06-09 09:50","2025-06-09 10:01",,"11","7825 Helen of Troy Drive, El Paso, Texas 79912, United States",,"31.876550","-106.577030","58751.44","7825 Helen of Troy Drive, El Paso, Texas 79912, United States",,"31.876598","-106.577020","58757.51","84","80","67.44","84.58","46","78","10.21","0.00","6.07","2.16","356"
"2025-06-09 10:11","2025-06-09 10:12",,"1","7825 Helen of Troy Drive, El Paso, Texas 79912, United States",,"31.876678","-106.577034","58757.52","7825 Helen of Troy Drive, El Paso, Texas 79912, United States",,"31.876630","-106.577070","58757.52","80","80","81.79","90.50","0","1","0.17","0.00","0.00","0.02",
"2025-06-09 10:13","2025-06-09 10:13",,"0","7825 Helen of Troy Drive, El Paso, Texas 79912, United States",,"31.876630","-106.577070","58757.52","7825 Helen of Troy Drive, El Paso, Texas 79912, United States",,"31.876630","-106.577100","58757.52","80","80","81.14","90.50","0","1","0.00","0.00","0.00","0.00",
"2025-06-09 12:11","2025-06-09 12:11",,"0","7825 Helen of Troy Drive, El Paso, Texas 79912, United States",,"31.876608","-106.577126","58757.52","7825 Helen of Troy Drive, El Paso, Texas 79912, United States",,"31.876444","-106.576935","58757.55","80","80","84.56","90.50","2","2","0.17","0.00","0.02","0.06","3000"
"2025-06-09 12:13","2025-06-09 12:14",,"1","7825 Helen of Troy Drive, El Paso, Texas 79912, United States",,"31.876417","-106.576920","58757.55","7825 Helen of Troy Drive, El Paso, Texas 79912, United States",,"31.876392","-106.576904","58757.56","80","79","75.56","90.50","0","0","0.00","0.00","0.01","0.02","2000"
"2025-06-09 12:14","2025-06-09 12:36",,"21","7825 Helen of Troy Drive, El Paso, Texas 79912, United States",,"31.876392","-106.576904","58757.56","7825 Helen of Troy Drive, El Paso, Texas 79912, United States",,"31.876219","-106.576990","58771.23","79","71","66.79","91.62","50","81","22.34","0.00","13.67","5.08","372"
"2025-06-09 12:50","2025-06-09 13:03",,"12","7825 Helen of Troy Drive, El Paso, Texas 79912, United States",,"31.876242","-106.576996","58771.24","6600 North Desert Boulevard, El Paso, Texas 79912, United States",,"31.892880","-106.581550","58772.73","70","68","66.81","97.86","37","67","5.94","0.00","1.49","1.38","926"
"2025-06-09 13:14","2025-06-09 13:14",,"0","6600 North Desert Boulevard, El Paso, Texas 79912, United States",,"31.892880","-106.581550","58772.73","6600 North Desert Boulevard, El Paso, Texas 79912, United States",,"31.892880","-106.581550","58772.73","67","66","69.44","104.90","0","0","0.00","0.00","0.00","0.00",
"2025-06-09 13:27","2025-06-09 13:34",,"6","6600 North Desert Boulevard, El Paso, Texas 79912, United States",,"31.892880","-106.581550","58772.73","706 Westway Boulevard, Canutillo, Texas 79835, United States",,"31.957514","-106.578636","58777.42","65","62","70.79","100.71","42","73","8.54","0.00","4.67","1.94","415"
"2025-06-09 14:05","2025-06-09 14:40",,"34","706 Westway Boulevard, Canutillo, Texas 79835, United States",,"31.957512","-106.578660","58777.42","401 North Church Street, Las Cruces, New Mexico 88001, United States",,"32.312798","-106.778390","58807.30","58","41","67.23","98.91","60","83","46.78","0.00","29.88","10.60","355"
"2025-06-09 16:27","2025-06-09 16:37",,"9","401 North Church Street, Las Cruces, New Mexico 88001, United States",,"32.312810","-106.778400","58807.30","401 North Church Street, Las Cruces, New Mexico 88001, United States",,"32.312800","-106.778390","58807.30","32","31","70.95","106.45","0","0","2.51","0.00","0.00","0.60",
"2025-06-09 18:14","2025-06-09 18:26",,"11","401 North Church Street, Las Cruces, New Mexico 88001, United States",,"32.312800","-106.778390","58807.30","2347 East Lohman Avenue, Las Cruces, New Mexico 88001, United States",,"32.315422","-106.750680","58810.63","24","22","64.62","105.64","19","45","6.36","0.00","3.32","1.42","428"
"2025-06-09 18:34","2025-06-09 18:36",,"1","2347 East Lohman Avenue, Las Cruces, New Mexico 88001, United States",,"32.315422","-106.750680","58810.63","540 Walton Boulevard, Las Cruces, New Mexico 88001, United States",,"32.315720","-106.751450","58810.73","21","21","67.59","107.60","7","12","0.17","0.00","0.10","0.12","1200"
"2025-06-09 18:48","2025-06-09 18:49",,"0","540 Walton Boulevard, Las Cruces, New Mexico 88001, United States",,"32.315730","-106.751460","58810.74","571 Walton Boulevard, Las Cruces, New Mexico 88001, United States",,"32.315014","-106.751076","58810.80","20","20","68.18","110.30","12","12","0.17","0.00","0.06","0.08","1333"
"2025-06-09 19:26","2025-06-09 19:37",,"11","571 Walton Boulevard, Las Cruces, New Mexico 88001, United States",,"32.315014","-106.751076","58810.80","202 North Motel Boulevard, Las Cruces, New Mexico 88007, United States",,"32.296696","-106.812440","58814.82","18","16","67.68","104.90","27","47","4.85","0.00","4.02","1.04","259"
"2025-06-09 20:17","2025-06-09 20:43",,"25","202 North Motel Boulevard, Las Cruces, New Mexico 88007, United States",,"32.296696","-106.812440","58814.82","Interstate 25, Rincon, New Mexico 87936, United States",,"32.572617","-106.932655","58836.10","92","77","64.17","99.64","59","89","49.54","0.00","21.28","9.78","460"
"2025-06-09 20:48","2025-06-09 21:16",,"28","Interstate 25, Rincon, New Mexico 87936, United States",,"32.572617","-106.932655","58838.90","Interstate 25, Derry, New Mexico 87936, United States",,"32.864660","-107.289910","58871.40","74","51","63.09","90.82","71","99","62.93","0.00","32.05","14.32","447"
"2025-06-09 21:16","2025-06-09 21:39",,"22","Interstate 25, Derry, New Mexico 87936, United States",,"32.864660","-107.289910","58871.40","455 South Foch Street, Truth or Consequences, New Mexico 87901, United States",,"33.128340","-107.254250","58892.26","51","39","63.39","85.86","55","92","32.30","0.00","20.85","7.28","349"
"2025-06-09 21:57","2025-06-09 22:04",,"7","455 South Foch Street, Truth or Consequences, New Mexico 87901, United States",,"33.128310","-107.254250","58892.26","2201 F.G. Amin St, Truth or Consequences, New Mexico 87901, United States",,"33.155170","-107.251540","58894.71","39","37","72.09","85.44","23","43","6.28","0.00","2.43","1.40","576"
"2025-06-09 22:05","2025-06-09 22:06",,"1","2201 F.G. Amin St, Truth or Consequences, New Mexico 87901, United States",,"33.155170","-107.251540","58894.71","2201 F.G. Amin St, Truth or Consequences, New Mexico 87901, United States",,"33.155210","-107.251590","58894.72","37","36","65.84","82.40","0","0","0.17","0.00","0.01","-0.02","-2000"
"2025-06-09 22:32","2025-06-09 22:32",,"0","2201 F.G. Amin St, Truth or Consequences, New Mexico 87901, United States",,"33.155210","-107.251590","58894.73","2201 F.G. Amin St, Truth or Consequences, New Mexico 87901, United States",,"33.155235","-107.251570","58894.73","85","85","66.02","82.40","0","0","0.00","0.00","0.00","0.00",
"2025-06-09 22:32","2025-06-09 23:34",,"61","2201 F.G. Amin St, Truth or Consequences, New Mexico 87901, United States",,"33.155235","-107.251570","58894.73","Doc Holiday Lane, Socorro, New Mexico 87801, United States",,"34.071690","-106.893060","58967.08","85","36","66.02","77.22","69","88","133.64","0.00","72.35","30.38","420"
"2025-06-09 23:50","2025-06-09 23:50",,"0","Doc Holiday Lane, Socorro, New Mexico 87801, United States",,"34.071705","-106.893060","58967.09","Doc Holiday Lane, Socorro, New Mexico 87801, United States",,"34.071705","-106.893060","58967.09","73","73","67.46","72.50","0","0","0.00","0.00","0.00","0.00",
"2025-06-09 23:50","2025-06-09 23:51",,"0","Doc Holiday Lane, Socorro, New Mexico 87801, United States",,"34.071705","-106.893060","58967.09","Doc Holiday Lane, Socorro, New Mexico 87801, United States",,"34.071705","-106.893060","58967.09","73","73","68.14","72.50","0","0","0.00","0.00","0.00","0.00",
"2025-06-09 23:51","2025-06-10 01:02",,"71","Doc Holiday Lane, Socorro, New Mexico 87801, United States",,"34.071705","-106.893060","58967.09","8512 Summer Avenue Northeast, Albuquerque, New Mexico 87112, United States",,"35.092167","-106.550160","59048.82","73","21","63.88","69.84","71","89","138.91","0.00","81.68","31.82","390"
"2025-06-10 01:04","2025-06-10 01:18",,"14","8512 Summer Avenue Northeast, Albuquerque, New Mexico 87112, United States",,"35.092167","-106.550160","59048.82","1701 Martha Street Northeast, Albuquerque, New Mexico 87112, United States",,"35.100010","-106.521160","59051.53","21","19","65.70","72.93","26","42","5.61","0.00","2.70","1.28","474"
"2025-06-10 01:26","2025-06-10 01:33",,"7","1701 Martha Street Northeast, Albuquerque, New Mexico 87112, United States",,"35.100014","-106.521160","59051.53","2261 Uptown Loop Road Northeast, Albuquerque, New Mexico 87110, United States",,"35.104225","-106.565710","59054.54","19","18","64.18","70.70","22","39","3.60","0.00","2.99","0.86","288"
"2025-06-10 02:30","2025-06-10 03:19",,"48","2261 Uptown Loop Road Northeast, Albuquerque, New Mexico 87110, United States",,"35.104225","-106.565710","59054.54","113 Indian Service Route 22, Cubero, New Mexico 87007, United States",,"35.034138","-107.472420","59109.68","98","66","59.23","68.32","69","84","88.62","0.00","55.14","20.06","364"
"2025-06-10 03:19","2025-06-10 03:57",,"38","113 Indian Service Route 22, Cubero, New Mexico 87007, United States",,"35.034138","-107.472420","59109.68","Frontage Road, Prewitt, New Mexico 87045, United States",,"35.368107","-108.057610","59154.74","66","39","58.64","60.51","72","79","72.22","0.00","44.93","16.20","361"
"2025-06-10 04:03","2025-06-10 04:47",,"43","Frontage Road, Prewitt, New Mexico 87045, United States",,"35.368110","-108.057630","59154.74","3307 West Historic Highway 66, Gallup, New Mexico 87301, United States",,"35.505710","-108.826485","59201.67","39","15","64.06","56.97","67","83","64.10","0.00","46.93","14.48","309"
"2025-06-10 04:53","2025-06-10 04:56",,"2","3307 West Historic Highway 66, Gallup, New Mexico 87301, United States",,"35.505695","-108.826485","59201.68","111 Twin Buttes Road, Gallup, New Mexico 87301, United States",,"35.505306","-108.828030","59201.93","15","15","64.58","63.50","13","22","0.59","0.00","0.26","0.12","462"
"2025-06-10 06:17","2025-06-10 06:17",,"0","111 Twin Buttes Road, Gallup, New Mexico 87301, United States",,"35.505310","-108.828050","59201.94","111 Twin Buttes Road, Gallup, New Mexico 87301, United States",,"35.505356","-108.827900","59201.94","100","100","64.22","63.50","0","0","0.17","0.00","0.00","0.00",
"2025-06-10 06:32","2025-06-10 06:35",,"3","111 Twin Buttes Road, Gallup, New Mexico 87301, United States",,"35.505356","-108.827900","59201.94","103 Plaza Avenue, Gallup, New Mexico 87301, United States",,"35.507114","-108.826440","59202.54","99","99","64.08","61.70","20","29","0.92","0.00","0.58","0.24","414"
"2025-06-10 08:37","2025-06-10 09:05",,"28","103 Plaza Avenue, Gallup, New Mexico 87301, United States",,"35.507114","-108.826440","59202.54","1039 US Route 491, Gallup, New Mexico 87301, United States",,"35.659016","-108.769745","59226.58","95","83","62.62","66.90","51","74","31.80","0.00","24.05","7.16","298"
"2025-06-10 09:37","2025-06-10 09:56",,"18","1039 US Route 491, Gallup, New Mexico 87301, United States",,"35.659008","-108.769760","59226.58","US Route 491, Tohatchi, New Mexico 87375, United States",,"35.876015","-108.700200","59243.62","82","74","62.60","73.13","59","81","21.51","0.00","17.03","4.98","292"
"2025-06-10 09:57","2025-06-10 10:04",,"7","US Route 491, Tohatchi, New Mexico 87375, United States",,"35.876020","-108.700180","59243.62","US Route 491, Tohatchi, New Mexico 87375, United States",,"35.936960","-108.652890","59249.29","74","71","62.60","72.10","62","73","6.61","0.00","5.45","1.48","272"
"2025-06-10 10:28","2025-06-10 10:37",,"8","US Route 491, Tohatchi, New Mexico 87375, United States",,"35.936947","-108.652890","59249.30","US Route 491, Tohatchi, New Mexico 87375, United States",,"36.055220","-108.678900","59257.64","70","67","62.60","77.45","65","71","8.20","0.00","8.34","1.88","225"
"2025-06-11 02:01","2025-06-11 02:02",,"1","US Route 160, Towaoc, Colorado 81321, United States",,"37.201430","-108.685860","59339.38","1510 East Main Street, Cortez, Colorado 81321, United States",,"37.349510","-108.566220","59339.39","0","0","75.38","62.60","0","0","0.00","0.00","0.01","0.00","0"
"2025-06-11 07:54","2025-06-11 07:55",,"0","1510 East Main Street, Cortez, Colorado 81321, United States",,"37.349530","-108.566216","59339.39","1580 East Main Street, Cortez, Colorado 81321, United States",,"37.349808","-108.565480","59339.48","95","95","66.02","59.00","13","13","0.25","0.00","0.09","0.02","222"
"2025-06-11 08:08","2025-06-11 08:10",,"1","1580 East Main Street, Cortez, Colorado 81321, United States",,"37.349808","-108.565480","59339.53","1510 East Main Street, Cortez, Colorado 81321, United States",,"37.349667","-108.566230","59339.67","95","95","66.02","57.20","8","8","0.17","0.00","0.14","0.12","857"
"2025-06-11 10:00","2025-06-11 10:11",,"11","1510 East Main Street, Cortez, Colorado 81321, United States",,"37.349667","-108.566230","59339.68","1580 East Main Street, Cortez, Colorado 81321, United States",,"37.349712","-108.565600","59339.96","99","98","64.54","73.92","15","15","1.51","0.00","0.28","0.38","1357"
"2025-06-11 10:12","2025-06-11 10:15",,"3","1580 East Main Street, Cortez, Colorado 81321, United States",,"37.349712","-108.565600","59339.96","505 East Main Street, Cortez, Colorado 81321, United States",,"37.349070","-108.577950","59340.81","98","98","61.43","77.45","16","42","1.59","0.00","0.85","0.38","447"
"2025-06-11 10:56","2025-06-11 11:42",,"46","505 East Main Street, Cortez, Colorado 81321, United States",,"37.349070","-108.577950","59340.82","Four Corners Road, Teec Nos Pos, Arizona 86514, United States",,"36.998425","-109.045730","59380.48","95","79","60.80","81.09","58","73","43.68","0.00","39.66","9.90","250"
"2025-06-11 12:39","2025-06-11 12:49",,"10","Four Corners Road, Teec Nos Pos, Arizona 86514, United States",,"36.998425","-109.045730","59380.49","US Route 160, Cortez, New Mexico 86514, United States",,"36.992690","-109.041790","59382.44","76","74","65.88","90.01","39","56","5.27","0.00","1.96","1.20","612"
"2025-06-11 12:49","2025-06-11 14:11",,"81","US Route 160, Cortez, New Mexico 86514, United States",,"36.992690","-109.041790","59382.44","394 3 Highway 160, Kayenta, Arizona 86033, United States",,"36.707478","-110.252850","59461.43","74","29","63.91","89.85","62","83","121.76","0.00","78.98","27.42","347"
"2025-06-11 15:11","2025-06-11 15:39",,"28","394 3 Highway 160, Kayenta, Arizona 86033, United States",,"36.707478","-110.252850","59461.46","US Route 160, Leupp, Arizona 86054, United States",,"36.469402","-110.672900","59491.72","98","79","64.31","92.19","67","82","52.64","0.00","30.27","11.76","389"
"2025-06-11 15:51","2025-06-11 17:10",,"79","US Route 160, Leupp, Arizona 86054, United States",,"36.469402","-110.672900","59491.74","Arizona Highway 64, Marble Canyon, Arizona 86045, United States",,"35.939186","-111.667850","59573.82","78","33","64.81","97.92","63","73","121.17","0.00","82.07","27.24","332"
"2025-06-11 17:16","2025-06-11 17:22",,"5","Arizona Highway 64, Marble Canyon, Arizona 86045, United States",,"35.939186","-111.667840","59573.82","Williams–Grand Canyon–Cameron Highway, Grand Canyon, Arizona 86046, United States",,"35.923350","-111.736305","59578.13","33","28","78.08","94.75","56","63","12.97","0.00","4.09","2.90","709"
"2025-06-11 17:24","2025-06-11 17:36",,"12","Williams–Grand Canyon–Cameron Highway, Grand Canyon, Arizona 86046, United States",,"35.923350","-111.736305","59578.13","Williams–Grand Canyon–Cameron Highway, Grand Canyon, Arizona 86046, United States",,"36.027786","-111.827500","59588.19","28","20","66.94","90.19","54","73","23.51","0.00","10.06","5.32","529"
"2025-06-11 17:36","2025-06-11 18:24",,"47","Williams–Grand Canyon–Cameron Highway, Grand Canyon, Arizona 86046, United States",,"36.027786","-111.827500","59588.19","149 Williams–Grand Canyon–Cameron Highway, Tusayan, Arizona 86023, United States",,"35.970478","-112.127370","59617.04","20","11","65.35","85.71","40","50","24.02","0.00","28.85","5.48","190"
"2025-06-11 18:25","2025-06-11 18:26",,"0","149 Williams–Grand Canyon–Cameron Highway, Tusayan, Arizona 86023, United States",,"35.970478","-112.127370","59617.05","149 Arizona Highway 64, Grand Canyon, Arizona 86023, United States",,"35.970272","-112.127160","59617.11","11","11","64.22","86.90","7","7","0.00","0.00","0.01","0.00","0"
"2025-06-11 18:26","2025-06-11 18:30",,"4","149 Arizona Highway 64, Grand Canyon, Arizona 86023, United States",,"35.970272","-112.127160","59617.11","450 Arizona Highway 64, Tusayan, Arizona 86023, United States",,"35.974785","-112.127190","59617.51","11","10","66.58","87.91","9","23","1.09","0.00","0.40","0.26","650"
"2025-06-11 18:36","2025-06-11 18:40",,"4","450 Arizona Highway 64, Tusayan, Arizona 86023, United States",,"35.974785","-112.127190","59617.51","Long Jim Loop, Grand Canyon, Arizona 86023, United States",,"35.968950","-112.129425","59618.31","10","9","64.22","90.50","16","30","1.34","0.00","0.79","0.38","481"
"2025-06-11 22:07","2025-06-11 22:16",,"8","Long Jim Loop, Grand Canyon, Arizona 86023, United States",,"35.968950","-112.129425","59618.31","14579 Arizona Highway 64, Grand Canyon, Arizona 86023, United States",,"35.870106","-112.132940","59625.18","50","47","66.24","80.47","47","58","6.53","0.00","6.88","1.56","227"
"2025-06-11 22:19","2025-06-11 23:30",,"70","14579 Arizona Highway 64, Grand Canyon, Arizona 86023, United States",,"35.870106","-112.132940","59625.18","2650 S Beulah Blvd, Flagstaff, Arizona 86001, United States",,"35.174280","-111.663450","59698.44","48","11","67.87","72.12","64","84","98.91","0.00","73.26","22.42","306"
"2025-06-12 00:10","2025-06-12 00:15",,"5","2650 S Beulah Blvd, Flagstaff, Arizona 86001, United States",,"35.174280","-111.663450","59698.44","2765 South Woodlands Village Boulevard, Flagstaff, Arizona 86001, United States",,"35.174260","-111.665300","59698.77","85","85","77.90","75.20","5","12","0.50","0.00","0.31","0.12","387"
"2025-06-12 01:22","2025-06-12 01:24",,"1","2765 South Woodlands Village Boulevard, Flagstaff, Arizona 86001, United States",,"35.174260","-111.665300","59698.77","357 West Forest Meadows Street, Flagstaff, Arizona 86001, United States",,"35.178810","-111.662690","59699.18","84","84","77.63","77.00","25","30","0.75","0.00","0.41","0.22","537"
"2025-06-12 01:30","2025-06-12 01:33",,"3","357 West Forest Meadows Street, Flagstaff, Arizona 86001, United States",,"35.178810","-111.662690","59699.19","2765 South Woodlands Village Boulevard, Flagstaff, Arizona 86001, United States",,"35.174255","-111.665330","59699.64","84","84","77.97","76.78","11","31","0.50","0.00","0.45","0.12","267"
"2025-06-12 01:50","2025-06-12 01:50",,"0","2765 South Woodlands Village Boulevard, Flagstaff, Arizona 86001, United States",,"35.174255","-111.665330","59699.65","2765 South Woodlands Village Boulevard, Flagstaff, Arizona 86001, United States",,"35.174255","-111.665330","59699.65","84","84","76.28","73.40","0","0","0.00","0.00","0.00","0.00",
"2025-06-12 13:27","2025-06-12 13:28",,"0","2765 South Woodlands Village Boulevard, Flagstaff, Arizona 86001, United States",,"35.174260","-111.665310","59699.66","2765 South Woodlands Village Boulevard, Flagstaff, Arizona 86001, United States",,"35.173973","-111.665640","59699.68","79","79","70.34","81.50","2","2","0.00","0.00","0.01","0.00","0"
"2025-06-12 13:28","2025-06-12 13:28",,"0","2765 South Woodlands Village Boulevard, Flagstaff, Arizona 86001, United States",,"35.174270","-111.665344","59699.67","2765 South Woodlands Village Boulevard, Flagstaff, Arizona 86001, United States",,"35.173950","-111.665660","59699.68","79","79","68.54","81.50","2","2","0.17","0.00","0.00","0.00",
"2025-06-12 13:28","2025-06-12 13:28",,"0","2765 South Woodlands Village Boulevard, Flagstaff, Arizona 86001, United States",,"35.173973","-111.665640","59699.67","2765 South Woodlands Village Boulevard, Flagstaff, Arizona 86001, United States",,"35.173950","-111.665660","59699.68","79","79","68.54","81.50","2","2","0.00","0.00","0.01","0.00","0"
"2025-06-12 13:28","2025-06-12 13:29",,"0","2765 South Woodlands Village Boulevard, Flagstaff, Arizona 86001, United States",,"35.173950","-111.665660","59699.68","2765 South Woodlands Village Boulevard, Flagstaff, Arizona 86001, United States",,"35.173950","-111.665660","59699.68","79","79","68.54","81.50","0","0","0.00","0.00","0.00","0.00",
"2025-06-12 13:29","2025-06-12 13:29",,"0","2765 South Woodlands Village Boulevard, Flagstaff, Arizona 86001, United States",,"35.173950","-111.665660","59699.68","2765 South Woodlands Village Boulevard, Flagstaff, Arizona 86001, United States",,"35.173950","-111.665660","59699.68","79","79","69.08","81.50","0","0","0.00","0.00","0.00","0.00",
"2025-06-12 13:29","2025-06-12 14:02",,"32","2765 South Woodlands Village Boulevard, Flagstaff, Arizona 86001, United States",,"35.173950","-111.665660","59699.68","400 N 7th St, Williams, Arizona 86046, United States",,"35.251930","-112.195435","59733.65","79","58","68.43","82.53","62","85","55.82","0.00","33.96","12.62","372"
"2025-06-12 14:26","2025-06-12 14:27",,"0","400 N 7th St, Williams, Arizona 86046, United States",,"35.251930","-112.195435","59733.65","301 N 7th St, Williams, Arizona 86046, United States",,"35.251404","-112.195660","59733.66","90","90","62.29","83.30","11","11","0.00","0.00","0.01","-0.18","-18000"
"2025-06-12 15:48","2025-06-12 16:34",,"45","Purple Heart Trail, Seligman, Arizona 86018, United States",,"35.251038","-113.181430","59795.31","120 Andy Devine Avenue, Kingman, Arizona 86401, United States",,"35.189377","-114.058980","59849.59","54","24","66.20","94.21","72","96","80.17","0.00","54.27","17.88","329"
"2025-06-12 17:22","2025-06-12 17:23",,"0","120 Andy Devine Avenue, Kingman, Arizona 86401, United States",,"35.189380","-114.058975","59849.60","100 Andy Devine Avenue, Kingman, Arizona 86401, United States",,"35.189217","-114.057980","59849.61","95","95","71.60","102.20","3","3","0.00","0.00","0.01","0.00","0"
"2025-06-12 17:23","2025-06-12 17:24",,"0","100 Andy Devine Avenue, Kingman, Arizona 86401, United States",,"35.189217","-114.057980","59849.61","210 Andy Devine Avenue, Kingman, Arizona 86401, United States",,"35.189556","-114.060260","59849.72","95","95","71.06","103.28","6","8","0.50","0.00","0.11","0.14","1273"
"2025-06-12 17:33","2025-06-12 19:13",,"99","210 Andy Devine Avenue, Kingman, Arizona 86401, United States",,"35.189540","-114.060230","59849.83","Nipton Road, Nipton, California 92364, United States",,"35.460640","-115.298650","59952.04","94","36","64.72","100.40","63","87","157.66","0.00","102.21","35.46","347"
"2025-06-12 19:17","2025-06-12 20:03",,"46","Nipton Road, Nipton, California 92364, United States",,"35.460640","-115.298650","59952.04","Mill Road, Baker, California 92309, United States",,"35.262974","-116.081010","60000.95","36","17","66.61","99.91","66","84","53.05","0.00","48.91","12.00","245"
"2025-06-12 20:29","2025-06-12 21:19",,"50","Mill Road, Baker, California 92309, United States",,"35.262974","-116.081010","60000.95","1505 East Main Street, Barstow, California 92311, United States",,"34.893658","-117.002846","60062.21","76","24","63.61","103.62","73","84","139.41","0.00","61.25","31.94","521"
"2025-06-12 22:11","2025-06-13 00:05",,"114","1505 East Main Street, Barstow, California 92311, United States",,"34.893658","-117.002846","60062.21","505 North Normandie Avenue, Los Angeles, California 90004, United States",,"34.080303","-118.300530","60181.80","96","35","68.49","75.76","66","93","165.36","0.00","119.59","37.52","314"
"2025-06-13 00:05","2025-06-13 00:08",,"3","505 North Normandie Avenue, Los Angeles, California 90004, United States",,"34.080303","-118.300530","60181.80","4655 Maplewood Avenue, Los Angeles, California 90004, United States",,"34.079952","-118.305885","60182.14","35","35","68.58","67.60","13","17","0.25","0.00","0.34","0.06","176"
"2025-06-13 00:20","2025-06-13 00:20",,"0","4655 Maplewood Avenue, Los Angeles, California 90004, United States",,"34.079952","-118.305885","60182.14","4655 Maplewood Avenue, Los Angeles, California 90004, United States",,"34.079952","-118.305885","60182.14","35","35","70.70","68.00","0","0","0.00","0.00","0.00","0.00",
"2025-06-13 00:20","2025-06-13 00:20",,"0","4655 Maplewood Avenue, Los Angeles, California 90004, United States",,"34.079952","-118.305885","60182.14","4655 Maplewood Avenue, Los Angeles, California 90004, United States",,"34.079952","-118.305885","60182.14","35","35","70.70","68.00","0","0","0.00","0.00","0.00","0.02",
"2025-06-13 00:20","2025-06-13 00:33",,"12","4655 Maplewood Avenue, Los Angeles, California 90004, United States",,"34.079952","-118.305885","60182.14","4332 Kingswell Avenue, Los Angeles, California 90027, United States",,"34.102757","-118.284355","60185.39","35","33","69.22","68.00","20","32","5.86","0.00","3.26","1.34","411"
"2025-06-13 00:39","2025-06-13 00:41",,"1","4332 Kingswell Avenue, Los Angeles, California 90027, United States",,"34.102760","-118.284355","60185.40","4332 Kingswell Avenue, Los Angeles, California 90027, United States",,"34.102760","-118.284355","60185.40","32","32","68.90","67.10","0","0","0.00","0.00","0.00","0.04",
"2025-06-13 00:46","2025-06-13 00:57",,"10","4332 Kingswell Avenue, Los Angeles, California 90027, United States",,"34.102760","-118.284355","60185.40","4655 Maplewood Avenue, Los Angeles, California 90004, United States",,"34.079940","-118.305880","60188.32","32","31","68.90","68.83","17","38","2.93","0.00","2.92","0.62","212"
"2025-06-13 01:08","2025-06-13 01:26",,"18","4655 Maplewood Avenue, Los Angeles, California 90004, United States",,"34.079940","-118.305880","60188.33","541 North Kings Road, West Hollywood, California 90048, United States",,"34.081380","-118.372190","60192.55","31","29","68.90","67.68","22","36","5.36","0.00","4.22","1.24","294"
"2025-06-13 03:53","2025-06-13 03:55",,"2","541 North Kings Road, West Hollywood, California 90048, United States",,"34.081367","-118.372190","60192.56","8489 Beverly Boulevard, Los Angeles, California 90048, United States",,"34.076332","-118.376170","60193.36","28","27","71.87","68.00","16","33","0.84","0.00","0.63","0.20","317"
"2025-06-13 03:55","2025-06-13 05:00",,"64","8489 Beverly Boulevard, Los Angeles, California 90048, United States",,"34.076332","-118.376170","60193.36","520 North Kings Road, West Hollywood, California 90048, United States",,"34.080925","-118.372185","60210.59","27","20","71.22","68.00","20","38","20.17","0.00","17.23","4.50","261"
"2025-06-13 16:29","2025-06-13 16:46",,"17","520 North Kings Road, West Hollywood, California 90048, United States",,"34.080910","-118.372185","60210.61","167 South Hayworth Avenue, Los Angeles, California 90048, United States",,"34.072200","-118.362686","60213.27","17","15","65.52","77.38","17","49","6.28","0.00","2.66","1.60","602"
"2025-06-13 16:46","2025-06-13 16:49",,"2","167 South Hayworth Avenue, Los Angeles, California 90048, United States",,"34.072200","-118.362686","60213.27","7933 West Third Street, Los Angeles, California 90048, United States",,"34.071854","-118.362465","60213.39","15","14","65.30","77.00","3","10","0.50","0.00","0.13","0.14","1077"
"2025-06-13 17:21","2025-06-13 17:54",,"32","7933 West Third Street, Los Angeles, California 90048, United States",,"34.071854","-118.362465","60213.42","510 North Hobart Boulevard, Los Angeles, California 90004, United States",,"34.080116","-118.305820","60218.84","13","9","64.78","80.19","18","35","11.46","0.00","5.42","2.52","465"
"2025-06-13 18:01","2025-06-13 18:06",,"4","510 North Hobart Boulevard, Los Angeles, California 90004, United States",,"34.080116","-118.305820","60218.84","125 North Western Avenue, Los Angeles, California 90004, United States",,"34.073917","-118.309490","60219.58","9","8","64.24","78.80","9","24","1.92","0.00","0.74","0.50","676"
"2025-06-13 18:12","2025-06-13 18:14",,"2","125 North Western Avenue, Los Angeles, California 90004, United States",,"34.073917","-118.309490","60219.58","125 North Western Avenue, Los Angeles, California 90004, United States",,"34.073917","-118.309490","60219.58","8","8","76.69","83.61","0","0","0.67","0.00","0.00","0.12",
"2025-06-13 18:19","2025-06-13 18:24",,"4","125 North Western Avenue, Los Angeles, California 90004, United States",,"34.073917","-118.309490","60219.58","4667 Maplewood Avenue, Los Angeles, California 90004, United States",,"34.079950","-118.306274","60220.19","7","7","67.23","83.48","9","24","2.01","0.00","0.61","0.44","721"
"2025-06-14 02:30","2025-06-14 02:45",,"15","4667 Maplewood Avenue, Los Angeles, California 90004, United States",,"34.079940","-118.306274","60220.19","541 North Kings Road, West Hollywood, California 90048, United States",,"34.081250","-118.372260","60224.79","86","84","69.67","65.30","23","40","5.10","0.00","4.60","1.20","261"
"2025-06-14 04:03","2025-06-14 04:03",,"0","541 North Kings Road, West Hollywood, California 90048, United States",,"34.081245","-118.372260","60224.80","541 North Kings Road, West Hollywood, California 90048, United States",,"34.081245","-118.372260","60224.80","83","83","71.78","67.10","0","0","0.00","0.00","0.00","0.02",
"2025-06-14 04:06","2025-06-14 04:30",,"23","541 North Kings Road, West Hollywood, California 90048, United States",,"34.081245","-118.372260","60224.80","6622 Hollywood Boulevard, Los Angeles, California 90028, United States",,"34.101498","-118.334206","60233.02","83","79","71.92","65.82","25","37","10.79","0.00","8.23","2.46","299"
"2025-06-14 04:30","2025-06-14 04:30",,"0","6622 Hollywood Boulevard, Los Angeles, California 90028, United States",,"34.101500","-118.334145","60233.02","6622 Hollywood Boulevard, Los Angeles, California 90028, United States",,"34.101498","-118.334206","60233.02","79","79","72.68","65.30","0","1","0.00","0.00","0.00","0.00",
"2025-06-14 04:30","2025-06-14 04:44",,"14","6622 Hollywood Boulevard, Los Angeles, California 90028, United States",,"34.101498","-118.334206","60233.02","463 Riverside Drive, Burbank, California 91506, United States",,"34.161324","-118.309690","60239.26","79","76","72.93","64.89","34","68","8.45","0.00","6.24","1.90","304"
"2025-06-14 04:48","2025-06-14 04:50",,"2","463 Riverside Drive, Burbank, California 91506, United States",,"34.161324","-118.309690","60239.27","1851 Riverside Drive, Glendale, California 91201, United States",,"34.161490","-118.306030","60239.84","76","76","73.42","64.40","22","25","0.75","0.00","0.56","0.12","214"
"2025-06-14 05:13","2025-06-14 05:32",,"19","1851 Riverside Drive, Glendale, California 91201, United States",,"34.161490","-118.306030","60239.84","12806 Riverside Drive, Valley Village, California 91607, United States",,"34.157528","-118.411840","60249.09","76","71","74.41","64.90","32","68","11.88","0.00","9.26","2.68","289"
"2025-06-14 06:08","2025-06-14 06:12",,"4","12806 Riverside Drive, Valley Village, California 91607, United States",,"34.157524","-118.411865","60249.11","12860 Riverside Drive, Valley Village, California 91607, United States",,"34.157240","-118.413320","60251.22","71","70","73.83","65.30","30","64","3.43","0.00","2.08","0.68","327"
"2025-06-14 06:12","2025-06-14 06:14",,"1","12860 Riverside Drive, Valley Village, California 91607, United States",,"34.157240","-118.413320","60251.22","12764 Riverside Drive, Valley Village, California 91607, United States",,"34.157524","-118.411620","60251.34","70","70","74.12","65.30","8","8","0.17","0.00","0.12","0.02","167"
"2025-06-14 06:14","2025-06-14 06:33",,"19","12764 Riverside Drive, Valley Village, California 91607, United States",,"34.157524","-118.411620","60251.34","537 North Kings Road, West Hollywood, California 90048, United States",,"34.081238","-118.372246","60258.99","70","68","74.12","64.42","28","44","4.77","0.00","7.65","1.08","141"
"2025-06-14 06:33","2025-06-14 06:34",,"0","537 North Kings Road, West Hollywood, California 90048, United States",,"34.081207","-118.372230","60258.99","537 North Kings Road, West Hollywood, California 90048, United States",,"34.081238","-118.372246","60258.99","68","68","74.12","63.50","0","0","0.00","0.00","0.00","0.00",
"2025-06-14 16:46","2025-06-14 16:55",,"9","537 North Kings Road, West Hollywood, California 90048, United States",,"34.081245","-118.372250","60259.00","7321 Oakwood Avenue, Los Angeles, California 90036, United States",,"34.078224","-118.349470","60260.50","60","58","66.13","80.78","15","24","3.85","0.00","1.51","0.88","583"
"2025-06-14 16:55","2025-06-14 17:15",,"20","7321 Oakwood Avenue, Los Angeles, California 90036, United States",,"34.078224","-118.349470","60260.50","2734 Council Street, Los Angeles, California 90026, United States",,"34.071724","-118.277770","60265.24","58","55","66.02","79.70","20","34","8.37","0.00","4.72","1.96","415"
"2025-06-14 17:16","2025-06-14 17:22",,"6","2734 Council Street, Los Angeles, California 90026, United States",,"34.071724","-118.277770","60265.24","2730 Council Street, Los Angeles, California 90026, United States",,"34.071514","-118.277824","60265.26","55","55","66.02","79.70","2","3","1.00","0.00","0.02","0.24","12000"
"2025-06-14 17:33","2025-06-14 17:34",,"0","2730 Council Street, Los Angeles, California 90026, United States",,"34.071514","-118.277824","60265.26","2732 Council Street, Los Angeles, California 90026, United States",,"34.071636","-118.277830","60265.28","54","54","66.02","83.30","0","1","0.17","0.00","0.02","0.02","1000"
"2025-06-14 17:34","2025-06-14 17:54",,"19","2732 Council Street, Los Angeles, California 90026, United States",,"34.071636","-118.277830","60265.28","251 North Beachwood Drive, Los Angeles, California 90004, United States",,"34.076057","-118.321600","60268.42","54","52","66.36","80.87","18","36","5.86","0.00","3.06","1.42","464"
"2025-06-14 17:54","2025-06-14 18:14",,"19","251 North Beachwood Drive, Los Angeles, California 90004, United States",,"34.076057","-118.321600","60268.42","537 North Kings Road, West Hollywood, California 90048, United States",,"34.081230","-118.372246","60272.50","52","49","65.52","79.70","17","44","6.78","0.00","4.08","1.50","368"
"2025-06-14 18:19","2025-06-14 18:22",,"3","537 North Kings Road, West Hollywood, California 90048, United States",,"34.081230","-118.372246","60272.50","541 North Kings Road, West Hollywood, California 90048, United States",,"34.081340","-118.372540","60272.57","49","49","68.59","79.70","5","5","0.67","0.00","0.07","0.16","2286"
"2025-06-14 18:22","2025-06-14 18:23",,"0","541 North Kings Road, West Hollywood, California 90048, United States",,"34.081340","-118.372540","60272.57","541 North Kings Road, West Hollywood, California 90048, United States",,"34.081284","-118.372490","60272.58","49","49","67.48","79.70","0","1","0.17","0.00","0.01","0.08","8000"
"2025-06-14 23:55","2025-06-14 23:55",,"0","541 North Kings Road, West Hollywood, California 90048, United States",,"34.081280","-118.372500","60272.59","541 North Kings Road, West Hollywood, California 90048, United States",,"34.081280","-118.372500","60272.59","47","47","71.60","71.60","0","0","0.00","0.00","0.00","0.00",
"2025-06-15 00:31","2025-06-15 00:32",,"1","541 North Kings Road, West Hollywood, California 90048, United States",,"34.081276","-118.372505","60272.59","8415 Rosewood Avenue, Los Angeles, California 90048, United States",,"34.080170","-118.373050","60272.67","47","46","63.05","71.60","9","13","0.17","0.00","0.08","0.02","250"
"2025-06-15 00:32","2025-06-15 00:40",,"7","8415 Rosewood Avenue, Los Angeles, California 90048, United States",,"34.080170","-118.373050","60272.67","668 North La Peer Drive, West Hollywood, California 90069, United States",,"34.082657","-118.386420","60273.75","46","46","62.24","69.17","11","20","1.76","0.00","1.08","0.52","481"
"2025-06-15 04:19","2025-06-15 04:38",,"18","654 North La Peer Drive, West Hollywood, California 90069, United States",,"34.082640","-118.386430","60273.75","334 North Westlake Avenue, Los Angeles, California 90026, United States",,"34.069675","-118.266460","60281.82","45","38","60.93","65.53","34","84","19.92","0.00","7.97","4.42","555"
"2025-06-15 04:38","2025-06-15 05:09",,"30","334 North Westlake Avenue, Los Angeles, California 90026, United States",,"34.069668","-118.266420","60281.82","5806 Harold Way, Los Angeles, California 90028, United States",,"34.099270","-118.316010","60294.64","38","32","59.41","64.00","28","72","15.90","0.00","12.79","3.54","277"
"2025-06-15 05:09","2025-06-15 05:24",,"15","5806 Harold Way, Los Angeles, California 90028, United States",,"34.099270","-118.316010","60294.64","541 North Kings Road, West Hollywood, California 90048, United States",,"34.081375","-118.372340","60299.31","31","28","59.04","63.50","19","44","8.03","0.00","4.67","1.84","394"
"2025-06-15 05:24","2025-06-15 05:28",,"3","541 North Kings Road, West Hollywood, California 90048, United States",,"34.081375","-118.372340","60299.31","541 North Kings Road, West Hollywood, California 90048, United States",,"34.081314","-118.372490","60299.32","28","28","59.20","64.63","0","1","0.33","0.00","0.01","0.02","2000"
"2025-06-15 06:12","2025-06-15 06:12",,"0","541 North Kings Road, West Hollywood, California 90048, United States",,"34.081287","-118.372505","60299.32","541 North Kings Road, West Hollywood, California 90048, United States",,"34.081287","-118.372505","60299.32","28","28","72.68","70.70","0","0","0.00","0.00","0.00","0.00",
"2025-06-15 06:12","2025-06-15 06:13",,"1","541 North Kings Road, West Hollywood, California 90048, United States",,"34.081287","-118.372505","60299.32","537 North Kings Road, West Hollywood, California 90048, United States",,"34.081140","-118.372260","60299.35","28","28","72.68","70.70","2","2","0.17","0.00","0.03","-0.02","-667"
"2025-06-15 06:16","2025-06-15 07:01",,"44","537 North Kings Road, West Hollywood, California 90048, United States",,"34.081140","-118.372260","60299.36","544 East Broadway, Long Beach, California 90802, United States",,"33.769150","-118.185440","60333.21","28","13","71.47","65.53","50","68","40.17","0.00","33.83","9.10","269"
"2025-06-15 07:25","2025-06-15 07:25",,"0","544 East Broadway, Long Beach, California 90802, United States",,"33.769157","-118.185450","60333.21","544 East Broadway, Long Beach, California 90802, United States",,"33.769135","-118.185430","60333.21","12","12","59.72","64.40","0","0","0.00","0.00","0.00","0.00",
"2025-06-15 07:25","2025-06-15 07:48",,"22","544 East Broadway, Long Beach, California 90802, United States",,"33.769135","-118.185430","60333.21","5800 Firestone Boulevard, South Gate, California 90280, United States",,"33.948727","-118.164260","60347.66","12","3","66.34","64.92","45","73","25.10","0.00","14.45","5.60","388"
"2025-06-15 08:25","2025-06-15 09:38",,"72","5800 Firestone Boulevard, South Gate, California 90280, United States",,"33.948727","-118.164280","60347.69","15020 La Mirada Boulevard, La Mirada, California 90638, United States",,"33.895023","-118.007770","60397.25","85","58","64.18","64.58","49","84","72.89","0.00","49.54","16.62","335"
"2025-06-15 09:45","2025-06-15 10:26",,"40","15020 La Mirada Boulevard, La Mirada, California 90638, United States",,"33.895030","-118.007760","60397.25","Vermont Canyon Road, Los Angeles, California 90027, United States",,"34.123160","-118.299500","60424.56","57","41","66.94","66.69","46","77","42.85","0.00","27.31","9.68","354"
"2025-06-15 10:54","2025-06-15 11:20",,"26","Vermont Canyon Road, Los Angeles, California 90027, United States",,"34.123160","-118.299500","60424.56","137 North Fairfax Avenue, Los Angeles, California 90036, United States",,"34.075390","-118.361650","60433.20","41","39","62.37","70.38","22","44","5.94","0.00","8.64","1.34","155"
"2025-06-15 11:30","2025-06-15 11:38",,"7","137 North Fairfax Avenue, Los Angeles, California 90036, United States",,"34.075410","-118.361660","60433.21","541 North Kings Road, West Hollywood, California 90048, United States",,"34.081318","-118.372490","60434.39","38","38","64.96","75.79","10","33","2.93","0.00","1.17","0.64","547"
"2025-06-15 16:45","2025-06-15 16:57",,"11","541 North Kings Road, West Hollywood, California 90048, United States",,"34.081290","-118.372500","60434.39","5820 Melrose Avenue, Los Angeles, California 90004, United States",,"34.083350","-118.327140","60437.10","36","33","73.53","79.70","20","34","5.69","0.00","2.71","1.24","458"
"2025-06-15 17:01","2025-06-15 17:08",,"6","5820 Melrose Avenue, Los Angeles, California 90004, United States",,"34.083350","-118.327140","60437.15","4655 Maplewood Avenue, Los Angeles, California 90004, United States",,"34.079956","-118.305860","60438.66","33","32","74.03","86.72","23","36","2.59","0.00","1.51","0.62","411"
"2025-06-15 17:08","2025-06-15 17:09",,"1","4655 Maplewood Avenue, Los Angeles, California 90004, United States",,"34.079956","-118.305860","60438.66","4655 Maplewood Avenue, Los Angeles, California 90004, United States",,"34.079956","-118.305860","60438.66","32","32","71.38","86.90","0","0","0.17","0.00","0.00","0.00",
"2025-06-15 17:19","2025-06-15 17:23",,"4","4655 Maplewood Avenue, Los Angeles, California 90004, United States",,"34.079952","-118.305900","60438.66","4122 West 2nd Street, Los Angeles, California 90004, United States",,"34.071167","-118.303696","60439.57","32","32","81.86","85.10","16","23","2.26","0.00","0.91","0.50","549"
"2025-06-15 17:23","2025-06-15 17:32",,"8","4122 West 2nd Street, Los Angeles, California 90004, United States",,"34.071167","-118.303696","60439.57","130 North Mariposa Avenue, Los Angeles, California 90004, United States",,"34.073720","-118.299270","60441.07","32","30","73.63","85.10","11","22","4.02","0.00","1.50","0.92","613"
"2025-06-15 18:01","2025-06-15 18:29",,"27","130 North Mariposa Avenue, Los Angeles, California 90004, United States",,"34.073720","-118.299270","60441.08","541 North Kings Road, West Hollywood, California 90048, United States",,"34.081310","-118.372260","60449.23","30","24","72.01","83.84","22","50","14.39","0.00","8.15","3.24","398"
"2025-06-15 18:37","2025-06-15 19:34",,"57","541 North Kings Road, West Hollywood, California 90048, United States",,"34.081306","-118.372260","60449.25","350 Broadway, Santa Monica, California 90401, United States",,"34.014736","-118.493730","60467.61","24","12","68.61","77.52","27","76","32.05","0.00","18.36","7.16","390"
"2025-06-15 21:10","2025-06-15 21:38",,"27","350 Broadway, Santa Monica, California 90401, United States",,"34.014736","-118.493730","60467.62","537 North Kings Road, West Hollywood, California 90048, United States",,"34.081257","-118.372260","60478.66","95","88","66.90","78.08","31","80","18.24","0.00","11.04","4.18","379"
"2025-06-15 21:56","2025-06-15 22:02",,"6","537 North Kings Road, West Hollywood, California 90048, United States",,"34.081257","-118.372260","60478.66","686 North Robertson Boulevard, West Hollywood, California 90069, United States",,"34.083305","-118.385480","60479.77","88","87","65.26","75.09","18","40","2.59","0.00","1.11","0.62","559"
"2025-06-15 23:21","2025-06-15 23:21",,"0","686 North Robertson Boulevard, West Hollywood, California 90069, United States",,"34.083305","-118.385480","60479.77","686 North Robertson Boulevard, West Hollywood, California 90069, United States",,"34.083305","-118.385480","60479.77","87","87","77.72","76.10","0","0","0.00","0.00","0.00","0.00",
"2025-06-15 23:21","2025-06-15 23:22",,"0","686 North Robertson Boulevard, West Hollywood, California 90069, United States",,"34.083305","-118.385480","60479.77","686 North Robertson Boulevard, West Hollywood, California 90069, United States",,"34.083305","-118.385480","60479.77","87","87","76.23","76.10","0","0","0.00","0.00","0.00","0.02",
"2025-06-15 23:22","2025-06-15 23:45",,"23","686 North Robertson Boulevard, West Hollywood, California 90069, United States",,"34.083305","-118.385480","60479.77","764 South Harvard Boulevard, Los Angeles, California 90005, United States",,"34.058060","-118.304120","60486.47","87","84","69.17","71.91","22","42","7.45","0.00","6.66","1.90","285"
"2025-06-16 03:54","2025-06-16 04:00",,"6","764 South Harvard Boulevard, Los Angeles, California 90005, United States",,"34.058056","-118.304120","60486.48","South Normandie Avenue, Los Angeles, California 90004, United States",,"34.083218","-118.300470","60488.41","82","81","73.36","69.03","19","29","3.85","0.00","1.94","0.84","433"
"2025-06-16 04:00","2025-06-16 04:03",,"3","South Normandie Avenue, Los Angeles, California 90004, United States",,"34.083218","-118.300470","60488.41","5806 Harold Way, Los Angeles, California 90028, United States",,"34.099346","-118.316050","60490.12","81","80","73.40","67.55","29","60","2.51","0.00","1.67","0.54","323"
"2025-06-16 04:04","2025-06-16 04:12",,"7","5805 Harold Way, Los Angeles, California 90028, United States",,"34.099346","-118.316070","60490.12","7101 Melrose Avenue, Los Angeles, California 90046, United States",,"34.083650","-118.344520","60492.83","80","78","73.40","67.10","30","50","6.44","0.00","2.68","1.50","560"
"2025-06-16 04:16","2025-06-16 04:17",,"0","7101 Melrose Avenue, Los Angeles, California 90046, United States",,"34.083660","-118.344550","60492.83","7101 Melrose Avenue, Los Angeles, California 90046, United States",,"34.083633","-118.344520","60492.83","78","78","77.00","67.10","0","0","0.00","0.00","0.00","0.00",
"2025-06-16 04:17","2025-06-16 04:23",,"5","7101 Melrose Avenue, Los Angeles, California 90046, United States",,"34.083633","-118.344520","60492.83","541 North Kings Road, West Hollywood, California 90048, United States",,"34.081364","-118.372430","60494.60","78","77","74.39","67.10","20","42","2.34","0.00","1.77","0.50","282"
"2025-06-16 04:30","2025-06-16 04:31",,"0","541 North Kings Road, West Hollywood, California 90048, United States",,"34.081364","-118.372430","60494.60","541 North Kings Road, West Hollywood, California 90048, United States",,"34.081295","-118.372490","60494.62","77","77","73.40","68.90","0","1","0.17","0.00","0.01","0.00","0"
"2025-06-16 16:38","2025-06-16 16:38",,"0","541 North Kings Road, West Hollywood, California 90048, United States",,"34.081295","-118.372490","60494.62","541 North Kings Road, West Hollywood, California 90048, United States",,"34.081295","-118.372490","60494.62","72","72","82.40","78.80","0","0","0.00","0.00","0.00","0.02",
"2025-06-16 16:38","2025-06-16 16:39",,"0","541 North Kings Road, West Hollywood, California 90048, United States",,"34.081295","-118.372490","60494.62","541 North Kings Road, West Hollywood, California 90048, United States",,"34.081295","-118.372490","60494.62","72","72","81.32","78.80","0","0","0.00","0.00","0.00","0.00",
"2025-06-16 16:39","2025-06-16 16:41",,"2","541 North Kings Road, West Hollywood, California 90048, United States",,"34.081295","-118.372490","60494.62","537 North Kings Road, West Hollywood, California 90048, United States",,"34.081287","-118.372246","60494.64","72","72","75.47","78.80","5","5","0.33","0.00","0.01","0.04","4000"
"2025-06-16 17:37","2025-06-16 17:50",,"13","537 North Kings Road, West Hollywood, California 90048, United States",,"34.081287","-118.372246","60494.64","142 South San Vicente Boulevard, Los Angeles, California 90048, United States",,"34.075012","-118.378640","60497.17","71","68","68.83","84.09","21","42","5.77","0.00","2.53","1.26","498"
"2025-06-16 17:50","2025-06-16 17:50",,"0","142 South San Vicente Boulevard, Los Angeles, California 90048, United States",,"34.075012","-118.378640","60497.17","142 South San Vicente Boulevard, Los Angeles, California 90048, United States",,"34.075012","-118.378640","60497.17","68","68","70.16","83.30","14","14","0.00","0.00","0.00","0.00",
"2025-06-16 17:50","2025-06-16 17:56",,"5","142 South San Vicente Boulevard, Los Angeles, California 90048, United States",,"34.075012","-118.378640","60497.17","546 North La Cienega Boulevard, West Hollywood, California 90048, United States",,"34.081540","-118.376510","60497.79","68","68","70.16","83.30","15","34","2.09","0.00","0.62","0.52","839"
"2025-06-16 17:56","2025-06-16 18:13",,"17","546 North La Cienega Boulevard, West Hollywood, California 90048, United States",,"34.081540","-118.376510","60497.79","6314 De Longpre Avenue, Los Angeles, California 90028, United States",,"34.096150","-118.327190","60501.71","68","64","70.16","85.57","14","38","9.21","0.00","3.87","2.06","532"
"2025-06-16 18:24","2025-06-16 19:58",,"94","6314 De Longpre Avenue, Los Angeles, California 90028, United States",,"34.096150","-118.327190","60501.71","1133 East Thompson Boulevard, Ventura, California 93001, United States",,"34.277283","-119.283280","60565.41","64","26","66.81","87.87","44","81","100.75","0.00","63.69","22.88","359"
"2025-06-16 20:23","2025-06-16 21:14",,"51","1133 East Thompson Boulevard, Ventura, California 93001, United States",,"34.277283","-119.283280","60565.41","10 Refugio Beach Road, Goleta, California 93117, United States",,"34.463154","-120.070465","60616.39","81","54","65.05","72.55","64","86","71.21","0.00","50.98","15.96","313"
"2025-06-16 22:08","2025-06-16 23:01",,"52","10 Refugio Beach Road, Goleta, California 93117, United States",,"34.463146","-120.070465","60616.39","1100 W Laurel Ave, Santa Maria, California 93436, United States",,"34.952904","-120.434730","60669.84","53","19","75.47","65.44","62","86","91.55","0.00","53.45","20.72","388"
"2025-06-16 23:12","2025-06-16 23:16",,"3","1100 W Laurel Ave, Santa Maria, California 93436, United States",,"34.952904","-120.434730","60669.84","120 North Elizabeth Street, Santa Maria, California 93454, United States",,"34.953323","-120.428185","60670.42","53","54","69.80","55.40","31","39","-1.26","0.00","0.51","-0.10","-196"
"2025-06-16 23:30","2025-06-17 00:29",,"58","120 North Elizabeth Street, Santa Maria, California 93454, United States",,"34.953323","-120.428185","60670.42","945 12th Street, Paso Robles, California 93446, United States",,"35.626778","-120.687126","60730.21","54","19","67.86","62.58","64","74","91.30","0.00","59.79","20.78","348"
"2025-06-17 00:29","2025-06-17 00:30",,"0","945 12th Street, Paso Robles, California 93446, United States",,"35.626778","-120.687126","60730.21","945 12th Street, Paso Robles, California 93446, United States",,"35.626760","-120.687120","60730.24","19","19","65.30","68.90","0","1","0.17","0.00","0.03","0.08","2667"
"2025-06-17 00:44","2025-06-17 00:45",,"0","945 12th Street, Paso Robles, California 93446, United States",,"35.626760","-120.687120","60730.24","1227 Pine Street, Paso Robles, California 93446, United States",,"35.627506","-120.688860","60730.39","59","59","66.88","68.90","8","8","0.42","0.00","0.08","0.08","1000"
"2025-06-17 00:57","2025-06-17 00:59",,"1","1227 Pine Street, Paso Robles, California 93446, United States",,"35.627506","-120.688860","60730.39","800 11th Street, Paso Robles, California 93446, United States",,"35.625786","-120.689840","60730.56","59","59","68.14","69.49","10","13","0.50","0.00","0.14","0.12","857"
"2025-06-17 01:02","2025-06-17 01:07",,"4","800 11th Street, Paso Robles, California 93446, United States",,"35.625786","-120.689840","60730.56","1201 Ysabel Street, Paso Robles, California 93446, United States",,"35.642345","-120.686750","60732.29","59","58","66.88","72.19","28","66","2.93","0.00","1.73","0.64","370"
"2025-06-17 01:14","2025-06-17 01:14",,"0","1201 Ysabel Street, Paso Robles, California 93446, United States",,"35.642345","-120.686750","60732.29","1201 Ysabel Street, Paso Robles, California 93446, United States",,"35.642345","-120.686750","60732.29","57","57","68.90","70.70","0","0","0.00","0.00","0.00","0.00",
"2025-06-17 01:14","2025-06-17 01:14",,"0","1201 Ysabel Street, Paso Robles, California 93446, United States",,"35.642345","-120.686750","60732.29","1201 Ysabel Street, Paso Robles, California 93446, United States",,"35.642345","-120.686750","60732.29","57","57","68.90","70.70","0","0","0.00","0.00","0.00","0.00",
"2025-06-17 01:14","2025-06-17 02:06",,"52","1201 Ysabel Street, Paso Robles, California 93446, United States",,"35.642345","-120.686750","60732.29","El Camino Real, Greenfield, California 93927, United States",,"36.299164","-121.216110","60792.11","57","18","65.75","61.52","71","91","105.10","0.00","59.81","23.88","399"
"2025-06-17 02:19","2025-06-17 02:21",,"1","El Camino Real, Greenfield, California 93927, United States",,"36.299168","-121.216120","60792.24","41997 El Camino Real, Greenfield, California 93927, United States",,"36.312820","-121.232470","60793.24","18","17","74.30","54.50","51","66","2.85","0.00","1.00","0.54","540"
"2025-06-17 02:21","2025-06-17 02:32",,"11","41997 El Camino Real, Greenfield, California 93927, United States",,"36.312820","-121.232470","60793.24","2080 H Dela Rosa Sr Street, Soledad, California 93960, United States",,"36.418476","-121.320335","60803.16","17","11","74.30","54.50","45","70","17.24","0.00","9.92","3.98","401"
"2025-06-17 03:09","2025-06-17 03:50",,"41","2080 H Dela Rosa Sr Street, Soledad, California 93960, United States",,"36.418476","-121.320335","60803.16","79 Castro Street, Salinas, California 93906, United States",,"36.722267","-121.656630","60837.07","87","65","74.05","54.50","52","75","59.16","0.00","33.91","13.54","399"
"2025-06-17 10:53","2025-06-17 11:25",,"31","79 Castro Street, Salinas, California 93906, United States",,"36.722270","-121.656640","60837.08","San Ysidro & Leavesley, Gilroy, California 95020, United States",,"37.024400","-121.565230","60868.50","52","35","65.39","64.15","59","83","45.10","0.00","31.42","10.18","324"
"2025-06-17 11:47","2025-06-17 13:31",,"103","San Ysidro & Leavesley, Gilroy, California 95020, United States",,"37.024400","-121.565230","60868.50","580 Bryant Street, San Francisco, California 94107, United States",,"37.779980","-122.397896","60955.94","81","37","64.71","70.97","54","83","118.33","0.00","87.44","27.28","312"
"2025-06-17 13:31","2025-06-17 13:42",,"10","580 Bryant Street, San Francisco, California 94107, United States",,"37.779980","-122.397896","60955.94","286 King Street, San Francisco, California 94107, United States",,"37.777170","-122.393850","60957.09","37","36","64.92","68.90","13","27","2.34","0.00","1.15","0.60","522"
"2025-06-17 14:06","2025-06-17 14:48",,"41","286 King Street, San Francisco, California 94107, United States",,"37.777170","-122.393850","60957.11","225 Stockton Street, San Francisco, California 94108, United States",,"37.787860","-122.407830","60961.06","36","32","65.55","69.82","12","33","9.29","0.00","3.95","2.08","527"
"2025-06-17 15:25","2025-06-17 15:41",,"15","234 San, San Francisco, California 94103, United States",,"37.787810","-122.407776","60961.07","619 Post Street, San Francisco, California 94109, United States",,"37.787870","-122.412140","60961.80","32","30","64.54","74.37","14","22","3.35","0.00","0.73","0.76","1041"
"2025-06-17 15:41","2025-06-17 15:42",,"0","619 Post Street, San Francisco, California 94109, United States",,"37.787860","-122.412210","60961.80","619 Post Street, San Francisco, California 94109, United States",,"37.787870","-122.412140","60961.80","30","30","67.46","71.60","0","1","0.17","0.00","0.00","0.02",
"2025-06-17 16:00","2025-06-17 16:05",,"4","619 Post Street, San Francisco, California 94109, United States",,"37.787876","-122.412140","60961.81","818 Leavenworth Street, San Francisco, California 94109, United States",,"37.788788","-122.414920","60962.12","29","28","58.01","72.50","4","16","2.26","0.00","0.32","0.52","1625"
"2025-06-18 10:05","2025-06-18 10:05",,"0","818 Leavenworth Street, San Francisco, California 94109, United States",,"37.788780","-122.414955","60962.12","818 Leavenworth Street, San Francisco, California 94109, United States",,"37.788870","-122.414950","60962.12","22","22","77.00","66.20","0","0","0.17","0.00","0.00","0.00",
"2025-06-18 10:36","2025-06-18 10:41",,"4","818 Leavenworth Street, San Francisco, California 94109, United States",,"37.788870","-122.414950","60962.12","624 Post Street, San Francisco, California 94109, United States",,"37.787876","-122.412224","60962.45","22","22","68.76","64.81","12","19","0.84","0.00","0.33","0.10","303"
"2025-06-18 10:46","2025-06-18 10:48",,"1","624 Post Street, San Francisco, California 94109, United States",,"37.787876","-122.412224","60962.45","615 Taylor Street, San Francisco, California 94102, United States",,"37.788070","-122.411830","60962.51","22","22","75.09","62.60","0","1","0.17","0.00","0.06","0.02","333"
"2025-06-18 10:53","2025-06-18 10:54",,"0","615 Taylor Street, San Francisco, California 94102, United States",,"37.788055","-122.411835","60962.52","50 Cosmo Place, San Francisco, California 94109, United States",,"37.788143","-122.412605","60962.57","22","21","65.48","62.60","0","1","0.17","0.00","0.05","0.02","400"
"2025-06-18 10:55","2025-06-18 10:58",,"3","50 Cosmo Place, San Francisco, California 94109, United States",,"37.788174","-122.412610","60962.57","624 Post Street, San Francisco, California 94109, United States",,"37.787900","-122.412150","60962.72","21","21","64.98","62.60","9","9","0.50","0.00","0.13","0.06","462"
"2025-06-18 11:04","2025-06-18 11:06",,"1","624 Post Street, San Francisco, California 94109, United States",,"37.787890","-122.412180","60962.72","50 Cosmo Place, San Francisco, California 94109, United States",,"37.788223","-122.412650","60962.82","21","21","76.64","62.60","5","5","0.50","0.00","0.09","0.06","667"
"2025-06-18 18:43","2025-06-18 18:43",,"0","50 Cosmo Place, San Francisco, California 94109, United States",,"37.788230","-122.412650","60962.84","50 Cosmo Place, San Francisco, California 94109, United States",,"37.788230","-122.412650","60962.84","19","19","90.95","71.60","0","0","0.00","0.00","0.00","0.00",
"2025-06-18 19:07","2025-06-18 19:23",,"16","50 Cosmo Place, San Francisco, California 94109, United States",,"37.788230","-122.412650","60962.84","25 Masonic Avenue, San Francisco, California 94118, United States",,"37.781930","-122.447130","60965.20","17","14","68.38","68.18","15","37","7.87","0.00","2.37","1.88","793"
"2025-06-18 20:09","2025-06-18 20:17",,"7","25 Masonic Avenue, San Francisco, California 94118, United States",,"37.781940","-122.447140","60965.21","1075 O'farrell Street, San Francisco, California 94109, United States",,"37.784620","-122.422040","60966.74","93","93","66.34","65.30","15","37","1.76","0.00","1.52","0.42","276"
"2025-06-18 20:21","2025-06-18 20:21",,"0","1075 O'farrell Street, San Francisco, California 94109, United States",,"37.784620","-122.422040","60966.74","1067 O'farrell Street, San Francisco, California 94109, United States",,"37.784640","-122.421974","60966.74","92","92","66.38","65.30","0","0","0.00","0.00","0.00","0.00",
"2025-06-18 20:37","2025-06-18 20:53",,"15","1067 O'farrell Street, San Francisco, California 94109, United States",,"37.784690","-122.421960","60966.75","1067 O'farrell Street, San Francisco, California 94109, United States",,"37.784653","-122.421910","60968.88","92","90","66.20","70.92","14","25","4.18","0.00","2.13","1.00","469"
"2025-06-18 21:23","2025-06-18 21:30",,"7","1067 O'farrell Street, San Francisco, California 94109, United States",,"37.784676","-122.421906","60968.88","1412 Sutter Street, San Francisco, California 94109, United States",,"37.787340","-122.423870","60969.92","90","89","63.54","67.17","15","27","2.34","0.00","1.04","0.48","462"
"2025-06-18 21:48","2025-06-18 22:20",,"32","1412 Sutter Street, San Francisco, California 94109, United States",,"37.787354","-122.423840","60969.92","Kirby Cove Road, Sausalito, California 94965, United States",,"37.829475","-122.484100","60979.32","88","82","61.23","63.14","24","59","16.49","0.00","9.40","3.68","391"
"2025-06-18 22:40","2025-06-18 22:48",,"7","Kirby Cove Road, Sausalito, California 94965, United States",,"37.829475","-122.484100","60979.32","150 Shoreline Hwy, Sausalito, California 94941, United States",,"37.872124","-122.510740","60983.46","82","81","61.93","65.68","34","65","2.93","0.00","4.13","0.64","155"
"2025-06-18 23:33","2025-06-18 23:35",,"1","150 Shoreline Hwy, Sausalito, California 94941, United States",,"37.872110","-122.510735","60983.46","180 Donahue Street, Sausalito, California 94965, United States",,"37.873764","-122.510370","60983.60","81","80","67.06","70.70","9","15","0.33","0.00","0.14","0.10","714"
"2025-06-19 00:09","2025-06-19 00:20",,"11","180 Donahue Street, Sausalito, California 94965, United States",,"37.873764","-122.510370","60983.60","1610 Redwood Highway, Corte Madera, California 94925, United States",,"37.928223","-122.514820","60989.77","80","76","61.59","66.78","35","68","10.54","0.00","6.17","2.26","366"
"2025-06-19 07:02","2025-06-19 07:03",,"0","1610 Redwood Highway, Corte Madera, California 94925, United States",,"37.928226","-122.514810","60989.78","1612 Redwood Highway, Corte Madera, California 94925, United States",,"37.928455","-122.515020","60989.79","93","93","69.44","59.00","0","1","0.00","0.00","0.01","0.00","0"
"2025-06-19 10:13","2025-06-19 10:26",,"13","1612 Redwood Highway, Corte Madera, California 94925, United States",,"37.928455","-122.515020","60989.81","111 Shoreline Parkway, San Rafael, California 94901, United States",,"37.952656","-122.492615","60993.75","91","89","64.65","63.32","24","67","6.36","0.00","3.94","1.46","371"
"2025-06-19 10:47","2025-06-19 10:48",,"0","111 Shoreline Parkway, San Rafael, California 94901, United States",,"37.952660","-122.492610","60993.76","111 Shoreline Parkway, San Rafael, California 94901, United States",,"37.952785","-122.492584","60993.79","88","88","61.16","64.40","0","0","0.17","0.00","0.03","-0.02","-667"
"2025-06-19 10:57","2025-06-19 11:00",,"3","111 Shoreline Parkway, San Rafael, California 94901, United States",,"37.952785","-122.492584","60993.81","125 Shoreline Parkway, San Rafael, California 94901, United States",,"37.954586","-122.490610","60994.10","88","88","63.93","68.49","7","23","0.59","0.00","0.28","0.16","571"
"2025-06-19 11:37","2025-06-19 11:44",,"6","125 Shoreline Parkway, San Rafael, California 94901, United States",,"37.954582","-122.490616","60994.10","987 Francisco Boulevard East, San Rafael, California 94901, United States",,"37.960365","-122.504360","60997.00","91","90","61.88","73.40","37","68","4.60","0.00","2.83","1.02","360"
"2025-06-19 12:16","2025-06-19 12:48",,"32","987 Francisco Boulevard East, San Rafael, California 94901, United States",,"37.960350","-122.504340","60997.00","2840 Roblar Road, Petaluma, California 94952, United States",,"38.314430","-122.735720","61027.58","89","72","65.35","73.63","57","78","46.53","0.00","30.59","10.50","343"
"2025-06-19 13:39","2025-06-19 13:39",,"0","2840 Roblar Road, Petaluma, California 94952, United States",,"38.314423","-122.735720","61027.59","2840 Roblar Road, Petaluma, California 94952, United States",,"38.314404","-122.735720","61027.60","68","68","64.76","86.90","3","3","0.17","0.00","0.01","0.00","0"
"2025-06-19 13:44","2025-06-19 13:53",,"9","2840 Roblar Road, Petaluma, California 94952, United States",,"38.314404","-122.735720","61027.60","84 East Sierra Avenue, Cotati, California 94931, United States",,"38.326930","-122.706400","61032.01","67","65","67.69","78.33","22","68","7.45","0.00","4.41","1.70","385"
"2025-06-19 14:27","2025-06-19 14:54",,"27","84 East Sierra Avenue, Cotati, California 94931, United States",,"38.326930","-122.706390","61032.02","34 Evergreen Avenue, Windsor, California 95492, United States",,"38.561962","-122.825100","61051.15","84","73","61.27","82.40","52","77","29.21","0.00","19.14","6.64","347"
"2025-06-19 16:28","2025-06-19 16:29",,"0","34 Evergreen Avenue, Windsor, California 95492, United States",,"38.561947","-122.825110","61051.16","10333 Old Redwood Highway, Windsor, California 95492, United States",,"38.562206","-122.825325","61051.17","65","64","67.41","95.90","0","0","0.17","0.00","0.01","0.08","8000"
"2025-06-19 16:48","2025-06-19 16:49",,"1","10333 Old Redwood Highway, Windsor, California 95492, United States",,"38.562206","-122.825340","61051.18","10333 Old Redwood Highway, Windsor, California 95492, United States",,"38.562270","-122.825290","61051.20","62","62","67.82","90.50","0","0","0.50","0.00","0.01","0.12","12000"
"2025-06-19 16:58","2025-06-19 17:35",,"36","10333 Old Redwood Highway, Windsor, California 95492, United States",,"38.562270","-122.825290","61051.20","13771 Redwood Highway, Hopland, California 95449, United States",,"38.967262","-123.115486","61086.55","62","39","66.79","87.51","63","80","62.34","0.00","35.34","14.20","402"
"2025-06-19 17:35","2025-06-19 18:04",,"29","13771 Redwood Highway, Hopland, California 95449, United States",,"38.967262","-123.115486","61086.55","1275 Ford Road, Ukiah, California 95482, United States",,"39.167790","-123.209760","61111.37","39","22","66.67","79.18","58","83","43.93","0.00","24.82","9.90","399"
"2025-06-19 18:12","2025-06-19 18:58",,"46","1275 Ford Road, Ukiah, California 95482, United States",,"39.167790","-123.209760","61111.37","45020 Redwood Highway, Laytonville, California 95454, United States",,"39.689266","-123.483430","61155.46","45","20","65.55","73.81","57","74","65.52","0.00","44.08","15.26","346"
"2025-06-19 19:33","2025-06-19 20:08",,"35","45020 Redwood Highway, Laytonville, California 95454, United States",,"39.689266","-123.483444","61155.46","Old U.S. Route 101/Rosewarne Rd., Piercy, California 95587, United States",,"39.919060","-123.764490","61183.87","87","74","59.41","74.03","52","79","34.23","0.00","28.40","7.82","275"
"2025-06-19 20:08","2025-06-19 20:26",,"17","Old U.S. Route 101/Rosewarne Rd., Piercy, California 95587, United States",,"39.919060","-123.764490","61183.87","Redwood Highway, Garberville, California 95542, United States",,"40.087273","-123.789660","61199.04","74","65","58.24","66.96","50","72","24.02","0.00","15.17","5.52","364"
"2025-06-19 20:32","2025-06-19 20:32",,"0","Redwood Highway, Garberville, California 95542, United States",,"40.087273","-123.789660","61199.04","Redwood Highway, Garberville, California 95542, United States",,"40.087310","-123.789670","61199.04","65","65","69.44","66.20","0","0","0.00","0.00","0.00","0.00",
"2025-06-19 20:32","2025-06-19 20:40",,"7","Redwood Highway, Garberville, California 95542, United States",,"40.087310","-123.789670","61199.04","1176 Redway Drive, Redway, California 95560, United States",,"40.117043","-123.819670","61205.36","65","62","61.50","65.97","47","71","8.79","0.00","6.31","2.00","317"
"2025-06-19 20:56","2025-06-19 21:08",,"12","1176 Redway Drive, Redway, California 95560, United States",,"40.117040","-123.819670","61205.36","1363 Avenue of the Giants, Phillipsville, California 95554, United States",,"40.192112","-123.768210","61212.63","62","59","65.80","67.95","41","67","8.12","0.00","7.20","1.72","239"
"2025-06-19 21:15","2025-06-19 21:15",,"0","1109 Avenue of the Giants, Phillipsville, California 95559, United States",,"40.192112","-123.768200","61212.63","1365 Avenue of the Giants, Phillipsville, California 95554, United States",,"40.192280","-123.768070","61212.64","59","59","68.90","63.50","0","0","0.17","0.00","0.01","0.04","4000"
"2025-06-19 21:45","2025-06-19 22:04",,"18","1365 Avenue of the Giants, Phillipsville, California 95554, United States",,"40.192280","-123.768070","61212.65","Avenue of the Giants, Miranda, California 95554, United States",,"40.244614","-123.821570","61218.81","58","56","66.78","63.54","37","49","8.03","0.00","6.16","1.76","286"
"2025-06-19 22:04","2025-06-19 22:55",,"50","Avenue of the Giants, Miranda, California 95554, United States",,"40.244614","-123.821570","61218.81","3397 California Highway 36, Hydesville, California 95547, United States",,"40.547894","-124.096060","61257.52","56","34","66.42","60.06","43","75","56.74","0.00","38.71","12.86","332"
"2025-06-19 23:10","2025-06-19 23:10",,"0","3397 California Highway 36, Hydesville, California 95547, United States",,"40.547894","-124.096060","61257.53","3397 California Highway 36, Hydesville, California 95547, United States",,"40.547894","-124.096060","61257.53","34","34","65.84","57.20","0","1","0.00","0.00","0.00","0.00",
"2025-06-19 23:15","2025-06-19 23:42",,"27","3397 California Highway 36, Hydesville, California 95547, United States",,"40.547890","-124.096070","61257.53","3348 Broadway Street, Eureka, California 95503, United States",,"40.778786","-124.188530","61279.24","34","23","66.72","56.64","52","74","29.71","0.00","21.71","6.68","308"
"2025-06-20 00:47","2025-06-20 00:51",,"3","3348 Broadway Street, Eureka, California 95503, United States",,"40.778786","-124.188515","61279.27","815 West Wabash Avenue, Eureka, California 95501, United States",,"40.791280","-124.180480","61280.46","98","98","66.40","56.30","13","34","1.59","0.00","1.19","0.46","387"
"2025-06-20 10:00","2025-06-20 10:02",,"1","815 West Wabash Avenue, Eureka, California 95501, United States",,"40.791283","-124.180480","61280.46","621 West Wabash Avenue, Eureka, California 95501, United States",,"40.791540","-124.178690","61280.61","83","83","63.68","65.30","4","6","0.33","0.00","0.14","0.10","714"
"2025-06-20 10:02","2025-06-20 10:33",,"31","621 West Wabash Avenue, Eureka, California 95501, United States",,"40.791540","-124.178690","61280.61","Redwood Highway, Trinidad, California 95555, United States",,"41.159428","-124.118515","61311.92","83","65","63.34","59.20","62","76","48.70","0.00","31.31","10.82","346"
"2025-06-20 10:41","2025-06-20 10:42",,"0","Redwood Highway, Trinidad, California 95555, United States",,"41.159435","-124.118515","61311.93","Redwood Highway, Trinidad, California 95555, United States",,"41.159435","-124.118515","61311.93","65","65","63.50","56.30","0","0","0.00","0.00","0.00","0.00",
"2025-06-20 10:42","2025-06-20 10:46",,"3","Redwood Highway, Trinidad, California 95555, United States",,"41.159435","-124.118515","61311.93","Redwood Highway, Trinidad, California 95555, United States",,"41.174820","-124.102410","61313.19","65","64","63.48","56.30","48","55","2.34","0.00","1.25","0.66","528"
"2025-06-20 10:46","2025-06-20 10:57",,"10","Redwood Highway, Trinidad, California 95555, United States",,"41.174820","-124.102410","61313.19","114270 Redwood Highway, Trinidad, California 95570, United States",,"41.221920","-124.095140","61317.30","64","62","63.30","56.30","37","49","6.36","0.00","4.11","1.10","268"
"2025-06-20 14:07","2025-06-20 14:09",,"2","1000 Front Street, Crescent City, California 95531, United States",,"41.751920","-124.194790","61367.21","509 N Street, Crescent City, California 95531, United States",,"41.755970","-124.193600","61367.62","84","84","61.68","59.00","13","31","0.67","0.00","0.40","0.28","700"
"2025-06-20 14:21","2025-06-20 14:22",,"1","509 N Street, Crescent City, California 95531, United States",,"41.755970","-124.193610","61367.62","509 N Street, Crescent City, California 95531, United States",,"41.756207","-124.193504","61367.71","83","83","63.93","67.48","7","7","0.33","0.00","0.06","0.08","1333"
"2025-06-20 14:22","2025-06-20 14:47",,"24","509 N Street, Crescent City, California 95531, United States",,"41.756207","-124.193504","61367.71","Redwood Highway, Crescent City, California 95543, United States",,"41.821938","-124.034740","61381.59","83","76","65.12","62.98","31","72","20.59","0.00","13.87","4.62","333"
"2025-06-20 15:05","2025-06-20 16:15",,"69","Redwood Highway, Crescent City, California 95543, United States",,"41.821950","-124.034710","61382.23","6301 Fish Hatchery Road, Grants Pass, Oregon 97527, United States",,"42.382713","-123.466630","61441.63","75","44","66.63","55.89","51","71","83.10","0.00","59.36","18.70","315"
"2025-06-20 17:07","2025-06-20 18:13",,"66","6301 Fish Hatchery Road, Grants Pass, Oregon 97527, United States",,"42.382690","-123.466630","61441.64","126 Petite Road, Myrtle Creek, Oregon 97457, United States",,"42.972590","-123.339040","61501.25","44","12","62.38","62.64","56","79","87.03","0.00","59.61","19.56","328"
"2025-06-20 18:47","2025-06-20 18:48",,"0","126 Petite Road, Myrtle Creek, Oregon 97457, United States",,"42.972614","-123.339060","61501.26","280 Pruner Road, Myrtle Creek, Oregon 97457, United States",,"42.973064","-123.340540","61501.34","81","81","66.97","61.70","3","3","0.17","0.00","0.08","0.02","250"
"2025-06-20 18:48","2025-06-20 20:18",,"89","280 Pruner Road, Myrtle Creek, Oregon 97457, United States",,"42.973064","-123.340540","61501.34","32900 Diamond Hill Road, Harrisburg, Oregon 97446, United States",,"44.279697","-123.063225","61606.77","81","19","63.18","60.71","71","86","167.62","0.00","105.42","38.04","361"
"2025-06-20 21:09","2025-06-20 22:36",,"86","32900 Diamond Hill Road, Harrisburg, Oregon 97446, United States",,"44.279697","-123.063225","61606.78","9601 Southwest Washington Square Road, Tigard, Oregon 97223, United States",,"45.450035","-122.782860","61693.77","96","56","66.52","59.90","61","80","107.11","0.00","86.99","24.56","282"
"2025-06-20 23:04","2025-06-21 00:47",,"103","9601 Southwest Washington Square Road, Tigard, Oregon 97223, United States",,"45.450035","-122.782860","61693.77","940 South Hemlock Street, Cannon Beach, Oregon 97110, United States",,"45.890976","-123.961876","61772.57","90","51","61.05","52.36","47","66","102.34","0.00","78.80","23.52","298"
"2025-06-21 00:51","2025-06-21 00:51",,"0","940 South Hemlock Street, Cannon Beach, Oregon 97110, United States",,"45.890995","-123.961880","61772.58","940 South Hemlock Street, Cannon Beach, Oregon 97110, United States",,"45.890995","-123.961880","61772.58","51","51","62.24","52.70","0","0","0.00","0.00","0.00","0.00",
"2025-06-21 01:02","2025-06-21 01:05",,"2","940 South Hemlock Street, Cannon Beach, Oregon 97110, United States",,"45.890995","-123.961880","61772.58","208 North Spruce Street, Cannon Beach, Oregon 97110, United States",,"45.896990","-123.960070","61773.25","51","51","62.24","53.74","16","28","0.84","0.00","0.63","0.18","286"
"2025-06-21 02:34","2025-06-21 02:49",,"15","208 North Spruce Street, Cannon Beach, Oregon 97110, United States",,"45.896990","-123.960070","61773.25","Oregon Coast Highway, Arch Cape, Oregon 97102, United States",,"45.798286","-123.967064","61781.52","49","45","64.36","51.57","34","54","11.21","0.00","8.26","2.56","310"
"2025-06-21 08:24","2025-06-21 08:46",,"22","Oregon Coast Highway, Arch Cape, Oregon 97102, United States",,"45.798286","-123.967064","61781.52","1150 North Roosevelt Drive, Seaside, Oregon 97138, United States",,"46.001007","-123.916756","61796.88","39","32","65.14","55.83","41","71","20.08","0.00","15.35","4.46","291"
"2025-06-21 08:59","2025-06-21 09:02",,"2","1150 North Roosevelt Drive, Seaside, Oregon 97138, United States",,"46.001007","-123.916756","61796.88","1625 North Roosevelt Drive, Seaside, Oregon 97138, United States",,"46.004627","-123.915650","61797.41","53","53","65.25","53.60","19","34","1.00","0.00","0.54","0.18","333"
"2025-06-21 09:09","2025-06-21 09:44",,"35","1625 North Roosevelt Drive, Seaside, Oregon 97138, United States",,"46.004623","-123.915620","61797.42","230 Kingston Ferry Road, Naselle, Washington 98638, United States",,"46.249780","-123.858810","61819.68","53","41","65.26","55.31","42","68","31.13","0.00","22.26","7.24","325"
"2025-06-21 09:51","2025-06-21 10:26",,"34","230 Kingston Ferry Road, Naselle, Washington 98638, United States",,"46.249786","-123.858790","61819.68","2750 Washington Highway 4, Skamokawa, Washington 98621, United States",,"46.345740","-123.505890","61848.41","41","23","65.30","54.07","51","65","50.04","0.00","28.71","11.26","392"
"2025-06-21 10:28","2025-06-21 11:15",,"47","2750 Washington Highway 4, Skamokawa, Washington 98621, United States",,"46.345740","-123.505890","61848.41","3803 Ocean Beach Highway, Longview, Washington 98632, United States",,"46.155410","-122.984040","61884.46","23","6","65.30","52.83","47","60","45.27","0.00","36.05","10.24","284"
"2025-06-21 11:26","2025-06-21 11:39",,"12","3803 Ocean Beach Highway, Longview, Washington 98632, United States",,"46.155403","-122.984050","61884.47","207 Three Rivers Drive East, Kelso, Washington 98626, United States",,"46.143380","-122.898390","61888.98","6","2","64.45","52.70","25","47","10.04","0.00","4.50","2.28","507"
"2025-06-21 12:10","2025-06-21 13:10",,"59","207 Three Rivers Drive East, Kelso, Washington 98626, United States",,"46.143356","-122.898380","61889.00","2412 93rd Avenue Southwest, Olympia, Washington 98512, United States",,"46.952957","-122.935280","61948.86","79","46","63.41","53.33","60","82","89.29","0.00","59.86","20.32","339"
"2025-06-21 13:55","2025-06-21 13:56",,"0","2412 93rd Avenue Southwest, Olympia, Washington 98512, United States",,"46.952953","-122.935270","61948.86","2430 93rd Avenue Southwest, Tumwater, Washington 98512, United States",,"46.953297","-122.934940","61948.93","96","96","62.60","53.60","8","8","0.17","0.00","0.07","0.10","1429"
"2025-06-21 13:56","2025-06-21 14:47",,"50","2430 93rd Avenue Southwest, Tumwater, Washington 98512, United States",,"46.953297","-122.934940","61948.93","36898 Milton Road South, Federal Way, Washington 98003, United States",,"47.270737","-122.315050","61990.25","96","74","62.35","54.79","52","76","58.08","0.00","41.32","13.14","318"
"2025-06-21 14:54","2025-06-21 15:47",,"52","36898 Milton Road South, Federal Way, Washington 98003, United States",,"47.270737","-122.315056","61990.26","11 5 Avenue NE Studio, Seattle, Washington 98125, United States",,"47.709230","-122.323640","62023.77","74","57","62.49","57.54","44","79","44.27","0.00","33.51","10.08","301"
"2025-06-21 16:06","2025-06-21 16:11",,"4","11 5 Avenue NE Studio, Seattle, Washington 98125, United States",,"47.709230","-122.323640","62023.80","328 Northeast Northgate Way, Seattle, Washington 98125, United States",,"47.708900","-122.324450","62024.33","57","56","64.54","63.99","8","13","1.17","0.00","0.52","0.28","538"
"2025-06-21 16:25","2025-06-21 16:32",,"7","328 Northeast Northgate Way, Seattle, Washington 98125, United States",,"47.708900","-122.324450","62024.33","Northeast 107th Street, Seattle, Washington 98125, United States",,"47.706333","-122.327770","62024.92","56","55","66.74","62.73","5","9","3.35","0.00","0.59","0.80","1356"
"2025-06-21 16:47","2025-06-21 17:11",,"23","Northeast 107th Street, Seattle, Washington 98125, United States",,"47.706333","-122.327770","62024.93","West Mall Drive, Everett, Washington 98208, United States",,"47.909897","-122.216500","62042.66","78","69","68.32","59.36","52","81","24.69","0.00","17.73","5.58","315"
"2025-06-21 17:29","2025-06-21 17:47",,"17","West Mall Drive, Everett, Washington 98208, United States",,"47.909912","-122.216500","62042.67","10027 Lundeen Pkwy, Lake Stevens, Washington 98258, United States",,"48.018112","-122.095695","62054.34","68","63","68.00","61.54","51","80","13.89","0.00","11.55","3.16","274"
"2025-06-21 18:07","2025-06-21 18:08",,"1","10027 Lundeen Pkwy, Lake Stevens, Washington 98258, United States",,"48.018112","-122.095695","62054.34","9915 28th Street Northeast, Lake Stevens, Washington 98258, United States",,"48.021427","-122.097824","62054.56","63","63","68.72","61.70","13","16","0.17","0.00","0.22","0.02","91"
"2025-06-21 18:08","2025-06-21 18:34",,"26","9915 28th Street Northeast, Lake Stevens, Washington 98258, United States",,"48.021427","-122.097824","62054.56","Verlot Campground Loop, Granite Falls, Washington 98252, United States",,"48.090363","-121.777885","62073.96","63","51","68.88","60.06","45","64","32.13","0.00","19.40","7.42","382"
"2025-06-21 18:34","2025-06-21 18:38",,"3","Verlot Campground Loop, Granite Falls, Washington 98252, United States",,"48.090363","-121.777885","62073.96","Verlot Campground Loop, Granite Falls, Washington 98252, United States",,"48.089928","-121.778336","62074.26","51","51","68.72","58.10","9","15","0.75","0.00","0.29","0.06","207"
"2025-06-22 15:06","2025-06-22 15:06",,"0","Verlot Campground Loop, Granite Falls, Washington 98252, United States",,"48.089930","-121.778350","62074.27","Verlot Campground Loop, Granite Falls, Washington 98252, United States",,"48.089935","-121.778370","62074.30","42","42","68.36","59.00","7","7","0.00","0.00","0.01","0.04","4000"
"2025-06-22 15:21","2025-06-22 16:21",,"59","Verlot Campground Loop, Granite Falls, Washington 98252, United States",,"48.089935","-121.778370","62074.30","1121 North 175th Street, Shoreline, Washington 98133, United States",,"47.755787","-122.343506","62118.86","42","18","68.02","62.92","50","72","60.25","0.00","44.56","14.00","314"
"2025-06-22 16:58","2025-06-22 16:59",,"0","1121 North 175th Street, Shoreline, Washington 98133, United States",,"47.755795","-122.343500","62118.87","1121 North 175th Street, Shoreline, Washington 98133, United States",,"47.755344","-122.343414","62118.90","88","88","69.44","69.80","5","5","0.17","0.00","0.03","0.08","2667"
"2025-06-22 17:04","2025-06-22 17:39",,"35","1121 North 175th Street, Shoreline, Washington 98133, United States",,"47.755350","-122.343380","62118.91","91 Sunset Avenue South, Edmonds, Washington 98020, United States",,"47.811920","-122.381850","62124.79","88","85","63.57","72.55","26","50","8.03","0.00","5.89","1.94","329"
"2025-06-22 17:52","2025-06-22 18:04",,"11","91 Sunset Avenue South, Edmonds, Washington 98020, United States",,"47.811940","-122.381836","62124.80","Washington Highway 104, Edmonds, Washington, United States",,"47.813473","-122.386040","62125.03","84","84","67.75","80.10","7","19","1.34","0.00","0.23","0.32","1391"
"2025-06-22 18:36","2025-06-22 18:57",,"21","Washington Highway 104, Kingston, Washington, United States",,"47.794380","-122.493390","62125.03","32245 Puget Way Northeast, Port Gamble, Washington 98370, United States",,"47.854450","-122.586044","62133.32","83","79","68.95","67.41","31","60","10.63","0.00","8.29","2.40","290"
"2025-06-22 19:22","2025-06-22 19:45",,"22","32245 Puget Way Northeast, Port Gamble, Washington 98370, United States",,"47.854430","-122.586050","62133.33","282023 Olympic Highway, Port Townsend, Washington 98368, United States",,"47.994095","-122.887330","62152.94","79","69","68.90","63.41","51","69","25.77","0.00","19.57","5.72","292"
"2025-06-22 19:51","2025-06-22 19:53",,"1","282023 Olympic Highway, Port Townsend, Washington 98368, United States",,"47.994095","-122.887330","62152.94","280930 Olympic Highway, Port Townsend, Washington 98368, United States",,"48.003124","-122.870330","62154.00","70","68","70.93","63.50","44","58","3.10","0.00","0.78","0.44","564"
"2025-06-22 20:00","2025-06-22 20:35",,"35","280930 Olympic Highway, Port Townsend, Washington 98368, United States",,"48.003124","-122.870330","62154.00","540 West Washington Street, Sequim, Washington 98382, United States",,"48.080470","-123.114525","62172.96","69","59","68.90","61.70","41","61","24.94","0.00","18.96","5.66","299"
"2025-06-22 20:46","2025-06-22 20:49",,"2","540 West Washington Street, Sequim, Washington 98382, United States",,"48.080470","-123.114500","62172.97","1205 West Washington Street, Sequim, Washington 98382, United States",,"48.076850","-123.132324","62173.93","59","58","68.90","63.70","25","43","2.26","0.00","0.93","0.42","452"
"2025-06-22 20:56","2025-06-22 20:59",,"2","1205 West Washington Street, Sequim, Washington 98382, United States",,"48.076836","-123.132324","62173.93","1205 West Washington Street, Sequim, Washington 98382, United States",,"48.076836","-123.132324","62173.93","58","58","71.29","65.30","0","0","0.00","0.00","0.00","0.02",
"2025-06-22 20:59","2025-06-22 21:03",,"3","1205 West Washington Street, Sequim, Washington 98382, United States",,"48.076836","-123.132324","62173.93","1284 West Washington Street, Sequim, Washington 98382, United States",,"48.079240","-123.134590","62174.32","58","58","69.48","66.20","15","28","0.50","0.00","0.33","0.10","303"
"2025-06-22 21:27","2025-06-22 21:32",,"4","1284 West Washington Street, Sequim, Washington 98382, United States",,"48.079247","-123.134610","62174.32","501 West Washington Street, Sequim, Washington 98382, United States",,"48.079410","-123.113785","62175.54","58","57","69.17","63.84","18","33","3.26","0.00","1.21","0.74","612"
"2025-06-22 21:36","2025-06-22 21:36",,"0","501 West Washington Street, Sequim, Washington 98382, United States",,"48.079414","-123.113780","62175.54","501 West Washington Street, Sequim, Washington 98382, United States",,"48.079414","-123.113780","62175.54","55","55","68.90","60.80","0","0","0.00","0.00","0.00","0.00",
"2025-06-22 21:36","2025-06-22 21:43",,"6","501 West Washington Street, Sequim, Washington 98382, United States",,"48.079414","-123.113780","62175.54","1421-1441 E Washington St, Sequim, Washington 98382, United States",,"48.071045","-123.074554","62177.58","55","53","68.90","60.39","26","44","5.27","0.00","2.04","1.14","559"
"2025-06-22 22:31","2025-06-22 22:32",,"0","1421-1441 E Washington St, Sequim, Washington 98382, United States",,"48.071045","-123.074554","62177.58","1421-1441 E Washington St, Sequim, Washington 98382, United States",,"48.071060","-123.074520","62177.59","98","98","68.90","58.10","0","0","0.00","0.00","0.01","0.00","0"
"2025-06-22 22:32","2025-06-22 22:44",,"12","1421-1441 E Washington St, Sequim, Washington 98382, United States",,"48.071060","-123.074520","62177.59","273 Mountain View Drive, Sequim, Washington 98382, United States",,"48.145687","-123.140240","62184.68","98","95","68.90","57.74","32","56","9.29","0.00","7.08","2.18","308"
"2025-06-22 23:31","2025-06-22 23:32",,"0","273 Mountain View Drive, Sequim, Washington 98382, United States",,"48.145687","-123.140240","62184.69","273 Mountain View Drive, Sequim, Washington 98382, United States",,"48.145687","-123.140240","62184.69","94","94","70.70","59.90","0","1","0.17","0.00","0.00","0.02",
"2025-06-22 23:32","2025-06-22 23:33",,"1","273 Mountain View Drive, Sequim, Washington 98382, United States",,"48.145687","-123.140240","62184.69","273 Mountain View Drive, Sequim, Washington 98382, United States",,"48.145687","-123.140240","62184.69","94","94","70.05","59.90","0","1","0.00","0.00","0.00","0.04",
"2025-06-22 23:38","2025-06-22 23:38",,"0","273 Mountain View Drive, Sequim, Washington 98382, United States",,"48.145687","-123.140240","62184.69","273 Mountain View Drive, Sequim, Washington 98382, United States",,"48.145687","-123.140240","62184.69","94","94","70.70","59.90","0","0","0.00","0.00","0.00","0.00",
"2025-06-22 23:38","2025-06-22 23:38",,"0","273 Mountain View Drive, Sequim, Washington 98382, United States",,"48.145687","-123.140240","62184.69","273 Mountain View Drive, Sequim, Washington 98382, United States",,"48.145687","-123.140240","62184.69","94","94","71.29","59.90","0","0","0.00","0.00","0.00","0.00",
"2025-06-22 23:38","2025-06-22 23:39",,"0","273 Mountain View Drive, Sequim, Washington 98382, United States",,"48.145687","-123.140240","62184.69","273 Mountain View Drive, Sequim, Washington 98382, United States",,"48.145687","-123.140240","62184.69","94","94","71.60","59.90","0","0","0.00","0.00","0.00","0.00",
"2025-06-23 13:25","2025-06-23 13:45",,"20","273 Mountain View Drive, Sequim, Washington 98382, United States",,"48.145687","-123.140240","62184.69","Voice of America Road, Sequim, Washington 98382, United States",,"48.137436","-123.198590","62190.84","82","79","68.90","59.90","23","52","8.62","0.00","6.16","2.12","344"
"2025-06-23 13:52","2025-06-23 14:25",,"33","Voice of America Road, Sequim, Washington 98382, United States",,"48.137432","-123.198630","62190.87","1105 East Front Street, Port Angeles, Washington 98362, United States",,"48.112488","-123.413850","62206.05","78","71","69.17","59.90","34","66","18.66","0.00","15.15","4.28","283"
"2025-06-23 14:33","2025-06-23 14:58",,"24","1105 East Front Street, Port Angeles, Washington 98362, United States",,"48.112488","-123.413850","62206.05","Hurricane Ridge Road, Port Angeles, Washington 98362, United States",,"48.012720","-123.371260","62216.34","71","58","68.65","60.96","34","60","34.48","0.00","10.29","7.78","756"
"2025-06-23 15:05","2025-06-23 15:12",,"6","Hurricane Ridge Road, Port Angeles, Washington 98362, United States",,"48.012722","-123.371220","62216.35","Hurricane Ridge Road, Port Angeles, Washington 98362, United States",,"47.992256","-123.401590","62219.12","58","54","68.63","57.74","27","40","10.13","0.00","2.71","2.34","863"
"2025-06-23 15:16","2025-06-23 15:28",,"11","Hurricane Ridge Road, Port Angeles, Washington 98362, United States",,"47.992252","-123.401580","62219.12","Hurricane Ridge Road, Port Angeles, Washington 98362, United States",,"47.969740","-123.489310","62224.84","54","45","65.37","59.25","35","53","23.01","0.00","5.71","5.16","904"
"2025-06-23 15:33","2025-06-23 15:35",,"2","Hurricane Ridge Road, Port Angeles, Washington 98362, United States",,"47.969740","-123.489310","62224.84","Hurricane Ridge Road, Port Angeles, Washington 98362, United States",,"47.969390","-123.498924","62225.31","45","45","61.70","59.00","16","24","1.09","0.00","0.48","0.26","542"
"2025-06-23 15:43","2025-06-23 15:46",,"2","Hurricane Ridge Road, Port Angeles, Washington 98362, United States",,"47.969402","-123.498920","62225.32","Hurricane Ridge Road, Port Angeles, Washington 98362, United States",,"47.972294","-123.512794","62226.18","45","45","68.14","61.88","20","26","0.25","0.00","0.84","-0.20","-238"
"2025-06-23 16:08","2025-06-23 16:16",,"8","Hurricane Ridge Road, Port Angeles, Washington 98362, United States",,"47.972290","-123.512790","62226.19","Hurricane Ridge Road, Port Angeles, Washington 98362, United States",,"47.970410","-123.503845","62227.61","45","43","74.61","65.07","19","23","3.60","0.00","1.42","0.84","592"
"2025-06-23 16:17","2025-06-23 16:34",,"17","Hurricane Ridge Road, Port Angeles, Washington 98362, United States",,"47.970410","-123.503845","62227.61","Obstruction Point Road, Port Angeles, Washington 98362, United States",,"47.951600","-123.438034","62231.32","43","41","75.94","61.47","18","27","7.78","0.00","3.71","1.74","469"
"2025-06-23 16:34","2025-06-23 16:45",,"10","Obstruction Point Road, Port Angeles, Washington 98362, United States",,"47.951600","-123.438034","62231.32","Obstruction Point Road, Port Angeles, Washington 98362, United States",,"47.969150","-123.493300","62234.29","41","38","78.49","59.13","17","25","5.94","0.00","2.97","1.12","377"
"2025-06-23 16:46","2025-06-23 17:42",,"55","Obstruction Point Road, Port Angeles, Washington 98362, United States",,"47.969154","-123.493320","62234.38","521 South Sequim Avenue, Sequim, Washington 98382, United States",,"48.075672","-123.102990","62268.91","38","37","78.26","61.18","39","71","2.76","0.00","34.52","0.50","14"
"2025-06-23 19:10","2025-06-23 19:25",,"14","521 South Sequim Avenue, Sequim, Washington 98382, United States",,"48.075657","-123.102960","62268.92","273704 Olympic Highway, Sequim, Washington 98382, United States",,"48.049070","-122.971306","62277.99","36","31","77.54","67.10","49","63","13.22","0.00","9.07","2.96","326"
"2025-06-23 20:52","2025-06-23 20:56",,"4","Washington Highway 104, Edmonds, Washington, United States",,"47.813940","-122.386140","62313.92","488 Admiral Way, Edmonds, Washington 98020, United States",,"47.806362","-122.391350","62314.80","14","14","59.83","65.93","10","17","1.09","0.00","0.86","0.28","326"
"2025-06-23 21:05","2025-06-23 21:21",,"16","488 Admiral Way, Edmonds, Washington 98020, United States",,"47.806362","-122.391350","62314.80","1121 North 175th Street, Shoreline, Washington 98133, United States",,"47.755790","-122.343490","62320.67","14","9","60.35","67.05","24","58","12.55","0.00","5.87","2.86","487"
"2025-06-23 21:40","2025-06-23 22:00",,"20","1121 North 175th Street, Shoreline, Washington 98133, United States",,"47.755795","-122.343490","62320.70","400 Spring Street, Seattle, Washington 98104, United States",,"47.606976","-122.333240","62332.25","62","59","67.42","71.38","35","78","6.03","0.00","11.55","1.64","142"
"2025-06-23 22:22","2025-06-23 22:26",,"4","410 Spring Street, Seattle, Washington 98104, United States",,"47.607014","-122.333210","62332.29","448 Madison Street, Seattle, Washington 98110, United States",,"47.606210","-122.332664","62332.43","59","58","73.78","76.10","12","14","0.50","0.00","0.14","0.10","714"
"2025-06-24 13:09","2025-06-24 13:22",,"12","322 Spring Street, Seattle, Washington 98104, United States",,"47.606460","-122.333954","62332.59","2701 Beacon Avenue South, Seattle, Washington 98144, United States",,"47.579040","-122.312490","62335.85","52","49","70.21","70.56","28","58","8.12","0.00","3.25","1.84","566"
"2025-06-24 13:22","2025-06-24 13:47",,"24","2701 Beacon Avenue South, Seattle, Washington 98144, United States",,"47.579040","-122.312490","62335.85","1521 Bellevue Avenue, Seattle, Washington 98122, United States",,"47.614760","-122.326904","62341.36","49","45","63.16","69.87","18","51","11.55","0.00","5.51","2.64","479"
"2025-06-24 14:32","2025-06-24 14:42",,"10","1521 Bellevue Avenue, Seattle, Washington 98122, United States",,"47.614760","-122.326904","62341.39","214 9th Avenue North, Seattle, Washington 98109, United States",,"47.620370","-122.339730","62342.91","44","42","72.18","77.90","11","25","5.02","0.00","1.52","1.12","737"
"2025-06-24 16:30","2025-06-24 16:30",,"0","214 9th Avenue North, Seattle, Washington 98109, United States",,"47.620396","-122.339745","62342.91","214 9th Avenue North, Seattle, Washington 98109, United States",,"47.620396","-122.339745","62342.91","41","41","81.86","81.50","0","0","0.00","0.00","0.00","0.00",
"2025-06-24 16:30","2025-06-24 16:36",,"6","214 9th Avenue North, Seattle, Washington 98109, United States",,"47.620396","-122.339745","62342.91","120 Blanchard Street, Seattle, Washington 98121, United States",,"47.613037","-122.344600","62343.96","41","39","71.73","80.96","11","20","4.02","0.00","1.03","1.04","1010"
"2025-06-24 16:39","2025-06-24 16:49",,"9","120 Blanchard Street, Seattle, Washington 98121, United States",,"47.613037","-122.344600","62343.96","1306 Sr 99 Tunnel, Seattle, Washington 98101, United States",,"47.607520","-122.338820","62345.14","39","37","64.63","78.69","16","26","4.27","0.00","1.18","0.98","831"
"2025-06-24 18:00","2025-06-24 18:13",,"13","1306 Sr 99 Tunnel, Seattle, Washington 98101, United States",,"47.607330","-122.338326","62345.14","221 Yale Avenue North, Seattle, Washington 98109, United States",,"47.620148","-122.331000","62347.02","36","34","61.68","80.49","11","28","6.78","0.00","1.88","1.52","809"
"2025-06-24 18:49","2025-06-24 18:53",,"3","221 Yale Avenue North, Seattle, Washington 98109, United States",,"47.620148","-122.331000","62347.02","1153 John Street, Seattle, Washington 98109, United States",,"47.619675","-122.334015","62347.21","33","32","63.99","79.70","10","15","1.17","0.00","0.19","0.22","1158"
"2025-06-24 18:59","2025-06-24 19:12",,"13","1153 John Street, Seattle, Washington 98109, United States",,"47.619675","-122.334015","62347.21","511 South Dearborn Street, Seattle, Washington 98134, United States",,"47.595745","-122.326820","62350.66","32","30","60.26","82.04","25","61","6.11","0.00","3.45","1.38","400"
"2025-06-24 19:18","2025-06-24 19:54",,"36","511 South Dearborn Street, Seattle, Washington 98134, United States",,"47.595745","-122.326820","62350.74","14429 468th Avenue Southeast, North Bend, Washington 98045, United States",,"47.468160","-121.716450","62383.88","30","12","64.63","82.69","56","79","46.36","0.00","33.14","10.48","316"
"2025-06-24 20:22","2025-06-24 20:23",,"0","14429 468th Avenue Southeast, North Bend, Washington 98045, United States",,"47.468160","-121.716450","62383.89","46600 Southeast North Bend Way, North Bend, Washington 98045, United States",,"47.467464","-121.716820","62383.97","79","79","62.06","79.70","11","11","0.17","0.00","0.01","0.08","8000"
"2025-06-24 20:31","2025-06-24 20:32",,"1","46600 Southeast North Bend Way, North Bend, Washington 98045, United States",,"47.467464","-121.716820","62383.97","46591 Southeast 150th Street, North Bend, Washington 98045, United States",,"47.463310","-121.716830","62384.34","79","79","75.20","90.50","19","31","0.17","0.00","0.37","0.12","324"
"2025-06-24 20:36","2025-06-24 20:50",,"14","46591 Southeast 150th Street, North Bend, Washington 98045, United States",,"47.463310","-121.716830","62384.34","I 90, North Bend, Washington 98045, United States",,"47.441807","-121.672490","62390.07","79","74","63.37","78.19","29","68","13.72","0.00","5.73","3.24","565"
"2025-06-24 20:51","2025-06-24 22:04",,"72","I 90, North Bend, Washington 98045, United States",,"47.441807","-121.672490","62390.07","1500 Canyon Road, Ellensburg, Washington 98926, United States",,"46.977980","-120.542530","62469.02","74","32","63.18","73.96","66","90","111.21","0.00","78.90","25.14","319"
"2025-06-24 22:27","2025-06-24 22:57",,"29","1500 Canyon Road, Ellensburg, Washington 98926, United States",,"46.977980","-120.542530","62469.02","Interstate 90, Royal City, Washington 99032, United States",,"46.963833","-119.964780","62499.96","82","67","61.16","76.87","66","79","39.67","0.00","30.94","8.94","289"
"2025-06-24 23:22","2025-06-25 00:41",,"78","Interstate 90, Royal City, Washington 99032, United States",,"46.963833","-119.964780","62500.03","2008 Dury Road, Sprague, Washington 99032, United States",,"47.209030","-118.225880","62591.29","67","13","59.29","77.77","70","77","144.85","0.00","91.26","32.68","358"
"2025-06-25 01:54","2025-06-25 01:57",,"2","2008 Dury Road, Sprague, Washington 99032, United States",,"47.209030","-118.225880","62591.30","2008 Durry Road, Sprague, Washington 99032, United States",,"47.207910","-118.227170","62591.47","99","99","67.46","74.30","10","10","0.50","0.00","0.17","0.12","706"
"2025-06-25 03:01","2025-06-25 03:01",,"0","2008 Durry Road, Sprague, Washington 99032, United States",,"47.207910","-118.227170","62591.48","2008 Durry Road, Sprague, Washington 99032, United States",,"47.207910","-118.227170","62591.48","97","97","66.56","86.90","0","0","0.00","0.00","0.00","0.00",
"2025-06-25 09:55","2025-06-25 09:56",,"1","2008 Durry Road, Sprague, Washington 99032, United States",,"47.207910","-118.227160","62591.49","2008 Dury Road, Sprague, Washington 99032, United States",,"47.208946","-118.226620","62591.62","89","89","66.56","68.18","12","13","0.17","0.00","0.13","0.08","615"
"2025-06-25 10:03","2025-06-25 11:06",,"62","2008 Dury Road, Sprague, Washington 99032, United States",,"47.208946","-118.226620","62591.70","21728 East Mission Avenue, Liberty Lake, Washington 99019, United States",,"47.673897","-117.113150","62657.77","89","55","67.01","70.88","63","78","91.46","0.00","66.07","20.80","315"
"2025-06-25 11:19","2025-06-25 11:51",,"31","21728 East Mission Avenue, Liberty Lake, Washington 99019, United States",,"47.673897","-117.113150","62657.77","8702-9298 South Highway 97, Coeur d'Alene, Idaho 83814, United States",,"47.615220","-116.678700","62686.18","79","64","65.93","74.64","60","77","39.16","0.00","28.40","9.08","320"
"2025-06-25 12:04","2025-06-25 12:10",,"5","8702-9298 South Highway 97, Coeur d'Alene, Idaho 83814, United States",,"47.615220","-116.678700","62686.18","South Highway 97, Harrison, Idaho 83833, United States",,"47.608994","-116.691980","62688.29","64","61","63.30","79.70","23","43","6.61","0.00","2.12","1.60","755"
"2025-06-25 12:12","2025-06-25 12:20",,"7","South Highway 97, Harrison, Idaho 83833, United States",,"47.608994","-116.691980","62688.29","2303 East Mockingbird Loop, Harrison, Idaho 83833, United States",,"47.628345","-116.761090","62692.41","61","61","62.58","76.95","36","44","2.26","0.00","4.12","0.54","131"
"2025-06-25 12:20","2025-06-25 12:25",,"5","2303 East Mockingbird Loop, Harrison, Idaho 83833, United States",,"47.628345","-116.761090","62692.41","17505 South Highway 97, Harrison, Idaho 83833, United States",,"47.620150","-116.746735","62693.75","60","60","64.76","76.10","24","39","2.18","0.00","1.34","0.38","284"
"2025-06-25 12:28","2025-06-25 14:00",,"91","17505 South Highway 97, Harrison, Idaho 83833, United States",,"47.620150","-116.746735","62693.75","Interstate 90, St. Regis, Montana 59867, United States",,"47.312830","-115.228990","62780.09","59","16","66.45","77.95","59","85","117.41","0.00","86.34","26.54","307"
"2025-06-25 14:00","2025-06-25 14:01",,"0","Interstate 90, St. Regis, Montana 59867, United States",,"47.312830","-115.228990","62780.09","Interstate 90, St. Regis, Montana 59867, United States",,"47.312830","-115.228990","62780.09","16","16","64.31","76.10","0","0","0.17","0.00","0.00","0.10",
"2025-06-25 14:30","2025-06-25 14:41",,"10","Interstate 90, St. Regis, Montana 59867, United States",,"47.312830","-115.228990","62780.09","60 Mullan Gulch Road, Saint Regis, Montana 59866, United States",,"47.298870","-115.099130","62787.71","15","11","65.97","78.91","41","79","10.13","0.00","7.63","2.24","294"
"2025-06-25 14:57","2025-06-25 15:11",,"14","60 Mullan Gulch Road, Saint Regis, Montana 59866, United States",,"47.298870","-115.099130","62787.71","43 Little River Lane, St. Regis, Montana 59866, United States",,"47.297490","-115.098080","62788.38","58","56","62.60","85.68","12","26","3.51","0.00","0.67","0.98","1463"
"2025-06-25 15:11","2025-06-25 16:11",,"59","43 Little River Lane, St. Regis, Montana 59866, United States",,"47.297490","-115.098080","62788.38","5260 Grant Creek Road, Missoula, Montana 59808, United States",,"46.914413","-114.032060","62856.05","56","17","64.60","82.62","73","81","104.69","0.00","67.67","23.76","351"
"2025-06-25 16:37","2025-06-25 16:37",,"0","5260 Grant Creek Road, Missoula, Montana 59808, United States",,"46.914413","-114.032060","62856.05","5310 Grant Creek Road, Missoula, Montana 59808, United States",,"46.914730","-114.032720","62856.11","77","78","63.68","83.30","0","0","-2.76","0.00","0.01","0.00","0"
"2025-06-25 16:37","2025-06-25 16:45",,"7","5310 Grant Creek Road, Missoula, Montana 59808, United States",,"46.914730","-114.032720","62856.11","315 Madison Street, Missoula, Montana 59802, United States",,"46.870365","-113.986990","62860.57","78","76","64.45","84.33","34","77","6.19","0.00","4.46","1.26","283"
"2025-06-25 16:53","2025-06-25 18:27",,"94","315 Madison Street, Missoula, Montana 59802, United States",,"46.870365","-113.986990","62860.57","1050 Grizzly Trail, Butte, Montana 59701, United States",,"46.005116","-112.610634","62973.97","76","5","71.44","81.43","73","89","189.96","0.00","113.40","42.84","378"
"2025-06-25 18:46","2025-06-25 18:50",,"4","1050 Grizzly Trail, Butte, Montana 59701, United States",,"46.005116","-112.610634","62973.99","1900 South Montana Street, Butte, Montana 59701, United States",,"45.991790","-112.538666","62977.89","65","63","70.88","77.90","54","83","2.18","0.00","3.90","0.34","87"
"2025-06-25 18:53","2025-06-25 19:58",,"64","1900 South Montana Street, Butte, Montana 59701, United States",,"45.991790","-112.538666","62977.92","Amsterdam Road, Belgrade, Montana 59714, United States",,"45.773180","-111.198740","63052.22","63","26","70.50","78.64","71","81","99.08","0.00","74.30","22.34","301"
"2025-06-25 20:02","2025-06-25 20:07",,"5","Amsterdam Road, Belgrade, Montana 59714, United States",,"45.773180","-111.198740","63052.28","1891 West Cameron Bridge Road, Bozeman, Montana 59718, United States",,"45.743320","-111.224370","63055.52","35","34","70.25","81.50","43","56","-0.50","0.00","3.24","0.62","191"
"2025-06-25 20:08","2025-06-25 20:17",,"9","1891 West Cameron Bridge Road, Bozeman, Montana 59718, United States",,"45.743320","-111.224370","63055.52","9006 River Road, Bozeman, Montana 59718, United States",,"45.674940","-111.211494","63061.09","34","31","69.98","80.85","40","51","7.70","0.00","5.57","1.84","330"
"2025-06-25 20:17","2025-06-25 20:18",,"1","9006 River Road, Bozeman, Montana 59718, United States",,"45.674940","-111.211494","63061.09","8955 River Road, Bozeman, Montana 59718, United States",,"45.674860","-111.212960","63061.14","31","30","69.98","75.07","17","17","0.17","0.00","0.05","0.06","1200"
"2025-06-25 22:23","2025-06-25 22:46",,"22","8955 River Road, Bozeman, Montana 59718, United States",,"45.674860","-111.212960","63061.15","101 Silverbow Avenue, Belgrade, Montana 59714, United States",,"45.774086","-111.183266","63072.90","29","24","68.07","62.04","33","58","13.89","0.00","11.75","2.80","238"
"2025-06-25 23:57","2025-06-26 00:16",,"19","101 Silverbow Avenue, Belgrade, Montana 59714, United States",,"45.774063","-111.183290","63072.90","4076 Diamond Street, Bozeman, Montana 59718, United States",,"45.687040","-111.092750","63082.84","23","17","67.77","66.18","33","66","15.06","0.00","9.93","3.10","312"
"2025-06-26 10:58","2025-06-26 11:05",,"6","4076 Diamond Street, Bozeman, Montana 59718, United States",,"45.687030","-111.092766","63082.84","1803 East Baxter Lane, Bozeman, Montana 59715, United States",,"45.700073","-111.063260","63085.28","10","9","62.89","70.70","31","44","3.26","0.00","2.44","0.80","328"
"2025-06-26 11:40","2025-06-26 11:42",,"1","1803 East Baxter Lane, Bozeman, Montana 59715, United States",,"45.700073","-111.063260","63085.34","1871 East Baxter Lane, Bozeman, Montana 59715, United States",,"45.700527","-111.064590","63085.56","84","84","62.60","70.70","23","26","-0.42","0.00","0.21","0.04","190"
"2025-06-26 12:04","2025-06-26 12:06",,"1","1871 East Baxter Lane, Bozeman, Montana 59715, United States",,"45.700527","-111.064590","63085.56","1871 East Baxter Lane, Bozeman, Montana 59715, United States",,"45.700527","-111.064590","63085.56","83","83","62.83","88.70","0","0","0.50","0.00","0.00","0.12",
"2025-06-26 12:06","2025-06-26 12:14",,"8","1871 East Baxter Lane, Bozeman, Montana 59715, United States",,"45.700527","-111.064590","63085.56","4076 Diamond Street, Bozeman, Montana 59718, United States",,"45.687054","-111.092740","63087.99","83","81","65.23","85.50","24","43","4.35","0.00","2.43","0.92","379"
"2025-06-26 12:19","2025-06-26 12:19",,"0","4076 Diamond Street, Bozeman, Montana 59718, United States",,"45.687054","-111.092740","63088.01","4080 Diamond Street, Bozeman, Montana 59718, United States",,"45.687115","-111.092830","63088.02","81","81","82.40","76.10","0","0","0.00","0.00","0.01","-0.02","-2000"
"2025-06-26 12:19","2025-06-26 12:39",,"19","4080 Diamond Street, Bozeman, Montana 59718, United States",,"45.687115","-111.092830","63088.02","Little Bear Road, Gallatin Gateway, Montana 59730, United States",,"45.555150","-111.196960","63101.71","81","73","65.14","76.60","45","65","21.51","0.00","13.69","4.76","348"
"2025-06-26 12:39","2025-06-26 12:42",,"2","Little Bear Road, Gallatin Gateway, Montana 59730, United States",,"45.555150","-111.196960","63101.71","Little Bear Road, Gallatin Gateway, Montana 59730, United States",,"45.560356","-111.197845","63102.44","73","73","60.80","76.10","34","43","1.51","0.00","0.73","0.28","384"
"2025-06-26 12:42","2025-06-26 13:16",,"34","Little Bear Road, Gallatin Gateway, Montana 59730, United States",,"45.560356","-111.197845","63102.44","Hyalite Canyon Road, Bozeman, Montana 59718, United States",,"45.482338","-110.964470","63123.12","73","59","75.42","73.42","39","62","35.90","0.00","20.68","8.22","397"
"2025-06-26 13:16","2025-06-26 13:17",,"0","Hyalite Canyon Road, Bozeman, Montana 59718, United States",,"45.482338","-110.964470","63123.12","Hyalite Canyon Road, Bozeman, Montana 59718, United States",,"45.482437","-110.964650","63123.16","59","59","82.40","70.70","0","1","0.00","0.00","0.04","0.02","500"
"2025-06-26 13:30","2025-06-26 13:30",,"0","Hyalite Canyon Road, Bozeman, Montana 59718, United States",,"45.482437","-110.964650","63123.18","Hyalite Canyon Road, Bozeman, Montana 59718, United States",,"45.482437","-110.964650","63123.18","59","59","84.20","72.50","0","0","0.00","0.00","0.00","0.00",
"2025-06-26 13:30","2025-06-26 13:37",,"6","Hyalite Canyon Road, Bozeman, Montana 59718, United States",,"45.482437","-110.964650","63123.18","Hyalite Canyon Road, Bozeman, Montana 59718, United States",,"45.501537","-110.986115","63125.97","59","58","76.86","71.78","22","44","1.59","0.00","2.80","0.34","121"
"2025-06-26 13:58","2025-06-26 15:00",,"61","Hyalite Canyon Road, Bozeman, Montana 59718, United States",,"45.501537","-110.986115","63126.03","111 Town Center Avenue, Big Sky, Montana 59716, United States",,"45.260700","-111.306260","63173.07","58","37","66.43","76.10","45","65","56.23","0.00","47.00","12.76","271"
"2025-06-26 15:05","2025-06-26 15:08",,"2","111 Town Center Avenue, Big Sky, Montana 59716, United States",,"45.260700","-111.306260","63173.07","20 Huntley Drive, Big Sky, Montana 59716, United States",,"45.260850","-111.302925","63173.33","49","49","64.40","77.90","8","11","-2.34","0.00","0.25","-0.88","-3520"
"2025-06-26 15:18","2025-06-26 15:19",,"0","20 Huntley Drive, Big Sky, Montana 59716, United States",,"45.260850","-111.302925","63173.33","20 Huntley Drive, Big Sky, Montana 59716, United States",,"45.260850","-111.302925","63173.33","49","49","67.55","79.70","0","0","0.00","0.00","0.00","0.00",
"2025-06-26 15:19","2025-06-26 15:19",,"0","20 Huntley Drive, Big Sky, Montana 59716, United States",,"45.260850","-111.302925","63173.33","20 Huntley Drive, Big Sky, Montana 59716, United States",,"45.260850","-111.302925","63173.33","49","49","67.10","79.70","0","0","0.00","0.00","0.00","0.06",
"2025-06-26 15:19","2025-06-26 15:31",,"12","20 Huntley Drive, Big Sky, Montana 59716, United States",,"45.260850","-111.302925","63173.33","2299 Ousel Falls Road, Big Sky, Montana 59716, United States",,"45.243988","-111.333565","63175.58","49","46","65.82","78.87","26","39","6.11","0.00","2.25","1.48","658"
"2025-06-26 15:37","2025-06-26 16:22",,"45","2299 Ousel Falls Road, Big Sky, Montana 59716, United States",,"45.243988","-111.333565","63175.58","Gallatin Road, Gallatin Gateway, Montana 59730, United States",,"45.142960","-111.243320","63198.07","46","36","65.32","75.06","35","61","26.95","0.00","22.48","6.02","268"
"2025-06-26 16:38","2025-06-26 16:53",,"15","Gallatin Road, Gallatin Gateway, Montana 59730, United States",,"45.142960","-111.243320","63198.08","Gallatin Road, Gallatin Gateway, Montana 59730, United States",,"44.981410","-111.079470","63212.91","36","26","63.82","78.42","60","65","25.02","0.00","14.51","6.00","414"
"2025-06-26 16:58","2025-06-26 17:25",,"27","Gallatin Road, Gallatin Gateway, Montana 59730, United States",,"44.981410","-111.079470","63212.91","201 South Canyon Street, West Yellowstone, Montana 59758, United States",,"44.656044","-111.099045","63237.46","26","15","65.89","75.16","54","70","28.95","0.00","24.55","6.60","269"
"2025-06-26 17:52","2025-06-26 18:28",,"35","201 South Canyon Street, West Yellowstone, Montana 59758, United States",,"44.656044","-111.099045","63237.46","Grand Loop Road, Yellowstone National Park, Wyoming 82190, United States",,"44.548058","-110.807720","63259.73","77","66","63.21","78.57","40","56","27.78","0.00","22.27","6.28","282"
"2025-06-26 18:51","2025-06-26 19:07",,"15","Grand Loop Road, Yellowstone National Park, Wyoming 82190, United States",,"44.548058","-110.807720","63259.73","1 Old Faithful Inn Road, Yellowstone National Park, Wyoming 82190, United States",,"44.461018","-110.833530","63268.59","66","62","65.39","75.67","32","50","11.72","0.00","8.87","2.62","295"
"2025-06-26 19:14","2025-06-26 19:14",,"0","1 Old Faithful Inn Road, Yellowstone National Park, Wyoming 82190, United States",,"44.461018","-110.833530","63268.59","1 Old Faithful Inn Road, Yellowstone National Park, Wyoming 82190, United States",,"44.460920","-110.834420","63268.64","62","62","79.70","74.30","0","0","0.17","0.00","0.01","0.02","2000"
"2025-06-26 19:24","2025-06-26 19:24",,"0","1 Old Faithful Inn Road, Yellowstone National Park, Wyoming 82190, United States",,"44.460920","-110.834420","63268.64","1 Old Faithful Inn Road, Yellowstone National Park, Wyoming 82190, United States",,"44.460920","-110.834420","63268.64","61","61","55.40","79.70","0","0","0.00","0.00","0.00","0.00",
"2025-06-26 19:28","2025-06-26 19:42",,"14","1 Old Faithful Inn Road, Yellowstone National Park, Wyoming 82190, United States",,"44.460920","-110.834420","63268.64","1700 Setlakwe St, Yellowstone National Park, Wyoming 82190, United States",,"44.441906","-110.718470","63277.39","61","55","60.69","75.58","32","48","17.66","0.00","8.67","3.90","450"
"2025-06-26 19:42","2025-06-26 20:40",,"57","1700 Setlakwe St, Yellowstone National Park, Wyoming 82190, United States",,"44.441906","-110.718470","63277.39","Mud Flats Overlook, Moran, Wyoming 83013, United States",,"44.000423","-110.677505","63318.80","55","41","59.94","69.15","44","61","36.32","0.00","41.41","7.76","187"
"2025-06-26 20:45","2025-06-26 20:48",,"2","Mud Flats Overlook, Moran, Wyoming 83013, United States",,"44.000423","-110.677505","63319.13","Jackson Lake Overlook, Moran, Wyoming 83013, United States",,"43.981823","-110.662440","63320.48","41","40","69.15","67.10","45","53","2.59","0.00","1.35","0.60","444"
"2025-06-26 20:52","2025-06-26 21:10",,"17","Jackson Lake Overlook, Moran, Wyoming 83013, United States",,"43.981823","-110.662440","63320.63","Catholic Bay Turnout, Moran, Wyoming 83013, United States",,"43.848427","-110.594370","63333.88","41","35","69.94","67.10","46","59","14.31","0.00","13.17","3.26","248"
"2025-06-26 21:10","2025-06-26 21:29",,"18","Catholic Bay Turnout, Moran, Wyoming 83013, United States",,"43.848427","-110.594370","63333.88","595 Signal Mountain Road, Moran, Wyoming 83012, United States",,"43.849304","-110.567220","63343.18","35","29","69.80","67.28","32","54","18.58","0.00","9.18","4.18","455"
"2025-06-26 21:36","2025-06-26 21:36",,"0","595 Signal Mountain Road, Moran, Wyoming 83012, United States",,"43.849304","-110.567220","63343.18","595 Signal Mountain Road, Moran, Wyoming 83012, United States",,"43.849304","-110.567220","63343.18","28","28","72.50","63.50","0","0","0.00","0.00","0.00","0.02",
"2025-06-26 21:36","2025-06-26 21:41",,"4","595 Signal Mountain Road, Moran, Wyoming 83012, United States",,"43.849304","-110.567220","63343.18","Signal Mountain Road, Moran, Wyoming 83012, United States",,"43.846610","-110.574240","63343.98","28","28","70.65","63.50","13","19","0.50","0.00","0.78","0.00","0"
"2025-06-26 21:51","2025-06-26 22:03",,"12","Signal Mountain Road, Moran, Wyoming 83012, United States",,"43.846610","-110.574240","63343.98","Teton Park Road, Alta, Wyoming 83012, United States",,"43.807228","-110.628520","63349.56","28","28","69.67","61.57","29","56","1.00","0.00","5.58","0.14","25"
"2025-06-26 22:03","2025-06-26 22:20",,"17","Teton Park Road, Alta, Wyoming 83012, United States",,"43.807228","-110.628520","63349.56","Teton Park Road, Alta, Wyoming 83012, United States",,"43.693027","-110.732890","63361.33","28","24","63.84","61.20","46","59","9.96","0.00","11.78","2.28","194"
"2025-06-26 22:20","2025-06-26 22:22",,"1","Teton Park Road, Alta, Wyoming 83012, United States",,"43.693027","-110.732890","63361.33","Teton Park Road, Alta, Wyoming 83012, United States",,"43.693027","-110.732890","63361.33","24","24","63.50","59.90","0","0","0.00","0.00","0.00","0.02",
"2025-06-26 22:22","2025-06-26 22:56",,"34","Teton Park Road, Alta, Wyoming 83012, United States",,"43.693027","-110.732890","63361.33","50 West Deloney Avenue, Jackson, Wyoming 83001, United States",,"43.480278","-110.762886","63378.51","24","18","63.50","57.09","37","59","16.65","0.00","17.18","3.80","221"
"2025-06-27 00:14","2025-06-27 00:18",,"3","50 West Deloney Avenue, Jackson, Wyoming 83001, United States",,"43.480274","-110.762886","63378.51","750 West Broadway Avenue, Jackson, Wyoming 83001, United States",,"43.474350","-110.778564","63379.58","17","16","66.29","63.14","17","30","2.85","0.00","1.07","0.64","598"
"2025-06-27 00:19","2025-06-27 00:23",,"4","750 West Broadway Avenue, Jackson, Wyoming 83001, United States",,"43.474350","-110.778530","63379.58","1140 Gregory Lane, Jackson, Wyoming 83001, United States",,"43.463997","-110.794980","63381.03","16","15","67.82","58.69","31","40","3.60","0.00","1.45","0.76","524"
"2025-06-27 01:38","2025-06-27 01:39",,"1","1140 Gregory Lane, Jackson, Wyoming 83001, United States",,"43.463997","-110.794980","63381.03","1140 Gregory Lane, Jackson, Wyoming 83001, United States",,"43.464010","-110.794950","63381.16","98","98","67.82","58.10","10","11","0.17","0.00","0.13","0.10","769"
"2025-06-27 09:10","2025-06-27 09:15",,"4","1140 Gregory Lane, Jackson, Wyoming 83001, United States",,"43.464010","-110.794950","63381.16","1055 West Broadway Avenue, Jackson, Wyoming 83001, United States",,"43.473915","-110.787030","63382.13","92","91","65.48","52.70","19","27","1.76","0.00","0.97","0.50","515"
"2025-06-27 09:22","2025-06-27 09:25",,"3","1055 West Broadway Avenue, Jackson, Wyoming 83001, United States",,"43.473915","-110.787030","63382.15","1140 Wyoming Highway 22, Jackson, Wyoming 83001, United States",,"43.474148","-110.789185","63382.40","91","91","62.42","53.46","6","10","0.67","0.00","0.25","0.16","640"
"2025-06-27 09:25","2025-06-27 09:44",,"18","1140 Wyoming Highway 22, Jackson, Wyoming 83001, United States",,"43.474148","-110.789185","63382.40","Wyoming Highway 22, Wilson, Wyoming 83014, United States",,"43.499683","-110.938150","63392.94","91","80","63.16","55.62","38","51","28.79","0.00","10.54","6.52","619"
"2025-06-27 09:50","2025-06-27 10:09",,"19","Wyoming Highway 22, Wilson, Wyoming 83014, United States",,"43.499683","-110.938150","63393.05","175 West Center Street, Victor, Idaho 83455, United States",,"43.602943","-111.115850","63406.44","80","79","68.68","58.84","45","70","2.85","0.00","13.33","0.62","47"
"2025-06-27 10:23","2025-06-27 12:18",,"115","175 West Center Street, Victor, Idaho 83455, United States",,"43.602943","-111.115850","63406.44","4444 Yellowstone Avenue, Chubbuck, Idaho 83202, United States",,"42.914078","-112.465700","63519.47","79","26","64.27","74.05","61","85","140.67","0.00","113.03","31.68","280"
"2025-06-27 12:27","2025-06-27 12:35",,"8","4444 Yellowstone Avenue, Chubbuck, Idaho 83202, United States",,"42.914078","-112.465700","63519.55","1399 Bench Road, Pocatello, Idaho 83201, United States",,"42.899710","-112.435280","63522.48","26","24","63.55","84.78","25","60","6.03","0.00","2.93","1.26","430"
"2025-06-27 12:35","2025-06-27 12:36",,"0","1399 Bench Road, Pocatello, Idaho 83201, United States",,"42.899710","-112.435280","63522.48","1399 Bench Road, Pocatello, Idaho 83201, United States",,"42.899693","-112.435310","63522.49","24","24","62.24","85.10","2","2","0.00","0.00","0.01","0.10","10000"
"2025-06-27 13:32","2025-06-27 13:32",,"0","1399 Bench Road, Pocatello, Idaho 83201, United States",,"42.899647","-112.435265","63522.49","1333 Bench Road, Pocatello, Idaho 83201, United States",,"42.899796","-112.434830","63522.50","96","96","71.24","85.10","0","0","-0.17","0.00","0.01","-0.12","-12000"
"2025-06-27 13:32","2025-06-27 14:13",,"40","1333 Bench Road, Pocatello, Idaho 83201, United States",,"42.899796","-112.434830","63522.50","Interstate 15, Pocatello, Idaho 83402, United States",,"42.800266","-112.336580","63532.28","96","89","69.94","91.69","39","84","18.33","0.00","9.77","4.24","434"
"2025-06-27 14:13","2025-06-27 15:33",,"79","Interstate 15, Pocatello, Idaho 83402, United States",,"42.800266","-112.336580","63532.28","290 Meadowview Drive, Arimo, Idaho 83214, United States",,"42.565920","-112.177070","63553.49","89","69","65.19","99.00","27","81","53.14","0.00","21.21","12.02","567"
"2025-06-27 15:34","2025-06-27 15:35",,"1","290 Meadowview Drive, Arimo, Idaho 83214, United States",,"42.565920","-112.177070","63553.49","290 Meadowview Drive, Arimo, Idaho 83214, United States",,"42.565956","-112.177830","63553.50","69","69","67.64","90.50","10","10","0.17","0.00","0.01","0.02","2000"
"2025-06-27 15:41","2025-06-27 15:42",,"1","290 Meadowview Drive, Arimo, Idaho 83214, United States",,"42.565956","-112.177830","63553.54","290 Meadowview Drive, Arimo, Idaho 83214, United States",,"42.565853","-112.177216","63553.62","69","69","81.32","90.50","5","6","0.33","0.00","0.09","0.14","1556"
"2025-06-27 16:04","2025-06-27 16:05",,"0","290 Meadowview Drive, Arimo, Idaho 83214, United States",,"42.565853","-112.177216","63553.62","290 Meadowview Drive, Arimo, Idaho 83214, United States",,"42.566288","-112.176830","63553.68","67","67","56.66","99.50","8","8","0.00","0.00","0.06","0.00","0"
"2025-06-27 16:05","2025-06-27 17:20",,"75","290 Meadowview Drive, Arimo, Idaho 83214, United States",,"42.566288","-112.176830","63553.68","1775 West, Farr West, Utah 84404, United States",,"41.307590","-112.021810","63646.51","67","13","58.35","93.63","76","85","143.77","0.00","92.83","32.54","351"
"2025-06-27 17:38","2025-06-27 19:31",,"113","1775 West, Farr West, Utah 84404, United States",,"41.307590","-112.021810","63646.52","1328 University Avenue, Provo, Utah 84601, United States",,"40.215904","-111.659980","63735.07","64","25","66.38","97.99","48","82","103.26","0.00","88.55","23.06","260"
"2025-06-27 20:44","2025-06-27 20:46",,"1","1328 University Avenue, Provo, Utah 84601, United States",,"40.215904","-111.659980","63735.07","1328 University Avenue, Provo, Utah 84601, United States",,"40.215843","-111.659910","63735.09","24","24","85.28","96.98","0","0","0.17","0.00","0.01","0.10","10000"
"2025-06-27 20:46","2025-06-27 20:51",,"5","1328 University Avenue, Provo, Utah 84601, United States",,"40.215843","-111.659910","63735.09","1551 1750 West, Springville, Utah 84663, United States",,"40.189365","-111.642970","63737.78","24","22","75.94","95.38","29","71","4.94","0.00","2.69","0.98","364"
"2025-06-27 21:07","2025-06-27 21:15",,"7","1551 1750 West, Springville, Utah 84663, United States",,"40.189365","-111.642970","63737.82","2255 East Texas Avenue, Provo, Utah 84606, United States",,"40.201420","-111.619675","63741.84","22","20","66.83","92.21","33","76","5.86","0.00","4.02","1.36","338"
"2025-06-27 23:35","2025-06-27 23:43",,"8","2255 East Texas Avenue, Provo, Utah 84606, United States",,"40.201424","-111.619675","63741.86","1211 University Avenue, Provo, Utah 84601, United States",,"40.218403","-111.658110","63745.02","19","18","71.28","82.02","25","46","2.85","0.00","3.15","0.82","260"
"2025-06-27 23:44","2025-06-27 23:56",,"12","1211 University Avenue, Provo, Utah 84601, United States",,"40.218403","-111.658110","63745.02","1501 40 East, Provo, Utah 84606, United States",,"40.214230","-111.656730","63746.02","18","17","65.66","79.70","11","24","2.09","0.00","1.00","0.64","640"
"2025-06-28 00:18","2025-06-28 00:18",,"0","1501 40 East, Provo, Utah 84606, United States",,"40.214230","-111.656730","63746.02","1505 40 East, Provo, Utah 84606, United States",,"40.213985","-111.656700","63746.03","73","73","65.66","79.70","0","0","0.00","0.00","0.01","0.00","0"
"2025-06-28 00:18","2025-06-28 00:21",,"2","1505 40 East, Provo, Utah 84606, United States",,"40.213985","-111.656700","63746.03","1272 Towne Centre Boulevard, Provo, Utah 84601, United States",,"40.215940","-111.660614","63746.55","73","73","65.66","79.70","10","15","1.00","0.00","0.52","0.24","462"
"2025-06-28 00:21","2025-06-28 00:22",,"0","1272 Towne Centre Boulevard, Provo, Utah 84601, United States",,"40.215940","-111.660614","63746.55","1272 Towne Centre Boulevard, Provo, Utah 84601, United States",,"40.215940","-111.660576","63746.55","73","73","65.66","80.15","0","0","0.17","0.00","0.00","0.12",
"2025-06-28 11:22","2025-06-28 11:26",,"3","1272 Towne Centre Boulevard, Provo, Utah 84601, United States",,"40.215940","-111.660576","63746.55","698 300 South, Provo, Utah 84606, United States",,"40.229430","-111.646810","63748.22","98","97","62.06","78.44","32","43","2.85","0.00","1.67","0.64","383"
"2025-06-28 11:26","2025-06-28 11:42",,"15","698 300 South, Provo, Utah 84606, United States",,"40.229430","-111.646810","63748.22","656 Freedom Boulevard, Provo, Utah 84601, United States",,"40.242477","-111.661820","63751.74","97","95","66.27","84.70","15","39","6.95","0.00","3.52","1.48","420"
"2025-06-28 11:42","2025-06-28 11:57",,"14","656 Freedom Boulevard, Provo, Utah 84601, United States",,"40.242477","-111.661820","63751.74","2255 East Texas Avenue, Provo, Utah 84606, United States",,"40.201412","-111.619675","63756.34","95","91","65.97","85.26","30","57","9.46","0.00","4.60","1.98","430"
"2025-06-28 12:24","2025-06-28 13:30",,"66","2255 East Texas Avenue, Provo, Utah 84606, United States",,"40.201440","-111.619660","63756.46","Khyv Peak Road, Provo, Utah 84604, United States",,"40.282600","-111.605286","63779.89","89","63","63.55","88.18","26","56","69.71","0.00","23.39","16.08","687"
"2025-06-28 14:14","2025-06-28 15:05",,"51","Khyv Peak Road, Provo, Utah 84604, United States",,"40.282600","-111.605286","63779.89","2255 East Texas Avenue, Provo, Utah 84606, United States",,"40.201416","-111.619680","63800.61","61","58","64.31","88.32","26","72","8.70","0.00","20.72","1.98","96"
"2025-06-28 15:05","2025-06-28 15:07",,"1","2255 East Texas Avenue, Provo, Utah 84606, United States",,"40.201416","-111.619680","63800.61","2284 South Dakota Avenue, Provo, Utah 84606, United States",,"40.202843","-111.620570","63800.77","58","57","65.55","94.10","17","18","0.42","0.00","0.16","0.26","1625"
"2025-06-28 15:07","2025-06-28 15:16",,"8","2284 South Dakota Avenue, Provo, Utah 84606, United States",,"40.202843","-111.620570","63800.77","1328 University Avenue, Provo, Utah 84601, United States",,"40.215847","-111.659990","63803.59","57","56","67.57","95.13","27","50","4.27","0.00","2.82","0.76","270"
"2025-06-28 15:20","2025-06-28 15:34",,"14","1328 University Avenue, Provo, Utah 84601, United States",,"40.215847","-111.659990","63803.59","345 University Parkway, Orem, Utah 84058, United States",,"40.274067","-111.686410","63811.23","55","50","66.60","96.85","41","76","14.23","0.00","7.64","3.18","416"
"2025-06-28 15:43","2025-06-28 15:44",,"1","345 University Parkway, Orem, Utah 84058, United States",,"40.274067","-111.686410","63811.29","331 University Parkway, Orem, Utah 84058, United States",,"40.273680","-111.686485","63811.33","49","49","63.19","99.50","7","7","0.17","0.00","0.04","0.08","2000"
"2025-06-28 15:44","2025-06-28 15:54",,"10","331 University Parkway, Orem, Utah 84058, United States",,"40.273680","-111.686485","63811.33","414 1400 South, Orem, Utah 84058, United States",,"40.271313","-111.684610","63811.93","49","48","62.65","96.58","13","20","2.76","0.00","0.60","0.64","1067"
"2025-06-28 15:57","2025-06-28 15:57",,"0","414 1400 South, Orem, Utah 84058, United States",,"40.271313","-111.684610","63811.93","414 1400 South, Orem, Utah 84058, United States",,"40.271313","-111.684610","63811.93","48","48","59.36","77.90","0","0","0.17","0.00","0.00","0.00",
"2025-06-28 16:01","2025-06-28 16:13",,"11","414 1400 South, Orem, Utah 84058, United States",,"40.271313","-111.684610","63811.93","1272 Towne Centre Boulevard, Provo, Utah 84601, United States",,"40.215946","-111.660580","63816.63","48","46","64.33","92.12","25","45","5.86","0.00","4.70","1.34","285"
"2025-06-28 16:38","2025-06-28 16:40",,"2","1272 Towne Centre Boulevard, Provo, Utah 84601, United States",,"40.215946","-111.660580","63816.63","1410 University Avenue, Provo, Utah 84601, United States",,"40.215244","-111.659450","63816.90","46","45","93.38","97.70","11","21","0.75","0.00","0.24","0.18","750"
"2025-06-28 16:47","2025-06-28 16:49",,"2","1410 University Avenue, Provo, Utah 84601, United States",,"40.215244","-111.659450","63816.90","1322 University Avenue, Provo, Utah 84601, United States",,"40.216010","-111.659454","63817.42","45","45","83.55","99.25","11","19","1.26","0.00","0.48","0.16","333"
"2025-06-28 16:50","2025-06-28 16:51",,"1","1322 University Avenue, Provo, Utah 84601, United States",,"40.216010","-111.659454","63817.42","1272 Towne Centre Boulevard, Provo, Utah 84601, United States",,"40.215946","-111.660600","63817.56","45","45","78.55","97.70","12","13","0.17","0.00","0.14","0.12","857"
"2025-06-28 16:51","2025-06-28 16:53",,"2","1272 Towne Centre Boulevard, Provo, Utah 84601, United States",,"40.215946","-111.660600","63817.56","1410 University Avenue, Provo, Utah 84601, United States",,"40.215145","-111.659480","63817.77","45","44","75.20","97.95","9","13","0.92","0.00","0.21","0.14","667"
"2025-06-28 16:57","2025-06-28 16:59",,"2","1410 University Avenue, Provo, Utah 84601, United States",,"40.215145","-111.659480","63817.77","1272 Towne Centre Boulevard, Provo, Utah 84601, United States",,"40.215965","-111.660576","63818.38","44","44","73.76","99.50","15","28","1.26","0.00","0.61","0.20","328"
"2025-06-28 19:17","2025-06-28 19:26",,"9","1272 Towne Centre Boulevard, Provo, Utah 84601, United States",,"40.215965","-111.660576","63818.38","2255 East Texas Avenue, Provo, Utah 84606, United States",,"40.201430","-111.619640","63821.50","44","41","70.16","101.30","26","49","6.78","0.00","3.12","1.68","538"
"2025-06-28 19:32","2025-06-28 19:51",,"19","2255 East Texas Avenue, Provo, Utah 84606, United States",,"40.201430","-111.619640","63821.50","1565 Canyon Parkway, Orem, Utah 84097, United States",,"40.313366","-111.658590","63830.74","41","35","65.82","95.11","32","49","13.89","0.00","9.24","3.14","340"
"2025-06-28 19:57","2025-06-28 20:36",,"38","1565 Canyon Parkway, Orem, Utah 84097, United States",,"40.313366","-111.658590","63830.74","Alpine Summit Road, Sundance, Utah 84604, United States",,"40.430885","-111.613980","63847.55","35","17","66.20","79.92","28","55","48.37","0.00","16.81","10.98","653"
"2025-06-28 23:04","2025-06-28 23:54",,"50","Alpine Summit Road, Sundance, Utah 84604, United States",,"40.430890","-111.613970","63847.55","2255 East Texas Avenue, Provo, Utah 84606, United States",,"40.201443","-111.619630","63872.23","16","16","66.38","66.07","29","63","-1.17","0.00","24.68","-0.30","-12"
"2025-06-29 00:04","2025-06-29 00:10",,"6","2255 East Texas Avenue, Provo, Utah 84606, United States",,"40.201443","-111.619630","63872.23","141 East Bay Boulevard, Provo, Utah 84606, United States",,"40.214340","-111.656720","63874.99","16","15","65.84","77.90","24","47","2.26","0.00","2.73","0.50","183"
"2025-06-29 00:20","2025-06-29 00:22",,"2","141 East Bay Boulevard, Provo, Utah 84606, United States",,"40.214340","-111.656720","63874.99","1410 University Avenue, Provo, Utah 84601, United States",,"40.215057","-111.659620","63875.31","40","42","66.74","77.90","11","18","-5.27","0.00","0.31","-1.18","-3806"
"2025-06-29 00:29","2025-06-29 00:32",,"3","1410 University Avenue, Provo, Utah 84601, United States",,"40.215057","-111.659620","63875.36","1272 Towne Centre Boulevard, Provo, Utah 84601, United States",,"40.215992","-111.660590","63875.97","42","41","68.99","77.90","14","26","0.92","0.00","0.61","0.24","393"
"2025-06-29 10:16","2025-06-29 10:28",,"12","1272 Towne Centre Boulevard, Provo, Utah 84601, United States",,"40.215992","-111.660590","63875.97","345 University Parkway, Orem, Utah 84058, United States",,"40.274033","-111.686410","63880.91","99","95","69.51","74.30","29","48","9.12","0.00","4.94","1.90","385"
"2025-06-29 10:30","2025-06-29 10:36",,"5","345 University Parkway, Orem, Utah 84058, United States",,"40.274033","-111.686410","63880.94","1313 State Street, Provo, Utah 84604, United States",,"40.251620","-111.668380","63883.11","95","95","68.92","74.95","26","49","1.67","0.00","2.17","0.38","175"
"2025-06-29 10:48","2025-06-29 10:55",,"6","1313 State Street, Provo, Utah 84604, United States",,"40.251620","-111.668380","63883.18","1272 Towne Centre Boulevard, Provo, Utah 84601, United States",,"40.216003","-111.660610","63886.29","95","93","70.95","77.70","27","44","3.93","0.00","3.12","0.82","263"
"2025-06-29 10:55","2025-06-29 10:58",,"2","1272 Towne Centre Boulevard, Provo, Utah 84601, United States",,"40.216003","-111.660610","63886.29","1316 University Avenue, Provo, Utah 84601, United States",,"40.216156","-111.659860","63886.38","93","93","67.01","77.90","10","15","0.33","0.00","0.08","0.14","1750"
"2025-06-29 13:03","2025-06-29 13:04",,"0","1316 University Avenue, Provo, Utah 84601, United States",,"40.216156","-111.659860","63886.39","1290 University Avenue, Provo, Utah 84601, United States",,"40.216090","-111.660620","63886.52","90","90","65.30","90.50","14","14","0.33","0.00","0.12","0.00","0"
"2025-06-29 13:16","2025-06-29 13:18",,"2","1290 University Avenue, Provo, Utah 84601, United States",,"40.216120","-111.660620","63886.53","1290 South University Avenue, Provo, Utah 84601, United States",,"40.216220","-111.660040","63886.62","89","88","67.08","95.90","9","9","0.67","0.00","0.09","0.20","2222"
"2025-06-29 13:25","2025-06-29 13:33",,"7","1290 South University Avenue, Provo, Utah 84601, United States",,"40.216220","-111.660040","63886.64","1117 400 South, Springville, Utah 84663, United States",,"40.159546","-111.630806","63891.73","88","85","67.64","93.15","42","79","8.03","0.00","5.09","1.80","354"
"2025-06-29 14:02","2025-06-29 14:03",,"0","1117 400 South, Springville, Utah 84663, United States",,"40.159546","-111.630806","63891.73","1117 400 South, Springville, Utah 84663, United States",,"40.159546","-111.630806","63891.73","82","82","62.24","95.90","0","0","0.17","0.00","0.00","0.00",
"2025-06-29 14:03","2025-06-29 14:04",,"1","1117 400 South, Springville, Utah 84663, United States",,"40.159546","-111.630806","63891.73","1129 400 South, Springville, Utah 84663, United States",,"40.160328","-111.630830","63891.80","82","82","62.24","95.90","17","17","0.42","0.00","0.07","0.00","0"
"2025-06-29 14:12","2025-06-29 15:34",,"82","1129 400 South, Springville, Utah 84663, United States",,"40.160328","-111.630830","63891.80","2195 South Arena Road, Price, Utah 84542, United States",,"39.543860","-110.689750","63970.07","82","42","66.09","90.01","58","75","107.28","0.00","78.27","24.24","310"
"2025-06-29 16:18","2025-06-29 17:15",,"57","2195 South Arena Road, Price, Utah 84542, United States",,"39.543860","-110.689750","63970.09","1765 East Main Street, Green River, Utah 84525, United States",,"38.993786","-110.140650","64028.32","95","68","63.07","96.08","61","91","73.72","0.00","58.23","16.70","287"
"2025-06-29 17:27","2025-06-29 17:28",,"0","1765 East Main Street, Green River, Utah 84525, United States",,"38.993786","-110.140650","64028.36","1187 East Main Street, Green River, Utah 84525, United States",,"38.993523","-110.140550","64028.38","67","67","65.12","103.10","0","1","0.17","0.00","0.02","0.08","4000"
"2025-06-29 17:42","2025-06-29 17:43",,"0","1187 East Main Street, Green River, Utah 84525, United States",,"38.993523","-110.140550","64028.39","1187 East Main Street, Green River, Utah 84525, United States",,"38.993355","-110.140960","64028.40","78","78","81.32","103.10","2","2","0.00","0.00","0.01","-0.32","-32000"
"2025-06-29 17:43","2025-06-29 17:44",,"1","1187 East Main Street, Green River, Utah 84525, United States",,"38.993355","-110.140960","64028.40","420 S 2490 E, Green River, Utah 84525, United States",,"38.990520","-110.132996","64028.92","78","78","80.78","103.10","13","50","2.18","0.00","0.52","0.30","577"
"2025-06-29 17:58","2025-06-29 18:17",,"19","420 S 2490 E, Green River, Utah 84525, United States",,"38.990520","-110.132996","64028.98","Dinosaur Diamond Prehistoric Highway, Moab, Utah 84532, United States",,"38.894920","-109.814010","64051.09","77","61","58.23","102.02","72","83","41.09","0.00","22.11","9.28","420"
"2025-06-29 18:20","2025-06-29 18:40",,"20","Dinosaur Diamond Prehistoric Highway, Moab, Utah 84532, United States",,"38.894920","-109.814010","64051.09","238 Utah Highway 313, Moab, Utah 84532, United States",,"38.669350","-109.695240","64068.91","61","53","58.28","100.54","58","72","23.93","0.00","17.82","5.30","297"
"2025-06-29 18:42","2025-06-29 19:19",,"36","238 Utah Highway 313, Moab, Utah 84532, United States",,"38.669350","-109.695240","64068.91","Meader Ranch Road, Moab, Utah 84532, United States",,"38.481525","-109.409190","64092.46","53","37","63.05","101.64","42","71","41.76","0.00","23.55","9.46","402"
"2025-06-29 19:34","2025-06-29 20:13",,"38","Meader Ranch Road, Moab, Utah 84532, United States",,"38.481537","-109.409220","64092.46","Main Park Road, Moab, Utah 84532, United States",,"38.617980","-109.610560","64111.42","36","29","63.23","101.43","31","63","20.00","0.00","18.95","4.82","254"
"2025-06-29 20:13","2025-06-29 20:33",,"19","Main Park Road, Moab, Utah 84532, United States",,"38.617980","-109.610560","64111.42","Main Park Road, Moab, Utah 84532, United States",,"38.726482","-109.538930","64121.52","28","22","61.12","99.66","32","48","15.06","0.00","10.11","3.52","348"
"2025-06-29 20:33","2025-06-29 20:33",,"0","Main Park Road, Moab, Utah 84532, United States",,"38.725914","-109.539085","64121.52","Main Park Road, Moab, Utah 84532, United States",,"38.726482","-109.538930","64121.52","22","22","60.62","95.90","30","30","0.00","0.00","0.00","0.00",
"2025-06-29 20:33","2025-06-29 20:38",,"4","Main Park Road, Moab, Utah 84532, United States",,"38.726482","-109.538930","64121.52","Delicate Arch Road, Moab, Utah 84532, United States",,"38.735640","-109.521050","64122.93","22","22","60.62","96.04","27","38","0.59","0.00","1.41","0.02","14"
"2025-06-29 20:41","2025-06-29 20:45",,"4","Delicate Arch Road, Moab, Utah 84532, United States",,"38.735640","-109.521050","64122.95","Main Park Road, Moab, Utah 84532, United States",,"38.723267","-109.547540","64124.89","22","20","60.62","99.50","31","39","6.44","0.00","1.94","1.28","660"
"2025-06-29 20:46","2025-06-29 20:51",,"5","Main Park Road, Moab, Utah 84532, United States",,"38.723267","-109.547540","64124.89","Windows Road, Moab, Utah 84532, United States",,"38.696564","-109.551930","64127.71","20","17","63.50","97.70","36","49","7.95","0.00","2.82","1.74","617"
"2025-06-29 20:52","2025-06-29 20:55",,"3","Windows Road, Moab, Utah 84532, United States",,"38.696564","-109.551930","64127.71","Windows Road, Moab, Utah 84532, United States",,"38.687992","-109.538690","64129.16","17","16","61.11","94.10","23","38","2.01","0.00","1.45","0.54","372"
"2025-06-29 21:23","2025-06-29 21:49",,"25","Windows Road, Moab, Utah 84532, United States",,"38.687984","-109.538680","64129.17","817 Main Street, Moab, Utah 84532, United States",,"38.585850","-109.556640","64144.91","16","11","62.74","94.23","37","57","11.63","0.00","15.74","2.62","166"
"2025-06-29 22:10","2025-06-29 22:12",,"2","817 Main Street, Moab, Utah 84532, United States",,"38.585850","-109.556640","64144.94","574 North Main Street, Moab, Utah 84532, United States",,"38.581814","-109.551605","64145.41","64","63","75.07","96.49","19","31","0.92","0.00","0.43","0.24","558"
"2025-06-29 22:46","2025-06-29 22:50",,"3","574 North Main Street, Moab, Utah 84532, United States",,"38.581814","-109.551605","64145.41","260 North Main Street, Moab, Utah 84532, United States",,"38.577070","-109.550220","64147.15","63","62","82.00","101.79","30","43","1.84","0.00","1.75","0.46","263"
"2025-06-29 22:53","2025-06-29 23:00",,"7","260 North Main Street, Moab, Utah 84532, United States",,"38.577070","-109.550220","64147.15","805 North Main Street, Moab, Utah 84532, United States",,"38.585964","-109.556760","64149.42","62","61","68.88","97.21","22","44","3.18","0.00","2.27","0.70","308"
"2025-06-29 23:01","2025-06-29 23:03",,"2","805 North Main Street, Moab, Utah 84532, United States",,"38.585964","-109.556760","64149.42","574 North Main Street, Moab, Utah 84532, United States",,"38.581840","-109.551605","64149.89","61","60","66.38","95.90","9","47","1.26","0.00","0.47","0.26","553"
"2025-06-30 10:26","2025-06-30 10:28",,"2","574 North Main Street, Moab, Utah 84532, United States",,"38.581837","-109.551605","64149.90","817 Main Street, Moab, Utah 84532, United States",,"38.585860","-109.556640","64150.29","55","54","63.12","86.00","33","38","1.51","0.00","0.39","0.32","821"
"2025-06-30 10:41","2025-06-30 11:24",,"42","817 Main Street, Moab, Utah 84532, United States",,"38.585860","-109.556640","64150.36","Grand Army of the Republic Highway, Moab, Utah 84532, United States",,"38.939857","-109.512910","64197.43","75","47","64.53","89.46","68","88","75.65","0.00","47.07","17.28","367"
"2025-06-30 11:24","2025-06-30 11:52",,"28","Grand Army of the Republic Highway, Moab, Utah 84532, United States",,"38.939857","-109.512910","64197.43","Dinosaur Diamond Prehistoric Highway, Mack, Colorado 81524, United States",,"39.210220","-108.970210","64234.81","47","21","64.18","91.72","77","85","68.45","0.00","37.38","15.60","417"
"2025-06-30 11:53","2025-06-30 12:12",,"19","Dinosaur Diamond Prehistoric Highway, Mack, Colorado 81524, United States",,"39.210220","-108.970210","64234.81","2420 Highway 6 & 50, Grand Junction, Colorado 81505, United States",,"39.090790","-108.604330","64258.08","21","7","63.46","89.78","71","92","38.91","0.00","23.27","8.72","375"
"2025-06-30 12:45","2025-06-30 13:26",,"41","2420 Highway 6 & 50, Grand Junction, Colorado 81505, United States",,"39.090790","-108.604330","64258.11","49019 Ke Road, Mesa, Colorado 81643, United States",,"39.166016","-108.138660","64293.41","74","50","65.80","93.88","55","82","63.18","0.00","35.23","14.48","411"
"2025-06-30 13:34","2025-06-30 13:47",,"12","49019 Ke Road, Mesa, Colorado 81643, United States",,"39.166016","-108.138660","64293.41","Colorado Highway 65, Mesa, Colorado 81643, United States",,"39.072407","-108.100480","64303.59","49","34","60.85","89.76","49","57","41.84","0.00","10.17","8.96","881"
"2025-06-30 13:51","2025-06-30 13:55",,"3","Colorado Highway 65, Mesa, Colorado 81643, United States",,"39.072407","-108.100480","64303.60","Colorado Highway 65, Mesa, Colorado 81643, United States",,"39.061825","-108.100470","64305.53","33","30","63.19","77.00","32","43","8.28","0.00","1.80","1.84","1022"
"2025-06-30 14:01","2025-06-30 14:01",,"0","Colorado Highway 65, Mesa, Colorado 81643, United States",,"39.061825","-108.100470","64305.53","Colorado Highway 65, Mesa, Colorado 81643, United States",,"39.061825","-108.100470","64305.53","30","30","65.30","77.00","0","0","0.00","0.00","0.00","0.00",
"2025-06-30 14:01","2025-06-30 14:09",,"7","Colorado Highway 65, Mesa, Colorado 81643, United States",,"39.061825","-108.100470","64305.53","Colorado Highway 65, Mesa, Colorado 81643, United States",,"39.047626","-108.067116","64310.10","30","25","64.60","75.67","45","54","13.97","0.00","4.54","3.02","665"
"2025-06-30 14:09","2025-06-30 14:21",,"12","Colorado Highway 65, Mesa, Colorado 81643, United States",,"39.047626","-108.067116","64310.10","25780 Colorado Highway 65, Cedaredge, Colorado 81413, United States",,"39.042534","-107.995540","64316.16","25","22","61.74","66.65","27","60","7.78","0.00","5.88","1.96","333"
"2025-06-30 14:28","2025-06-30 14:35",,"6","25780 Colorado Highway 65, Cedaredge, Colorado 81413, United States",,"39.042534","-107.995540","64316.16","Deep Slough Road, Cedaredge, Colorado 81413, United States",,"39.034990","-107.985560","64318.04","22","21","61.79","64.40","17","52","1.17","0.00","1.88","0.26","138"
"2025-06-30 14:42","2025-06-30 16:01",,"79","Deep Slough Road, Cedaredge, Colorado 81413, United States",,"39.034990","-107.985560","64318.06","450 Airport Road, Rifle, Colorado 81650, United States",,"39.522774","-107.774510","64383.54","21","5","69.03","81.70","50","84","43.85","0.00","65.47","9.86","151"
"2025-06-30 16:02","2025-06-30 16:02",,"0","450 Airport Road, Rifle, Colorado 81650, United States",,"39.522774","-107.774510","64383.52","450 Airport Road, Rifle, Colorado 81650, United States",,"39.522778","-107.774530","64383.54","5","5","67.10","96.80","2","2","0.00","0.00","0.01","0.02","2000"
"2025-06-30 16:34","2025-06-30 16:36",,"2","450 Airport Road, Rifle, Colorado 81650, United States",,"39.522778","-107.774530","64383.54","800 Airport Road, Rifle, Colorado 81650, United States",,"39.523705","-107.769330","64383.88","81","81","60.24","96.80","14","25","-0.17","0.00","0.34","0.20","588"
"2025-06-30 16:41","2025-06-30 18:23",,"101","800 Airport Road, Rifle, Colorado 81650, United States",,"39.523705","-107.769330","64383.88","1202 Summit Boulevard, Frisco, Colorado 80443, United States",,"39.591070","-106.096930","64496.98","81","13","61.43","88.65","67","85","180.42","0.00","113.11","40.58","359"
"2025-06-30 18:35","2025-06-30 18:36",,"0","1202 Summit Boulevard, Frisco, Colorado 80443, United States",,"39.591070","-106.096930","64497.01","55 Lusher Court, Frisco, Colorado 80443, United States",,"39.591293","-106.096530","64497.03","54","54","66.20","68.00","0","1","-2.34","0.00","0.02","-0.54","-27000"
"2025-06-30 18:42","2025-06-30 19:38",,"56","55 Lusher Court, Frisco, Colorado 80443, United States",,"39.591293","-106.096530","64497.04","Interstate 70, Lakewood, Colorado 80401, United States",,"39.740936","-105.157265","64557.33","54","36","66.16","64.80","65","82","47.78","0.00","60.29","10.90","181"
"2025-06-30 19:38","2025-06-30 20:01",,"22","Interstate 70, Lakewood, Colorado 80401, United States",,"39.740936","-105.157265","64557.33","8900 Grant Street, Thornton, Colorado 80229, United States",,"39.858124","-104.984375","64572.68","36","30","65.48","79.47","44","76","14.48","0.00","15.35","3.32","216"
"2025-06-30 20:06","2025-06-30 20:07",,"1","8900 Grant Street, Thornton, Colorado 80229, United States",,"39.858124","-104.984375","64572.68","8900 Grant Street, Thornton, Colorado 80229, United States",,"39.858437","-104.983450","64572.78","30","30","70.88","81.50","5","9","0.33","0.00","0.10","0.08","800"
"2025-06-30 20:57","2025-06-30 21:12",,"15","8900 Grant Street, Thornton, Colorado 80229, United States",,"39.858437","-104.983450","64572.81","2366 15th Street, Denver, Colorado 80202, United States",,"39.756203","-105.009094","64581.46","30","26","67.17","82.96","42","77","10.38","0.00","8.65","2.28","264"
"2025-06-30 22:16","2025-06-30 22:31",,"14","2366 15th Street, Denver, Colorado 80202, United States",,"39.756203","-105.009094","64581.46","8900 Grant Street, Thornton, Colorado 80229, United States",,"39.858105","-104.983710","64589.79","26","21","68.74","79.99","41","68","11.05","0.00","8.34","2.50","300"
"2025-07-01 08:01","2025-07-01 08:28",,"27","8900 Grant Street, Thornton, Colorado 80229, United States",,"39.858128","-104.983710","64589.81","811 Thornton Parkway, Thornton, Colorado 80229, United States",,"39.871468","-104.975970","64597.03","19","15","64.74","68.56","30","50","10.04","0.00","7.22","2.24","310"
"2025-07-01 08:33","2025-07-01 08:44",,"11","811 Thornton Parkway, Thornton, Colorado 80229, United States",,"39.871468","-104.975970","64597.03","3111 East 124th Avenue, Thornton, Colorado 80241, United States",,"39.921215","-104.950430","64602.05","15","13","66.72","69.28","29","51","5.36","0.00","5.02","1.18","235"
"2025-07-01 08:58","2025-07-01 09:07",,"9","3111 East 124th Avenue, Thornton, Colorado 80241, United States",,"39.921215","-104.950430","64602.06","12101 Grant Street, Thornton, Colorado 80241, United States",,"39.914837","-104.986580","64604.82","13","10","63.50","69.46","23","45","7.62","0.00","2.76","1.74","630"
"2025-07-01 09:41","2025-07-01 09:48",,"7","12101 Grant Street, Thornton, Colorado 80241, United States",,"39.914837","-104.986580","64604.83","11225 Decatur Street, Westminster, Colorado 80234, United States",,"39.900100","-105.023780","64607.82","84","83","61.63","69.80","30","50","4.44","0.00","2.99","0.98","328"
"2025-07-01 09:58","2025-07-01 10:11",,"13","11225 Decatur Street, Westminster, Colorado 80234, United States",,"39.900100","-105.023780","64607.86","8900 Grant Street, Thornton, Colorado 80229, United States",,"39.858425","-104.983790","64613.15","82","79","61.61","76.06","26","47","7.03","0.00","5.30","1.60","302"
"2025-07-01 12:23","2025-07-01 12:23",,"0","8900 Grant Street, Thornton, Colorado 80229, United States",,"39.858425","-104.983790","64613.17","8900 Grant Street, Thornton, Colorado 80229, United States",,"39.858425","-104.983790","64613.17","75","75","60.08","91.40","0","0","0.33","0.00","0.00","0.00",
"2025-07-01 12:23","2025-07-01 13:01",,"37","8900 Grant Street, Thornton, Colorado 80229, United States",,"39.858425","-104.983790","64613.17","1525 Curtis Street, Denver, Colorado 80202, United States",,"39.746754","-104.995445","64626.20","75","67","65.10","91.76","23","64","21.34","0.00","13.03","4.92","378"
"2025-07-01 13:13","2025-07-01 13:17",,"4","1525 Curtis Street, Denver, Colorado 80202, United States",,"39.746754","-104.995445","64626.20","1801 Larimer Street, Denver, Colorado 80202, United States",,"39.750920","-104.995140","64626.61","66","66","66.16","97.25","8","14","1.67","0.00","0.41","0.40","976"
"2025-07-01 13:17","2025-07-01 13:25",,"8","1801 Larimer Street, Denver, Colorado 80202, United States",,"39.750920","-104.995140","64626.61","2757 Speer Boulevard, Denver, Colorado 80211, United States",,"39.756190","-105.016266","64628.26","66","64","65.48","95.00","14","29","4.27","0.00","1.65","1.00","606"
"2025-07-01 13:38","2025-07-01 13:39",,"0","2757 Speer Boulevard, Denver, Colorado 80211, United States",,"39.756190","-105.016266","64628.27","2757 Speer Boulevard, Denver, Colorado 80211, United States",,"39.756190","-105.016266","64628.27","63","63","66.38","96.80","0","0","0.00","0.00","0.00","0.08",
"2025-07-01 13:39","2025-07-01 13:41",,"2","2757 Speer Boulevard, Denver, Colorado 80211, United States",,"39.756190","-105.016266","64628.27","2757 Speer Boulevard, Denver, Colorado 80211, United States",,"39.756190","-105.016266","64628.27","63","62","67.73","97.39","0","0","0.33","0.00","0.00","0.08",
"2025-07-01 13:41","2025-07-01 13:45",,"4","2757 Speer Boulevard, Denver, Colorado 80211, United States",,"39.756190","-105.016266","64628.27","2122 West 29th Avenue, Denver, Colorado 80211, United States",,"39.758350","-105.012566","64628.64","62","62","68.70","98.60","22","36","1.59","0.00","0.37","0.44","1189"
"2025-07-01 14:05","2025-07-01 14:07",,"2","2122 West 29th Avenue, Denver, Colorado 80211, United States",,"39.758350","-105.012566","64628.64","1418 Platte Street, Denver, Colorado 80202, United States",,"39.754917","-105.009950","64628.99","60","60","65.48","99.39","16","22","0.50","0.00","0.35","0.10","286"
"2025-07-01 15:02","2025-07-01 15:13",,"10","1418 Platte Street, Denver, Colorado 80202, United States",,"39.754917","-105.009950","64629.02","1845 Champa Street, Denver, Colorado 80202, United States",,"39.748710","-104.991005","64631.79","59","56","70.05","94.37","15","37","6.78","0.00","2.78","1.52","547"
"2025-07-01 17:58","2025-07-01 18:01",,"2","1845 Champa Street, Denver, Colorado 80202, United States",,"39.748688","-104.991020","64631.79","1845 Champa Street, Denver, Colorado 80202, United States",,"39.748688","-104.991020","64631.79","43","43","62.24","95.00","0","0","0.33","0.00","0.00","0.04",
"2025-07-01 19:53","2025-07-01 19:54",,"1","1845 Champa Street, Denver, Colorado 80202, United States",,"39.748688","-104.991030","64631.80","1680 Champa Street, Denver, Colorado 80202, United States",,"39.747290","-104.992874","64631.85","41","41","77.38","91.40","5","12","0.17","0.00","0.05","0.08","1600"
"2025-07-01 19:54","2025-07-01 19:56",,"1","1680 Champa Street, Denver, Colorado 80202, United States",,"39.747290","-104.992874","64631.85","1655 Champa Street, Denver, Colorado 80202, United States",,"39.746870","-104.993416","64631.98","41","41","68.65","89.83","12","12","0.42","0.00","0.14","0.10","714"
"2025-07-01 20:03","2025-07-01 20:09",,"5","1655 Champa Street, Denver, Colorado 80202, United States",,"39.746870","-104.993416","64631.98","1792 Champa Street, Denver, Colorado 80202, United States",,"39.748260","-104.991615","64632.68","41","41","72.77","89.60","18","29","1.26","0.00","0.70","0.32","457"
"2025-07-01 20:09","2025-07-01 20:09",,"0","1792 Champa Street, Denver, Colorado 80202, United States",,"39.748283","-104.991585","64632.68","1792 Champa Street, Denver, Colorado 80202, United States",,"39.748260","-104.991615","64632.68","41","41","69.80","89.60","0","1","0.17","0.00","0.00","0.00",
"2025-07-01 21:57","2025-07-01 22:06",,"9","1792 Champa Street, Denver, Colorado 80202, United States",,"39.748250","-104.991620","64632.69","300 East 6th Avenue, Denver, Colorado 80203, United States",,"39.725390","-104.983284","64634.85","40","38","72.37","83.10","19","34","3.68","0.00","2.16","0.78","361"
"2025-07-01 22:30","2025-07-01 22:47",,"17","300 East 6th Avenue, Denver, Colorado 80203, United States",,"39.725390","-104.983284","64634.85","1205 East 13th Avenue, Denver, Colorado 80218, United States",,"39.736927","-104.972700","64638.68","38","36","69.04","79.09","16","35","6.44","0.00","3.83","1.50","392"
"2025-07-01 22:51","2025-07-01 23:00",,"9","1205 East 13th Avenue, Denver, Colorado 80218, United States",,"39.736927","-104.972700","64638.68","1717 Wazee Street, Denver, Colorado 80202, United States",,"39.752384","-104.998650","64641.23","36","35","66.00","77.90","16","38","2.01","0.00","2.55","0.50","196"
"2025-07-01 23:36","2025-07-01 23:44",,"8","1717 Wazee Street, Denver, Colorado 80202, United States",,"39.752384","-104.998650","64641.23","1792 Champa Street, Denver, Colorado 80202, United States",,"39.748215","-104.991670","64642.50","35","34","68.70","80.19","14","25","2.43","0.00","1.27","0.54","425"
"2025-07-01 23:44","2025-07-01 23:46",,"1","1792 Champa Street, Denver, Colorado 80202, United States",,"39.748215","-104.991670","64642.50","1527 Champa Street, Denver, Colorado 80202, United States",,"39.746070","-104.994606","64642.74","34","34","66.74","79.70","15","19","0.17","0.00","0.24","0.10","417"
"2025-07-02 10:47","2025-07-02 11:00",,"12","1527 Champa Street, Denver, Colorado 80202, United States",,"39.746067","-104.994570","64642.74","1772 Champa Street, Denver, Colorado 80202, United States",,"39.748028","-104.991936","64644.73","29","28","67.48","77.63","16","31","3.35","0.00","1.99","0.78","392"
"2025-07-02 11:00","2025-07-02 11:00",,"0","1772 Champa Street, Denver, Colorado 80202, United States",,"39.748028","-104.991936","64644.73","1772 Champa Street, Denver, Colorado 80202, United States",,"39.748028","-104.991936","64644.73","28","28","58.48","79.70","0","0","0.00","0.00","0.00","0.08",
"2025-07-02 12:06","2025-07-02 12:34",,"28","1772 Champa Street, Denver, Colorado 80202, United States",,"39.748028","-104.991936","64644.73","Buffalo Bill's Grave, Golden, Colorado 80401, United States",,"39.733418","-105.238930","64663.79","27","11","62.08","85.71","41","68","42.01","0.00","19.07","9.50","498"
"2025-07-02 12:44","2025-07-02 12:44",,"0","Buffalo Bill's Grave, Golden, Colorado 80401, United States",,"39.733418","-105.238930","64663.79","Buffalo Bill's Grave, Golden, Colorado 80401, United States",,"39.733418","-105.238930","64663.79","11","11","90.68","79.70","0","0","0.00","0.00","0.00","0.00",
"2025-07-02 12:44","2025-07-02 12:50",,"5","Buffalo Bill's Grave, Golden, Colorado 80401, United States",,"39.733418","-105.238930","64663.79","866 Lookout Mountain Road, Golden, Colorado 80401, United States",,"39.729450","-105.241090","64665.09","11","10","73.24","80.20","22","29","2.59","0.00","1.29","0.60","465"
"2025-07-02 12:53","2025-07-02 13:11",,"17","866 Lookout Mountain Road, Golden, Colorado 80401, United States",,"39.729450","-105.241090","64665.10","18200 West Alameda Parkway, Golden, Colorado 80401, United States",,"39.667053","-105.207565","64673.60","10","8","67.37","84.61","29","69","5.44","0.00","8.50","1.24","146"
"2025-07-02 13:12","2025-07-02 13:12",,"0","18200 West Alameda Parkway, Golden, Colorado 80401, United States",,"39.667053","-105.207565","64673.60","18200 West Alameda Parkway, Golden, Colorado 80401, United States",,"39.667095","-105.207580","64673.62","8","8","64.45","90.50","0","1","0.42","0.00","0.03","0.04","1333"
"2025-07-02 13:26","2025-07-02 13:27",,"1","18200 West Alameda Parkway, Golden, Colorado 80401, United States",,"39.667095","-105.207580","64673.62","18200 West Alameda Parkway, Golden, Colorado 80401, United States",,"39.668304","-105.206530","64673.73","9","9","65.12","91.40","10","10","0.17","0.00","0.11","0.04","364"
"2025-07-02 13:27","2025-07-02 13:30",,"2","18200 West Alameda Parkway, Golden, Colorado 80401, United States",,"39.668304","-105.206530","64673.73","18200 West Alameda Parkway, Golden, Colorado 80401, United States",,"39.668304","-105.206530","64673.73","9","9","68.97","92.30","10","10","0.50","0.00","0.00","0.10",
"2025-07-02 13:30","2025-07-02 13:52",,"22","18200 West Alameda Parkway, Golden, Colorado 80401, United States",,"39.668304","-105.206530","64673.73","5515 Vance Street, Arvada, Colorado 80002, United States",,"39.797546","-105.078835","64687.32","9","5","65.61","92.73","44","71","10.54","0.00","13.54","2.42","179"
"2025-07-02 14:24","2025-07-02 15:34",,"70","5515 Vance Street, Arvada, Colorado 80002, United States",,"39.797520","-105.078840","64687.32","6108 Constellation Drive, Fort Collins, Colorado 80525, United States",,"40.501390","-105.083340","64746.68","80","51","65.46","96.91","55","91","76.65","0.00","59.36","17.42","293"
"2025-07-02 16:15","2025-07-02 16:16",,"0","6108 Constellation Drive, Fort Collins, Colorado 80525, United States",,"40.501390","-105.083340","64746.68","6108 Constellation Drive, Fort Collins, Colorado 80525, United States",,"40.501440","-105.083405","64746.71","47","47","60.62","103.10","4","4","0.33","0.00","0.02","0.02","1000"
"2025-07-02 16:16","2025-07-02 16:16",,"0","6108 Constellation Drive, Fort Collins, Colorado 80525, United States",,"40.501358","-105.083435","64746.70","6108 Constellation Drive, Fort Collins, Colorado 80525, United States",,"40.501440","-105.083405","64746.71","47","47","60.62","103.10","4","4","0.00","0.00","0.00","0.00",
"2025-07-02 16:47","2025-07-02 16:58",,"11","6108 Constellation Drive, Fort Collins, Colorado 80525, United States",,"40.501440","-105.083405","64746.71","4015 South Taft Hill Road, Fort Collins, Colorado 80526, United States",,"40.531693","-105.115650","64751.48","46","43","62.13","98.67","31","60","7.20","0.00","4.77","1.64","344"
"2025-07-02 17:06","2025-07-02 17:07",,"0","4015 South Taft Hill Road, Fort Collins, Colorado 80526, United States",,"40.531693","-105.115650","64751.49","4015 S Taft Hill Rd 3, Fort Collins, Colorado 80526, United States",,"40.531464","-105.115930","64751.50","42","42","59.54","101.30","7","7","0.17","0.00","0.01","0.02","2000"
"2025-07-02 17:10","2025-07-02 17:18",,"7","4015 S Taft Hill Rd 3, Fort Collins, Colorado 80526, United States",,"40.531464","-105.115930","64751.52","4200 West County Road 38e, Fort Collins, Colorado 80526, United States",,"40.508217","-105.155420","64755.66","42","39","71.19","97.11","37","49","8.20","0.00","4.15","1.82","439"
"2025-07-02 17:18","2025-07-02 17:21",,"3","4200 West County Road 38e, Fort Collins, Colorado 80526, United States",,"40.508217","-105.155420","64755.66","4151-4599 W County Rd 38 E, Fort Collins, Colorado 80526, United States",,"40.516247","-105.155106","64756.42","39","39","60.53","94.10","13","29","1.00","0.00","0.76","0.26","342"
"2025-07-02 19:01","2025-07-02 19:17",,"15","4151-4599 W County Rd 38 E, Fort Collins, Colorado 80526, United States",,"40.516247","-105.155106","64756.42","6108 Constellation Drive, Fort Collins, Colorado 80525, United States",,"40.501370","-105.083435","64765.79","36","32","66.13","94.42","36","62","12.22","0.00","9.37","2.64","282"
"2025-07-03 12:18","2025-07-03 12:24",,"6","6108 Constellation Drive, Fort Collins, Colorado 80525, United States",,"40.501380","-105.083440","64765.80","7602 South College Avenue, Fort Collins, Colorado 80525, United States",,"40.479607","-105.077130","64767.81","25","24","63.81","83.30","25","48","3.51","0.00","1.97","0.74","376"
"2025-07-03 12:51","2025-07-03 12:51",,"0","7602 South College Avenue, Fort Collins, Colorado 80525, United States",,"40.479607","-105.077130","64767.81","7602 South College Avenue, Fort Collins, Colorado 80525, United States",,"40.479607","-105.077130","64767.81","21","21","64.58","95.90","0","0","0.00","0.00","0.00","0.10",
"2025-07-03 12:51","2025-07-03 13:14",,"22","7602 South College Avenue, Fort Collins, Colorado 80525, United States",,"40.479607","-105.077130","64767.81","3807 County Road 48, Berthoud, Colorado 80513, United States",,"40.334210","-104.985070","64782.89","21","13","68.07","91.04","48","80","21.00","0.00","15.08","4.62","306"
"2025-07-03 13:40","2025-07-03 15:07",,"87","3807 County Road 48, Berthoud, Colorado 80513, United States",,"40.334210","-104.985070","64782.89","1156 CO Avenue, Brush, Colorado 80723, United States",,"40.270935","-103.622140","64864.97","71","28","65.80","94.62","60","84","115.15","0.00","82.08","26.10","318"
"2025-07-03 15:37","2025-07-03 16:49",,"72","1156 CO Avenue, Brush, Colorado 80723, United States",,"40.270935","-103.622140","64864.97","NE 17j Link, Sidney, Nebraska 69162, United States",,"41.115475","-102.949660","64941.99","79","36","64.36","96.39","67","83","115.56","0.00","76.93","26.22","341"
"2025-07-03 17:17","2025-07-03 17:17",,"0","NE 17j Link, Sidney, Nebraska 69162, United States",,"41.115475","-102.949660","64941.99","655 Cabela's Drive, Sidney, Nebraska 69162, United States",,"41.115856","-102.950070","64942.00","86","86","63.68","94.10","2","2","-1.84","0.00","0.01","-0.12","-12000"
"2025-07-03 17:17","2025-07-03 18:19",,"62","655 Cabela's Drive, Sidney, Nebraska 69162, United States",,"41.115856","-102.950070","64942.00","Interstate 80, Ogallala, Nebraska 69153, United States",,"41.117577","-101.556090","65017.12","86","39","64.63","93.94","74","82","127.87","0.00","75.12","28.88","384"
"2025-07-03 18:19","2025-07-03 18:55",,"35","Interstate 80, Ogallala, Nebraska 69153, United States",,"41.117577","-101.556090","65017.12","202 East Leota Street, North Platte, Nebraska 69101, United States",,"41.120594","-100.762780","65060.13","39","11","64.11","91.87","72","81","71.63","0.00","43.01","16.18","376"
"2025-07-03 19:16","2025-07-03 19:22",,"5","202 East Leota Street, North Platte, Nebraska 69101, United States",,"41.120594","-100.762780","65060.13","3400 Newberry Access, North Platte, Nebraska 69101, United States",,"41.101307","-100.726585","65063.30","70","67","64.65","91.27","44","71","5.94","0.00","3.12","1.06","340"
"2025-07-03 19:31","2025-07-03 20:20",,"49","3400 Newberry Access, North Platte, Nebraska 69101, United States",,"41.101307","-100.726585","65063.30","105 Ash Street, Lexington, Nebraska 68850, United States",,"40.768246","-99.740090","65123.26","67","31","61.88","90.77","72","83","95.65","0.00","59.96","21.56","360"
"2025-07-03 20:29","2025-07-03 21:42",,"73","105 Ash Street, Lexington, Nebraska 68850, United States",,"40.768246","-99.740090","65123.27","7163 Bosselman Ave, Grand Island, Nebraska 68803, United States",,"40.829690","-98.379770","65203.26","54","11","65.10","85.77","67","86","113.56","0.00","79.99","25.82","323"
"2025-07-03 22:11","2025-07-03 22:12",,"0","7163 Bosselman Ave, Grand Island, Nebraska 68803, United States",,"40.829690","-98.379810","65203.27","6906 Bosselman, Grand Island, Nebraska 68803, United States",,"40.830720","-98.379640","65203.34","78","79","66.38","83.30","17","17","-1.92","0.00","0.01","-0.28","-28000"
"2025-07-03 22:12","2025-07-03 22:16",,"4","6906 Bosselman, Grand Island, Nebraska 68803, United States",,"40.830720","-98.379640","65203.34","7163 Bosselman Ave, Grand Island, Nebraska 68803, United States",,"40.829735","-98.379790","65205.57","79","77","66.38","83.30","33","57","3.43","0.00","2.14","0.88","411"
"2025-07-03 22:16","2025-07-03 23:45",,"88","7163 Bosselman Ave, Grand Island, Nebraska 68803, United States",,"40.829735","-98.379790","65205.57","2531 Winding Way, Lincoln, Nebraska 68506, United States",,"40.788254","-96.635155","65299.63","77","25","62.31","79.18","66","81","140.25","0.00","94.06","31.74","337"
"2025-07-03 23:45","2025-07-03 23:49",,"4","2531 Winding Way, Lincoln, Nebraska 68506, United States",,"40.788254","-96.635155","65299.63","6600 Park Crest Court, Lincoln, Nebraska 68506, United States","Parents","40.786070","-96.629654","65301.25","25","24","62.15","83.30","19","38","2.43","0.00","1.62","0.50","309"
"2025-07-04 14:39","2025-07-04 14:50",,"11","6600 Park Crest Court, Lincoln, Nebraska 68506, United States","Parents","40.786057","-96.629684","65301.30","6100 Vine Street, Lincoln, Nebraska 68505, United States",,"40.822860","-96.638340","65304.94","38","36","70.12","91.49","24","39","5.36","0.00","3.65","1.14","312"
"2025-07-04 21:23","2025-07-04 21:49",,"26","6100 Vine Street, Lincoln, Nebraska 68505, United States",,"40.822860","-96.638340","65304.94","3998 North 112th Street, Lincoln, Nebraska 68527, United States",,"40.854523","-96.567650","65316.89","29","21","66.83","84.88","30","84","21.34","0.00","11.95","4.56","382"
"2025-07-04 22:01","2025-07-04 22:01",,"0","3998 North 112th Street, Lincoln, Nebraska 68527, United States",,"40.854523","-96.567650","65316.94","3998 North 112th Street, Lincoln, Nebraska 68527, United States",,"40.854523","-96.567650","65316.94","21","21","84.56","86.90","0","0","0.00","0.00","0.00","0.00",
"2025-07-04 22:01","2025-07-04 22:02",,"0","3998 North 112th Street, Lincoln, Nebraska 68527, United States",,"40.854523","-96.567650","65316.94","3998 North 112th Street, Lincoln, Nebraska 68527, United States",,"40.854523","-96.567650","65316.94","21","21","84.56","86.90","0","0","0.17","0.00","0.00","-0.02",
"2025-07-04 22:02","2025-07-04 22:03",,"0","3998 North 112th Street, Lincoln, Nebraska 68527, United States",,"40.854523","-96.567650","65316.94","3982 North 112th Street, Lincoln, Nebraska 68527, United States",,"40.853798","-96.567640","65316.96","21","21","83.86","86.90","14","14","0.17","0.00","0.02","0.06","3000"
"2025-07-04 22:59","2025-07-04 23:14",,"14","3982 North 112th Street, Lincoln, Nebraska 68527, United States",,"40.853817","-96.567650","65317.01","6100 Vine Street, Lincoln, Nebraska 68505, United States",,"40.822850","-96.638350","65323.31","19","16","69.26","83.37","25","45","7.70","0.00","6.30","1.74","276"
"2025-07-04 23:16","2025-07-05 00:12",,"56","6100 Vine Street, Lincoln, Nebraska 68505, United States",,"40.822850","-96.638350","65323.31","6600 Park Crest Court, Lincoln, Nebraska 68506, United States","Parents","40.786060","-96.629680","65346.16","16","6","69.26","83.01","28","45","26.86","0.00","22.85","6.00","263"
"2025-07-05 13:21","2025-07-05 13:26",,"4","6600 Park Crest Court, Lincoln, Nebraska 68506, United States","Parents","40.786060","-96.629680","65346.23","7151 Stacy Lane, Lincoln, Nebraska 68516, United States",,"40.768160","-96.623160","65347.79","20","19","76.71","87.80","28","52","3.10","0.00","1.56","0.70","449"
"2025-07-05 13:34","2025-07-05 13:38",,"3","7151 Stacy Lane, Lincoln, Nebraska 68516, United States",,"40.768160","-96.623160","65347.80","6600 Park Crest Court, Lincoln, Nebraska 68506, United States","Parents","40.786060","-96.629670","65349.27","19","18","77.09","89.60","29","55","2.76","0.00","1.47","0.62","422"
"2025-07-05 16:08","2025-07-05 16:09",,"0","6600 Park Crest Court, Lincoln, Nebraska 68506, United States","Parents","40.786060","-96.629690","65349.38","6600 Park Crest Court, Lincoln, Nebraska 68506, United States","Parents","40.786180","-96.629585","65349.41","14","14","79.34","96.80","0","1","0.00","0.00","0.01","0.00","0"
"2025-07-05 16:09","2025-07-05 16:11",,"2","6600 Park Crest Court, Lincoln, Nebraska 68506, United States","Parents","40.786180","-96.629585","65349.41","6600 Park Crest Court, Lincoln, Nebraska 68506, United States","Parents","40.786150","-96.629580","65349.45","14","14","87.85","93.79","5","5","0.50","0.00","0.04","0.04","1000"
"2025-07-05 16:11","2025-07-05 16:11",,"0","6600 Park Crest Court, Lincoln, Nebraska 68506, United States","Parents","40.786095","-96.629570","65349.45","6600 Park Crest Court, Lincoln, Nebraska 68506, United States","Parents","40.786150","-96.629580","65349.45","14","14","86.72","93.20","0","1","0.00","0.00","0.00","0.00",
"2025-07-05 17:30","2025-07-05 17:40",,"10","6600 Park Crest Court, Lincoln, Nebraska 68506, United States","Parents","40.786150","-96.629580","65349.45","6100 Vine Street, Lincoln, Nebraska 68505, United States",,"40.822853","-96.638380","65353.25","14","13","75.04","85.33","26","44","5.02","0.00","3.80","1.12","295"
"2025-07-05 18:17","2025-07-05 18:26",,"8","6100 Vine Street, Lincoln, Nebraska 68505, United States",,"40.822860","-96.638380","65353.26","6600 Park Crest Court, Lincoln, Nebraska 68506, United States","Parents","40.786053","-96.629600","65357.00","12","10","75.07","89.91","25","50","7.03","0.00","3.74","1.56","417"
"2025-07-05 18:30","2025-07-05 18:45",,"14","6600 Park Crest Court, Lincoln, Nebraska 68506, United States","Parents","40.786053","-96.629600","65357.03","5012 Crossings Drive, Lincoln, Nebraska 68504, United States",,"40.860836","-96.679760","65364.33","10","6","68.36","89.04","31","47","8.79","0.00","7.30","1.98","271"
"2025-07-05 19:01","2025-07-05 19:21",,"20","5012 Crossings Drive, Lincoln, Nebraska 68504, United States",,"40.860836","-96.679760","65364.33","1801 West Branched Oak Road, Raymond, Nebraska 68428, United States",,"40.972992","-96.747000","65376.67","50","44","62.98","86.59","40","59","17.49","0.00","12.34","4.28","347"
"2025-07-05 19:21","2025-07-05 19:28",,"6","1801 West Branched Oak Road, Raymond, Nebraska 68428, United States",,"40.972992","-96.747000","65376.67","1801 West Branched Oak Road, Raymond, Nebraska 68428, United States",,"40.973030","-96.747090","65377.65","44","43","67.53","84.20","22","22","3.10","0.00","0.98","0.74","755"
"2025-07-05 20:05","2025-07-05 20:33",,"27","1801 West Branched Oak Road, Raymond, Nebraska 68428, United States",,"40.973057","-96.747086","65377.65","6100 Vine Street, Lincoln, Nebraska 68505, United States",,"40.822853","-96.638380","65394.07","41","33","64.96","84.65","36","71","21.00","0.00","16.42","4.98","303"
"2025-07-05 21:04","2025-07-05 21:04",,"0","6100 Vine Street, Lincoln, Nebraska 68505, United States",,"40.822853","-96.638380","65394.07","6100 Vine Street, Lincoln, Nebraska 68505, United States",,"40.822906","-96.637794","65394.09","33","33","81.32","87.80","3","3","0.00","0.00","0.01","0.00","0"
"2025-07-05 21:05","2025-07-05 21:18",,"13","6100 Vine Street, Lincoln, Nebraska 68505, United States",,"40.822906","-96.637794","65394.09","230 North 7th Street, Lincoln, Nebraska 68508, United States",,"40.815617","-96.711110","65398.51","33","31","68.13","85.15","22","43","5.36","0.00","4.42","1.40","317"
"2025-07-05 22:11","2025-07-05 22:19",,"8","230 North 7th Street, Lincoln, Nebraska 68508, United States",,"40.815617","-96.711110","65398.51","4625 Vine Street, Lincoln, Nebraska 68503, United States",,"40.820347","-96.655810","65401.81","31","28","71.65","86.45","25","41","5.52","0.00","3.30","1.20","364"
"2025-07-05 22:22","2025-07-05 22:26",,"4","4625 Vine Street, Lincoln, Nebraska 68503, United States",,"40.820347","-96.655810","65401.86","6100 Vine Street, Lincoln, Nebraska 68505, United States",,"40.822853","-96.638390","65403.09","28","28","63.32","82.40","18","38","1.76","0.00","1.19","0.38","319"
"2025-07-05 22:28","2025-07-05 22:38",,"9","6100 Vine Street, Lincoln, Nebraska 68505, United States",,"40.822853","-96.638390","65403.09","6600 Park Crest Court, Lincoln, Nebraska 68506, United States","Parents","40.786087","-96.629555","65406.88","28","26","66.61","82.40","23","44","5.27","0.00","3.77","1.14","302"
"2025-07-06 13:23","2025-07-06 13:34",,"10","6600 Park Crest Court, Lincoln, Nebraska 68506, United States","Parents","40.786102","-96.629560","65406.88","6100 Vine Street, Lincoln, Nebraska 68505, United States",,"40.822850","-96.638310","65410.68","20","18","72.91","85.10","26","47","5.27","0.00","3.80","1.20","316"
"2025-07-06 15:14","2025-07-06 15:14",,"0","6100 Vine Street, Lincoln, Nebraska 68505, United States",,"40.822850","-96.638310","65410.69","6100 Vine Street, Lincoln, Nebraska 68505, United States",,"40.822850","-96.638310","65410.69","16","16","67.64","97.70","0","0","0.00","0.00","0.00","0.00",
"2025-07-06 15:14","2025-07-06 15:23",,"8","6100 Vine Street, Lincoln, Nebraska 68505, United States",,"40.822850","-96.638310","65410.69","5010 O Street, Lincoln, Nebraska 68510, United States",,"40.814213","-96.650290","65412.79","16","14","72.18","94.87","21","45","5.69","0.00","2.10","1.16","552"
"2025-07-06 15:35","2025-07-06 15:48",,"13","5010 O Street, Lincoln, Nebraska 68510, United States",,"40.814200","-96.650320","65412.82","6600 Park Crest Court, Lincoln, Nebraska 68506, United States","Parents","40.786160","-96.629585","65416.67","14","11","80.71","92.57","29","48","7.28","0.00","3.85","1.66","431"
"2025-07-07 07:44","2025-07-07 07:53",,"9","6600 Park Crest Court, Lincoln, Nebraska 68506, United States","Parents","40.786160","-96.629585","65416.67","10241 Old Cheney Road, Lincoln, Nebraska 68526, United States",,"40.754640","-96.580520","65421.36","35","32","69.13","76.01","33","54","6.11","0.00","4.69","1.40","299"
"2025-07-07 08:02","2025-07-07 08:20",,"18","10241 Old Cheney Road, Lincoln, Nebraska 68526, United States",,"40.754640","-96.580520","65421.36","4740 Prescott Avenue, Lincoln, Nebraska 68506, United States",,"40.772972","-96.654360","65428.18","32","30","67.35","75.88","30","53","7.20","0.00","6.83","1.58","231"
"2025-07-07 08:25","2025-07-07 08:41",,"16","4740 Prescott Avenue, Lincoln, Nebraska 68506, United States",,"40.772972","-96.654360","65428.19","3 Holmes North Shore Road, Lincoln, Nebraska 68506, United States",,"40.782810","-96.631480","65433.72","30","27","66.09","77.90","23","42","5.86","0.00","5.53","1.24","224"
"2025-07-07 09:04","2025-07-07 09:07",,"2","3 Holmes North Shore Road, Lincoln, Nebraska 68506, United States",,"40.782810","-96.631480","65433.73","6600 Park Crest Court, Lincoln, Nebraska 68506, United States","Parents","40.786140","-96.629570","65434.16","27","26","73.54","80.15","13","26","0.92","0.00","0.43","0.26","605"
"2025-07-07 16:54","2025-07-07 17:02",,"7","6600 Park Crest Court, Lincoln, Nebraska 68506, United States","Parents","40.786140","-96.629570","65434.16","2655 South 70th Street, Lincoln, Nebraska 68506, United States",,"40.785890","-96.625580","65434.73","36","36","71.26","79.93","13","18","1.17","0.00","0.57","0.26","456"
"2025-07-07 17:09","2025-07-07 17:14",,"4","2655 South 70th Street, Lincoln, Nebraska 68506, United States",,"40.785890","-96.625580","65434.73","6600 Park Crest Court, Lincoln, Nebraska 68506, United States","Parents","40.786163","-96.629580","65435.29","35","35","70.16","88.52","12","21","1.17","0.00","0.56","0.22","393"
"2025-07-07 18:42","2025-07-07 18:42",,"0","6600 Park Crest Court, Lincoln, Nebraska 68506, United States","Parents","40.786163","-96.629580","65435.29","6600 Park Crest Court, Lincoln, Nebraska 68506, United States","Parents","40.786053","-96.629650","65435.31","37","37","80.60","77.00","0","0","0.00","0.00","0.01","0.00","0"
"2025-07-07 19:05","2025-07-07 19:17",,"12","6600 Park Crest Court, Lincoln, Nebraska 68506, United States","Parents","40.786053","-96.629650","65435.31","6100 Vine Street, Lincoln, Nebraska 68505, United States",,"40.822823","-96.638480","65439.12","37","35","66.90","87.91","22","50","4.02","0.00","3.81","0.94","247"
"2025-07-07 19:25","2025-07-07 19:44",,"18","6100 Vine Street, Lincoln, Nebraska 68505, United States",,"40.822823","-96.638480","65439.12","201 SW 27th St, Lincoln, Nebraska 68522, United States",,"40.813050","-96.788800","65449.50","35","30","66.31","89.47","36","63","13.81","0.00","10.38","3.10","299"
"2025-07-07 19:49","2025-07-07 20:00",,"11","201 SW 27th St, Lincoln, Nebraska 68522, United States",,"40.813050","-96.788800","65449.52","Holdrege Road, Pleasant Dale, Nebraska 68423, United States",,"40.828968","-96.944040","65458.59","30","25","69.17","87.67","56","73","13.72","0.00","9.06","3.06","338"
"2025-07-07 21:44","2025-07-07 22:09",,"24","Holdrege Road, Pleasant Dale, Nebraska 68423, United States",,"40.828968","-96.944040","65458.59","4625 Vine Street, Lincoln, Nebraska 68503, United States",,"40.820404","-96.655820","65475.68","23","15","65.55","83.12","43","73","21.42","0.00","17.09","4.66","273"
"2025-07-07 22:09","2025-07-07 22:15",,"6","4625 Vine Street, Lincoln, Nebraska 68503, United States",,"40.820404","-96.655820","65475.68","6100 Vine Street, Lincoln, Nebraska 68505, United States",,"40.822716","-96.638660","65477.14","15","14","65.30","84.20","18","41","1.92","0.00","1.46","0.48","329"
"2025-07-07 22:18","2025-07-07 22:28",,"9","6100 Vine Street, Lincoln, Nebraska 68505, United States",,"40.822716","-96.638660","65477.16","6600 Park Crest Court, Lincoln, Nebraska 68506, United States","Parents","40.786144","-96.629560","65480.95","14","12","67.37","84.13","27","44","5.69","0.00","3.80","1.26","332"
"2025-07-08 15:49","2025-07-08 15:50",,"0","6600 Park Crest Court, Lincoln, Nebraska 68506, United States","Parents","40.786144","-96.629560","65480.96","6600 Park Crest Court, Lincoln, Nebraska 68506, United States","Parents","40.786114","-96.629555","65480.97","40","40","77.00","75.20","0","0","0.00","0.00","0.01","0.02","2000"
"2025-07-08 15:50","2025-07-08 15:50",,"0","6600 Park Crest Court, Lincoln, Nebraska 68506, United States","Parents","40.786114","-96.629555","65480.97","6600 Park Crest Court, Lincoln, Nebraska 68506, United States","Parents","40.786064","-96.629570","65481.02","40","40","76.41","75.20","0","1","0.17","0.00","0.05","0.08","1600"
"2025-07-08 15:50","2025-07-08 16:01",,"10","6600 Park Crest Court, Lincoln, Nebraska 68506, United States","Parents","40.786064","-96.629570","65481.02","5610 N Street, Lincoln, Nebraska 68510, United States",,"40.812965","-96.643790","65484.59","40","38","67.33","77.74","26","39","4.85","0.00","3.57","1.00","280"
"2025-07-08 16:20","2025-07-08 16:21",,"0","5610 N Street, Lincoln, Nebraska 68510, United States",,"40.812965","-96.643790","65484.62","5610 N Street, Lincoln, Nebraska 68510, United States",,"40.812960","-96.643570","65484.64","38","38","87.22","93.20","0","1","0.17","0.00","0.02","0.02","1000"
"2025-07-08 16:30","2025-07-08 16:33",,"3","5610 N Street, Lincoln, Nebraska 68510, United States",,"40.812977","-96.643500","65484.64","5610 N Street, Lincoln, Nebraska 68510, United States",,"40.813130","-96.643684","65484.66","38","38","74.12","93.20","5","5","0.67","0.00","0.01","0.12","12000"
"2025-07-08 16:33","2025-07-08 16:34",,"1","5610 N Street, Lincoln, Nebraska 68510, United States",,"40.813130","-96.643684","65484.66","5610 N Street, Lincoln, Nebraska 68510, United States",,"40.813130","-96.643910","65484.68","38","38","66.67","93.20","5","5","0.17","0.00","0.02","0.06","3000"
"2025-07-08 16:35","2025-07-08 16:44",,"9","5610 N Street, Lincoln, Nebraska 68510, United States",,"40.813130","-96.643910","65484.68","4718 O Street, Lincoln, Nebraska 68510, United States",,"40.813763","-96.655180","65486.08","38","37","66.06","92.26","14","35","2.93","0.00","1.37","0.64","467"
"2025-07-08 17:00","2025-07-08 17:07",,"7","4718 O Street, Lincoln, Nebraska 68510, United States",,"40.813760","-96.655140","65486.08","733 North 45th Street, Lincoln, Nebraska 68503, United States",,"40.820120","-96.656750","65488.27","36","35","65.30","92.16","19","47","3.51","0.00","2.19","0.76","347"
"2025-07-08 17:19","2025-07-08 17:21",,"2","733 North 45th Street, Lincoln, Nebraska 68503, United States",,"40.820120","-96.656750","65488.29","333 North 48th Street, Lincoln, Nebraska 68504, United States",,"40.816113","-96.654670","65488.73","35","34","78.67","91.40","12","29","1.26","0.00","0.40","0.24","600"
"2025-07-08 17:46","2025-07-08 18:00",,"14","333 North 48th Street, Lincoln, Nebraska 68504, United States",,"40.816113","-96.654670","65488.73","7000 Van Dorn Street, Lincoln, Nebraska 68506, United States",,"40.784595","-96.624756","65492.64","34","30","72.18","94.05","25","42","9.29","0.00","3.91","2.12","542"
"2025-07-08 18:01","2025-07-08 18:04",,"3","7000 Van Dorn Street, Lincoln, Nebraska 68506, United States",,"40.784595","-96.624756","65492.64","6600 Park Crest Court, Lincoln, Nebraska 68506, United States","Parents","40.786140","-96.629570","65493.15","30","30","65.91","91.40","11","28","1.34","0.00","0.51","0.38","745"
"2025-07-09 12:29","2025-07-09 12:31",,"1","6600 Park Crest Court, Lincoln, Nebraska 68506, United States","Parents","40.786140","-96.629570","65493.15","6600 Park Crest Court, Lincoln, Nebraska 68506, United States","Parents","40.786053","-96.629555","65493.39","58","58","82.04","75.20","17","26","0.25","0.00","0.24","0.16","667"
"2025-07-09 12:31","2025-07-09 12:38",,"7","6600 Park Crest Court, Lincoln, Nebraska 68506, United States","Parents","40.786053","-96.629555","65493.39","5900 Old Cheney Road, Lincoln, Nebraska 68516, United States",,"40.755450","-96.639190","65496.61","58","56","73.71","79.97","28","51","6.03","0.00","3.23","1.20","372"
"2025-07-09 14:15","2025-07-09 14:24",,"8","5900 Old Cheney Road, Lincoln, Nebraska 68516, United States",,"40.755450","-96.639190","65496.62","2700 Porter Ridge Road, Lincoln, Nebraska 68516, United States",,"40.738293","-96.682014","65500.35","53","51","77.59","95.74","23","51","6.28","0.00","3.72","1.48","398"
"2025-07-09 14:27","2025-07-09 14:30",,"2","2700 Porter Ridge Road, Lincoln, Nebraska 68516, United States",,"40.738293","-96.682014","65500.36","2801 Pine Lake Road, Lincoln, Nebraska 68516, United States",,"40.739193","-96.680100","65500.54","51","50","81.07","97.18","9","10","0.92","0.00","0.18","0.22","1222"
"2025-07-09 14:32","2025-07-09 14:38",,"5","2801 Pine Lake Road, Lincoln, Nebraska 68516, United States",,"40.739193","-96.680100","65500.54","1631 Pine Lake Road, Lincoln, Nebraska 68506, United States",,"40.738026","-96.697230","65501.89","50","49","71.33","97.48","15","35","2.76","0.00","1.35","0.62","459"
"2025-07-09 15:05","2025-07-09 15:07",,"2","1631 Pine Lake Road, Lincoln, Nebraska 68506, United States",,"40.738026","-96.697230","65501.89","1615 Pine Lake Road, Lincoln, Nebraska 68512, United States",,"40.737934","-96.698006","65502.19","48","48","84.90","97.70","11","13","1.34","0.00","0.28","0.24","857"
"2025-07-09 15:07","2025-07-09 15:27",,"19","1615 Pine Lake Road, Lincoln, Nebraska 68512, United States",,"40.737934","-96.698006","65502.19","6820 South 70th Street, Lincoln, Nebraska 68516, United States",,"40.743282","-96.624380","65506.86","48","44","68.85","89.47","23","51","9.96","0.00","4.60","2.28","496"
"2025-07-09 15:27","2025-07-09 15:38",,"10","6820 South 70th Street, Lincoln, Nebraska 68516, United States",,"40.743282","-96.624380","65506.86","6600 Park Crest Court, Lincoln, Nebraska 68506, United States","Parents","40.786064","-96.629670","65510.04","44","42","65.62","89.78","30","46","5.02","0.00","3.10","1.10","355"
"2025-07-09 16:45","2025-07-09 17:01",,"15","6600 Park Crest Court, Lincoln, Nebraska 68506, United States","Parents","40.786064","-96.629670","65510.04","6020 Colfax Avenue, Lincoln, Nebraska 68507, United States",,"40.850850","-96.637920","65515.70","39","36","71.85","96.44","28","45","10.29","0.00","5.66","2.28","403"
"2025-07-09 17:02","2025-07-09 17:03",,"0","6020 Colfax Avenue, Lincoln, Nebraska 68507, United States",,"40.850872","-96.637930","65515.71","6020 Colfax Avenue, Lincoln, Nebraska 68507, United States",,"40.851078","-96.638054","65515.74","35","35","71.24","96.49","0","0","0.17","0.00","0.01","0.02","2000"
"2025-07-09 18:44","2025-07-09 18:45",,"0","6020 Colfax Avenue, Lincoln, Nebraska 68507, United States",,"40.851070","-96.638020","65515.74","6042 Colfax Avenue, Lincoln, Nebraska 68507, United States",,"40.851086","-96.637650","65515.80","31","31","77.72","99.50","4","4","0.17","0.00","0.06","0.02","333"
"2025-07-09 18:52","2025-07-09 19:00",,"8","6042 Colfax Avenue, Lincoln, Nebraska 68507, United States",,"40.851086","-96.637650","65515.80","North 29th Street, Lincoln, Nebraska 68521, United States",,"40.844578","-96.680130","65518.91","31","28","61.57","96.53","31","52","6.19","0.00","3.11","1.36","437"
"2025-07-09 19:29","2025-07-09 19:29",,"0","North 29th Street, Lincoln, Nebraska 68521, United States",,"40.844578","-96.680130","65518.91","North 29th Street, Lincoln, Nebraska 68521, United States",,"40.844578","-96.680130","65518.91","26","26","60.26","104.90","0","0","0.00","0.00","0.00","0.00",
"2025-07-09 19:29","2025-07-09 19:29",,"0","North 29th Street, Lincoln, Nebraska 68521, United States",,"40.844578","-96.680130","65518.91","North 29th Street, Lincoln, Nebraska 68521, United States",,"40.844578","-96.680130","65518.91","26","26","60.80","104.90","0","0","0.00","0.00","0.00","0.08",
"2025-07-09 19:33","2025-07-09 19:45",,"11","North 29th Street, Lincoln, Nebraska 68521, United States",,"40.844578","-96.680130","65518.91","6042 Colfax Avenue, Lincoln, Nebraska 68507, United States",,"40.850956","-96.637610","65522.71","25","22","64.31","98.15","27","47","7.95","0.00","3.70","1.86","503"
"2025-07-09 19:45","2025-07-09 19:55",,"10","6042 Colfax Avenue, Lincoln, Nebraska 68507, United States",,"40.850956","-96.637610","65522.71","6100 Vine Street, Lincoln, Nebraska 68505, United States",,"40.822876","-96.638250","65526.44","22","19","61.27","92.88","22","40","7.78","0.00","3.70","1.66","449"
"2025-07-09 21:31","2025-07-09 21:42",,"10","6100 Vine Street, Lincoln, Nebraska 68505, United States",,"40.822876","-96.638245","65526.44","6600 Park Crest Court, Lincoln, Nebraska 68506, United States","Parents","40.786068","-96.629670","65530.20","19","16","70.97","88.86","24","45","7.11","0.00","3.76","1.62","431"
"2025-07-10 08:13","2025-07-10 08:14",,"0","6600 Park Crest Court, Lincoln, Nebraska 68506, United States","Parents","40.786064","-96.629684","65530.21","6600 Park Crest Court, Lincoln, Nebraska 68506, United States","Parents","40.786106","-96.629620","65530.21","15","15","86.72","82.40","0","1","0.00","0.00","0.00","0.00",
"2025-07-10 08:21","2025-07-10 08:21",,"0","6600 Park Crest Court, Lincoln, Nebraska 68506, United States","Parents","40.786106","-96.629620","65530.21","6600 Park Crest Court, Lincoln, Nebraska 68506, United States","Parents","40.786133","-96.629640","65530.22","15","15","79.34","82.40","0","0","0.00","0.00","0.01","0.02","2000"
"2025-07-10 10:38","2025-07-10 10:54",,"16","6600 Park Crest Court, Lincoln, Nebraska 68506, United States","Parents","40.786156","-96.629630","65530.22","610 West O Street, Lincoln, Nebraska 68528, United States",,"40.814255","-96.727844","65536.30","10","8","62.67","87.98","29","46","7.53","0.00","6.08","1.66","273"
"2025-07-10 11:15","2025-07-10 11:18",,"2","610 West O Street, Lincoln, Nebraska 68528, United States",,"40.814255","-96.727844","65536.30","110 Northwest 20th Street, Lincoln, Nebraska 68528, United States",,"40.814297","-96.748856","65537.50","67","67","63.55","88.70","25","51","2.18","0.00","1.18","0.60","508"
"2025-07-10 11:25","2025-07-10 12:11",,"45","110 Northwest 20th Street, Lincoln, Nebraska 68528, United States",,"40.814297","-96.748856","65537.50","Hy-Vee Gas, Omaha, Nebraska 68124, United States",,"41.233704","-96.052260","65589.01","66","39","64.83","85.68","69","85","71.72","0.00","51.51","16.20","315"
"2025-07-10 12:14","2025-07-10 12:14",,"0","Hy-Vee Gas, Omaha, Nebraska 68124, United States",,"41.233704","-96.052260","65589.01","Hy-Vee Gas, Omaha, Nebraska 68124, United States",,"41.233700","-96.052290","65589.02","39","39","58.82","88.25","0","0","0.00","0.00","0.01","0.00","0"
"2025-07-10 12:14","2025-07-10 12:16",,"1","Hy-Vee Gas, Omaha, Nebraska 68124, United States",,"41.233700","-96.052290","65589.02","2734 South 90th Street, Omaha, Nebraska 68124, United States",,"41.233494","-96.052410","65589.03","39","39","60.82","89.49","0","0","0.33","0.00","0.01","0.06","6000"
"2025-07-10 12:16","2025-07-10 12:16",,"0","2734 South 90th Street, Omaha, Nebraska 68124, United States",,"41.233494","-96.052410","65589.03","2734 South 90th Street, Omaha, Nebraska 68124, United States",,"41.233494","-96.052410","65589.04","39","39","62.11","90.50","0","0","0.00","0.00","0.01","0.00","0"
"2025-07-10 12:51","2025-07-10 13:09",,"18","2734 South 90th Street, Omaha, Nebraska 68124, United States",,"41.233500","-96.052444","65589.04","3245 South 24th Street, Council Bluffs, Iowa 51501, United States",,"41.229843","-95.878800","65599.48","85","78","61.43","90.19","50","78","18.16","0.00","10.44","4.26","408"
"2025-07-10 13:14","2025-07-10 13:21",,"7","3245 South 24th Street, Council Bluffs, Iowa 51501, United States",,"41.229843","-95.878800","65599.48","3245 South 24th Street, Council Bluffs, Iowa 51501, United States",,"41.229454","-95.878180","65599.55","78","78","66.51","93.83","8","9","1.17","0.00","0.07","0.24","3429"
"2025-07-10 13:21","2025-07-10 13:22",,"1","3245 South 24th Street, Council Bluffs, Iowa 51501, United States",,"41.229454","-95.878180","65599.55","3245 South 24th Street, Council Bluffs, Iowa 51501, United States",,"41.229454","-95.878180","65599.55","78","77","66.92","92.30","0","0","0.17","0.00","0.00","-0.02",
"2025-07-10 13:22","2025-07-10 13:25",,"2","3245 South 24th Street, Council Bluffs, Iowa 51501, United States",,"41.229454","-95.878180","65599.55","3245 South 24th Street, Council Bluffs, Iowa 51501, United States",,"41.229454","-95.878180","65599.55","77","77","66.92","92.30","0","0","0.33","0.00","0.00","0.14",
"2025-07-10 13:25","2025-07-10 13:35",,"10","3245 South 24th Street, Council Bluffs, Iowa 51501, United States",,"41.229454","-95.878180","65599.55","625 Riverfront Drive, Omaha, Nebraska 68102, United States",,"41.265690","-95.925350","65605.59","77","74","66.47","88.70","39","68","8.54","0.00","6.03","1.88","312"
"2025-07-10 13:51","2025-07-10 13:53",,"2","625 Riverfront Drive, Omaha, Nebraska 68102, United States",,"41.265713","-95.925370","65605.59","601 Riverfront Drive, Omaha, Nebraska 68102, United States",,"41.264477","-95.924480","65605.84","74","73","65.66","86.90","8","15","0.67","0.00","0.25","0.20","800"
"2025-07-10 13:56","2025-07-10 15:19",,"82","601 Riverfront Drive, Omaha, Nebraska 68102, United States",,"41.264477","-95.924480","65605.86","4727 Southern Hills Drive, Sioux City, Iowa 51106, United States",,"42.441166","-96.345960","65700.83","73","21","67.44","80.80","70","81","138.74","0.00","94.97","31.38","330"
"2025-07-10 15:35","2025-07-10 16:57",,"82","4727 Southern Hills Drive, Sioux City, Iowa 51106, United States",,"42.441166","-96.345960","65700.83","2000 South Marion Road, Sioux Falls, South Dakota 57106, United States",,"43.527730","-96.790580","65793.40","60","7","63.55","77.40","69","89","142.01","0.00","92.57","31.98","345"
"2025-07-10 17:36","2025-07-10 17:36",,"0","2000 South Marion Road, Sioux Falls, South Dakota 57106, United States",,"43.527730","-96.790580","65793.40","2000 South Marion Road, Sioux Falls, South Dakota 57106, United States",,"43.527730","-96.790580","65793.40","74","74","60.98","79.70","0","0","0.00","0.00","0.00","0.00",
"2025-07-10 17:42","2025-07-10 19:12",,"90","2000 South Marion Road, Sioux Falls, South Dakota 57106, United States",,"43.527730","-96.790580","65793.40","1300 9, Watertown, South Dakota 57201, United States",,"44.889175","-97.094390","65895.50","81","20","59.61","84.43","72","86","159.75","0.00","102.09","36.14","354"
"2025-07-10 19:24","2025-07-10 20:12",,"47","1300 9, Watertown, South Dakota 57201, United States",,"44.889175","-97.094390","65895.50","2410 S Dakota Highway, Sisseton, South Dakota 57262, United States",,"45.658504","-97.017790","65953.28","55","24","64.51","83.80","74","86","82.01","0.00","57.78","19.28","334"
"2025-07-10 20:34","2025-07-10 21:57",,"83","2410 S Dakota Highway, Sisseton, South Dakota 57262, United States",,"45.658504","-97.017790","65953.28","219 Broadway, Fargo, North Dakota 58102, United States",,"46.878730","-96.787640","66043.98","75","26","63.23","79.90","70","84","130.04","0.00","90.70","29.60","326"
"2025-07-10 22:04","2025-07-10 22:11",,"7","219 Broadway, Fargo, North Dakota 58102, United States",,"46.878730","-96.787640","66044.03","215 5th Street North, Fargo, North Dakota 58102, United States",,"46.878773","-96.786390","66044.23","26","26","67.77","81.50","11","14","1.00","0.00","0.20","0.24","1200"
"2025-07-11 11:01","2025-07-11 11:01",,"0","215 5th Street North, Fargo, North Dakota 58102, United States",,"46.878760","-96.786330","66044.23","215 5th Street North, Fargo, North Dakota 58102, United States",,"46.878760","-96.786330","66044.23","21","21","83.66","77.00","0","0","0.00","0.00","0.00","0.00",
"2025-07-11 11:03","2025-07-11 11:12",,"8","215 5th Street North, Fargo, North Dakota 58102, United States",,"46.878760","-96.786330","66044.23","502 Broadway, Fargo, North Dakota 58102, United States",,"46.881725","-96.787796","66044.59","20","20","69.08","77.00","7","9","1.17","0.00","0.36","0.40","1111"
"2025-07-11 11:32","2025-07-11 11:38",,"5","502 Broadway, Fargo, North Dakota 58102, United States",,"46.881725","-96.787796","66044.59","406 Main Avenue, Fargo, North Dakota 58103, United States",,"46.874070","-96.785774","66045.45","19","18","63.50","77.00","16","24","2.01","0.00","0.86","0.40","465"
"2025-07-11 11:41","2025-07-11 11:47",,"5","406 Main Avenue, Fargo, North Dakota 58103, United States",,"46.874070","-96.785774","66045.49","1415 South River Road, Fargo, North Dakota 58103, United States",,"46.859200","-96.784065","66046.66","18","18","67.46","77.00","25","34","1.92","0.00","1.17","0.42","359"
"2025-07-11 11:51","2025-07-11 12:00",,"8","1415 South River Road, Fargo, North Dakota 58103, United States",,"46.859200","-96.784065","66046.66","151 22nd Avenue South, Moorhead, Minnesota 56560, United States",,"46.852790","-96.779640","66049.86","17","16","67.46","77.00","25","35","3.77","0.00","3.20","0.90","281"
"2025-07-11 12:18","2025-07-11 12:28",,"9","151 22nd Avenue South, Moorhead, Minnesota 56560, United States",,"46.852818","-96.779680","66049.88","725 30th Avenue South, Moorhead, Minnesota 56560, United States",,"46.843796","-96.769110","66051.50","15","14","67.37","75.20","18","29","2.85","0.00","1.62","0.64","395"
"2025-07-11 12:35","2025-07-11 13:03",,"28","725 30th Avenue South, Moorhead, Minnesota 56560, United States",,"46.843796","-96.769110","66051.50","4510 16th Avenue South, Fargo, North Dakota 58103, United States",,"46.856632","-96.862390","66070.90","14","4","67.42","75.02","40","73","26.36","0.00","19.40","5.96","307"
"2025-07-11 13:36","2025-07-11 14:25",,"49","4510 16th Avenue South, Fargo, North Dakota 58103, United States",,"46.856632","-96.862390","66070.90","544 Center Street North, Rothsay, Minnesota 56579, United States",,"46.480057","-96.280270","66114.21","77","52","62.64","74.14","58","83","66.44","0.00","43.31","15.14","350"
"2025-07-11 14:38","2025-07-11 14:58",,"19","544 Center Street North, Rothsay, Minnesota 56579, United States",,"46.480030","-96.280270","66114.21","615 Frontier Drive, Fergus Falls, Minnesota 56537, United States",,"46.289925","-96.118330","66130.80","52","43","59.52","70.79","51","74","22.85","0.00","16.59","5.14","310"
"2025-07-11 15:26","2025-07-11 17:26",,"120","615 Frontier Drive, Fergus Falls, Minnesota 56537, United States",,"46.289925","-96.118330","66130.80","220 7th Street West, Monticello, Minnesota 55362, United States",,"45.300774","-93.799576","66271.12","83","7","64.80","78.22","72","80","204.18","0.00","140.32","46.26","330"
"2025-07-11 18:22","2025-07-11 18:22",,"0","220 7th Street West, Monticello, Minnesota 55362, United States",,"45.300774","-93.799576","66271.13","100 7th Street East, Monticello, Minnesota 55362, United States",,"45.300350","-93.799440","66271.14","95","95","65.48","75.20","0","0","0.00","0.00","0.01","0.00","0"
"2025-07-11 18:25","2025-07-11 20:00",,"95","100 7th Street East, Monticello, Minnesota 55362, United States",,"45.300350","-93.799440","66271.16","1625 Stout Street, Menomonie, Wisconsin 54751, United States",,"44.901350","-91.930855","66377.20","95","41","66.27","81.68","69","81","143.77","0.00","106.03","32.52","307"
"2025-07-11 20:36","2025-07-11 20:41",,"4","1625 Stout Street, Menomonie, Wisconsin 54751, United States",,"44.901350","-91.930855","66377.22","506 Crescent Street, Menomonie, Wisconsin 54751, United States",,"44.878147","-91.928650","66378.95","40","39","71.91","78.42","19","47","2.43","0.00","1.73","0.54","312"
"2025-07-11 21:29","2025-07-11 21:31",,"2","506 Crescent Street, Menomonie, Wisconsin 54751, United States",,"44.878147","-91.928650","66378.96","200 1st Avenue West, Menomonie, Wisconsin 54751, United States",,"44.882595","-91.928190","66379.35","39","38","79.88","82.40","20","25","0.75","0.00","0.33","0.14","424"
"2025-07-11 21:31","2025-07-11 21:31",,"0","2nd Street Northeast, Menomonie, Wisconsin 54751, United States",,"44.882810","-91.928390","66379.29","200 1st Avenue West, Menomonie, Wisconsin 54751, United States",,"44.882580","-91.928154","66379.36","38","38","79.88","82.09","17","17","0.00","0.00","0.06","0.00","0"
"2025-07-11 22:18","2025-07-11 22:23",,"4","200 1st Avenue West, Menomonie, Wisconsin 54751, United States",,"44.882580","-91.928154","66379.36","215 Pine Avenue East, Menomonie, Wisconsin 54751, United States",,"44.901077","-91.930990","66381.00","38","37","81.68","76.69","24","38","2.43","0.00","1.64","0.50","305"
"2025-07-12 09:47","2025-07-12 09:48",,"1","215 Pine Avenue East, Menomonie, Wisconsin 54751, United States",,"44.901077","-91.930990","66381.02","1625 Stout Street, Menomonie, Wisconsin 54751, United States",,"44.901350","-91.930720","66381.04","33","33","83.66","71.60","3","3","0.00","0.00","0.02","0.00","0"
"2025-07-12 09:52","2025-07-12 09:55",,"2","1625 Stout Street, Menomonie, Wisconsin 54751, United States",,"44.901380","-91.930725","66381.05","121 Pine Avenue West, Menomonie, Wisconsin 54751, United States",,"44.901410","-91.933620","66381.37","33","33","83.75","71.60","11","18","1.26","0.00","0.32","0.24","750"
"2025-07-12 10:21","2025-07-12 11:46",,"85","121 Pine Avenue West, Menomonie, Wisconsin 54751, United States",,"44.901410","-91.933620","66381.38","Sam Walton Avenue, Tomah, Wisconsin 54660, United States",,"44.018826","-90.507480","66482.73","76","22","61.61","77.13","73","82","143.10","0.00","101.35","32.48","320"
"2025-07-12 12:10","2025-07-12 12:10",,"0","Sam Walton Avenue, Tomah, Wisconsin 54660, United States",,"44.018826","-90.507480","66482.73","Sam Walton Avenue, Tomah, Wisconsin 54660, United States",,"44.018826","-90.507480","66482.73","77","77","73.58","78.80","0","0","0.00","0.00","0.00","0.00",
"2025-07-12 12:10","2025-07-12 13:57",,"107","Sam Walton Avenue, Tomah, Wisconsin 54660, United States",,"44.018826","-90.507480","66482.73","1080 Remmel Drive, Watertown, Wisconsin 53094, United States",,"43.093704","-88.759310","66606.39","77","13","64.89","80.82","69","86","169.04","0.00","123.66","38.56","312"
"2025-07-12 14:00","2025-07-12 14:01",,"0","1080 Remmel Drive, Watertown, Wisconsin 53094, United States",,"43.093704","-88.759310","66606.46","1080 Remmel Drive, Watertown, Wisconsin 53094, United States",,"43.093580","-88.759300","66606.47","13","13","72.68","80.60","0","0","0.00","0.00","0.01","0.02","2000"
"2025-07-12 14:26","2025-07-12 15:33",,"67","1080 Remmel Drive, Watertown, Wisconsin 53094, United States",,"43.093580","-88.759300","66606.48","2800 West Frontage Road, Kenosha, Wisconsin 53144, United States",,"42.614430","-87.953445","66678.73","76","38","65.43","84.83","67","83","99.67","0.00","72.25","22.62","313"
"2025-07-12 15:52","2025-07-12 17:18",,"86","2800 West Frontage Road, Kenosha, Wisconsin 53144, United States",,"42.614430","-87.953445","66678.73","3475 North Clark Street, Chicago, Illinois 60657, United States",,"41.945480","-87.655050","66732.70","38","13","64.63","87.24","41","76","64.77","0.00","53.97","14.66","272"
"2025-07-12 17:50","2025-07-12 17:57",,"6","3475 North Clark Street, Chicago, Illinois 60657, United States",,"41.945480","-87.655050","66732.71","3449 N Sheffield Ave, Chicago, Illinois 60657, United States",,"41.944950","-87.654335","66733.12","12","11","66.38","90.81","7","18","2.01","0.00","0.41","0.48","1171"
"2025-07-13 11:19","2025-07-13 11:26",,"6","3443 North Sheffield Avenue, Chicago, Illinois 60657, United States",,"41.944942","-87.654340","66733.12","1012 West Addison Street, Chicago, Illinois 60613, United States",,"41.947186","-87.654854","66734.09","10","9","77.00","81.14","12","21","4.44","0.00","0.93","0.76","817"
"2025-07-13 11:38","2025-07-13 11:50",,"11","1012 West Addison Street, Chicago, Illinois 60613, United States",,"41.947186","-87.654854","66734.09","621 West Barry Avenue, Chicago, Illinois 60657, United States",,"41.937460","-87.644930","66736.04","8","6","73.62","79.38","16","24","6.69","0.00","1.95","1.50","769"
"2025-07-13 12:40","2025-07-13 12:56",,"16","621 West Barry Avenue, Chicago, Illinois 60657, United States",,"41.937460","-87.644930","66736.09","4697 West Lawrence Drive, Chicago, Illinois 60613, United States",,"41.968400","-87.643470","66739.74","83","80","64.49","81.00","18","49","7.36","0.00","3.65","1.74","477"
"2025-07-13 12:59","2025-07-13 13:05",,"5","4697 West Lawrence Drive, Chicago, Illinois 60613, United States",,"41.968400","-87.643470","66739.76","610 West Lawrence Avenue, Chicago, Illinois 60640, United States",,"41.968666","-87.643420","66739.82","80","80","67.10","85.53","3","3","1.17","0.00","0.06","0.26","4333"
"2025-07-13 14:01","2025-07-13 14:14",,"13","610 West Lawrence Avenue, Chicago, Illinois 60640, United States",,"41.968666","-87.643420","66739.82","3475 North Clark Street, Chicago, Illinois 60657, United States",,"41.945488","-87.655030","66742.48","77","75","66.76","83.50","15","51","6.78","0.00","2.66","1.58","594"
"2025-07-13 14:33","2025-07-13 14:34",,"0","3475 North Clark Street, Chicago, Illinois 60657, United States",,"41.945488","-87.655030","66742.51","3444 North Clark Street, Chicago, Illinois 60657, United States",,"41.944656","-87.654550","66742.52","73","73","66.20","92.75","2","2","0.00","0.00","0.01","0.00","0"
"2025-07-13 14:38","2025-07-13 15:02",,"23","3444 North Clark Street, Chicago, Illinois 60657, United States",,"41.944656","-87.654550","66742.57","1342 West Division Street, Chicago, Illinois 60642, United States",,"41.903763","-87.662340","66746.74","73","70","66.42","88.56","14","36","9.29","0.00","4.16","2.16","519"
"2025-07-13 15:12","2025-07-13 15:49",,"36","1342 West Division Street, Chicago, Illinois 60642, United States",,"41.903763","-87.662340","66746.74","750 East 111th Street, Chicago, Illinois 60628, United States",,"41.693590","-87.601170","66763.83","69","61","67.19","90.97","30","71","20.92","0.00","17.09","4.68","274"
"2025-07-13 16:09","2025-07-13 18:24",,"135","750 East 111th Street, Chicago, Illinois 60628, United States",,"41.693590","-87.601170","66763.84","1010 West 2nd Street, Veedersburg, Indiana 47987, United States",,"40.113000","-87.247990","66884.24","86","27","62.94","79.79","57","74","157.15","0.00","120.40","35.42","294"
"2025-07-13 18:45","2025-07-13 19:51",,"66","1010 West 2nd Street, Veedersburg, Indiana 47987, United States",,"40.113000","-87.247990","66884.24","2601 North 10th Street, Terre Haute, Indiana 47804, United States",,"39.498260","-87.403110","66935.45","74","50","65.05","71.94","48","69","65.19","0.00","51.21","14.84","290"
"2025-07-13 20:29","2025-07-13 20:35",,"5","2601 North 10th Street, Terre Haute, Indiana 47804, United States",,"39.498260","-87.403110","66935.45","1554 Lafayette Avenue, Terre Haute, Indiana 47804, United States",,"39.501778","-87.391014","66936.58","50","49","63.21","73.40","12","26","2.01","0.00","1.13","0.52","460"
"2025-07-13 22:07","2025-07-13 22:20",,"12","1554 Lafayette Avenue, Terre Haute, Indiana 47804, United States",,"39.501778","-87.391014","66936.58","2601 North 10th Street, Terre Haute, Indiana 47804, United States",,"39.498287","-87.403114","66939.82","48","47","66.70","73.72","20","38","4.77","0.00","3.24","1.08","333"
"2025-07-14 09:55","2025-07-14 10:04",,"9","2601 North 10th Street, Terre Haute, Indiana 47804, United States",,"39.498287","-87.403114","66939.82","303 South 7th Street, Terre Haute, Indiana 47807, United States",,"39.462795","-87.407490","66943.30","42","40","68.11","74.71","24","49","4.94","0.00","3.41","1.14","334"
"2025-07-14 10:41","2025-07-14 10:53",,"12","303 South 7th Street, Terre Haute, Indiana 47807, United States",,"39.462795","-87.407490","66943.30","18 Plaza North Shopping Center, Terre Haute, Indiana 47804, United States",,"39.507220","-87.389880","66946.95","39","37","77.88","78.80","20","32","5.86","0.00","3.62","1.28","354"
"2025-07-14 11:08","2025-07-14 11:08",,"0","18 Plaza North Shopping Center, Terre Haute, Indiana 47804, United States",,"39.507220","-87.389880","66946.95","1699 Fort Harrison Road, Terre Haute, Indiana 47804, United States",,"39.507023","-87.390130","66946.99","37","37","84.38","84.20","3","3","0.00","0.00","0.04","0.02","500"
"2025-07-14 11:21","2025-07-14 11:25",,"4","1699 Fort Harrison Road, Terre Haute, Indiana 47804, United States",,"39.507023","-87.390130","66946.99","1115 Delaware Avenue, Terre Haute, Indiana 47804, United States",,"39.498170","-87.402550","66948.30","37","36","83.89","82.40","20","38","2.26","0.00","1.31","0.50","382"
"2025-07-14 11:25","2025-07-14 11:25",,"0","1115 Delaware Avenue, Terre Haute, Indiana 47804, United States",,"39.498165","-87.402794","66948.30","1115 Delaware Avenue, Terre Haute, Indiana 47804, United States",,"39.498173","-87.402630","66948.30","36","36","79.25","82.40","5","5","0.00","0.00","0.00","0.00",
"2025-07-14 11:36","2025-07-14 11:38",,"1","1115 Delaware Avenue, Terre Haute, Indiana 47804, United States",,"39.498173","-87.402630","66948.31","2601 North 10th Street, Terre Haute, Indiana 47804, United States",,"39.498245","-87.403110","66948.63","36","35","85.62","86.00","12","14","0.84","0.00","0.32","0.14","438"
"2025-07-14 12:26","2025-07-14 12:46",,"19","2601 North 10th Street, Terre Haute, Indiana 47804, United States",,"39.498245","-87.403110","66948.65","5150 East Poplar Drive, Terre Haute, Indiana 47803, United States",,"39.463840","-87.338394","66956.84","34","28","67.78","85.48","30","56","16.23","0.00","8.19","3.70","452"
"2025-07-14 13:04","2025-07-14 13:10",,"6","5150 East Poplar Drive, Terre Haute, Indiana 47803, United States",,"39.463840","-87.338394","66956.84","1850 N State Rd, Terre Haute, Indiana 47803, United States",,"39.443302","-87.330956","66958.97","27","25","70.41","87.04","19","49","4.52","0.00","2.11","1.02","483"
"2025-07-14 13:10","2025-07-14 13:10",,"0","1850 N State Rd, Terre Haute, Indiana 47803, United States",,"39.443302","-87.330956","66958.95","1850 N State Rd, Terre Haute, Indiana 47803, United States",,"39.443302","-87.330956","66958.97","25","25","68.18","86.00","0","1","0.00","0.00","0.02","0.00","0"
"2025-07-14 13:10","2025-07-14 13:10",,"0","1850 N State Rd, Terre Haute, Indiana 47803, United States",,"39.443302","-87.330956","66958.97","1850 N State Rd, Terre Haute, Indiana 47803, United States",,"39.443302","-87.330956","66958.97","25","25","68.18","86.00","0","0","0.00","0.00","0.00","0.00",
"2025-07-14 13:10","2025-07-14 13:11",,"0","1850 N State Rd, Terre Haute, Indiana 47803, United States",,"39.443302","-87.330956","66958.97","1850 N State Rd, Terre Haute, Indiana 47803, United States",,"39.443302","-87.330956","66958.97","25","25","68.18","86.00","0","0","0.00","0.00","0.00","0.10",
"2025-07-14 13:11","2025-07-14 13:11",,"0","1850 N State Rd, Terre Haute, Indiana 47803, United States",,"39.443302","-87.330956","66958.97","1850 N State Rd, Terre Haute, Indiana 47803, United States",,"39.443302","-87.330956","66958.97","25","25","68.18","86.00","0","0","0.00","0.00","0.00","0.00",
"2025-07-14 13:11","2025-07-14 13:11",,"0","1850 N State Rd, Terre Haute, Indiana 47803, United States",,"39.443302","-87.330956","66958.97","1850 N State Rd, Terre Haute, Indiana 47803, United States",,"39.443302","-87.330956","66958.97","25","25","68.18","86.00","0","0","0.33","0.00","0.00","0.00",
"2025-07-14 13:11","2025-07-14 13:11",,"0","1850 N State Rd, Terre Haute, Indiana 47803, United States",,"39.443302","-87.330956","66958.97","1850 N State Rd, Terre Haute, Indiana 47803, United States",,"39.443302","-87.330956","66958.97","25","25","68.18","86.00","0","0","0.00","0.00","0.00","0.00",
"2025-07-14 13:41","2025-07-14 14:17",,"35","1850 N State Rd, Terre Haute, Indiana 47803, United States",,"39.443302","-87.330956","66958.97","Indiana Highway 63, Hillsdale, Indiana 47854, United States",,"39.732720","-87.397270","66984.81","83","67","66.70","87.12","46","69","41.67","0.00","25.84","9.44","365"
"2025-07-14 14:20","2025-07-14 15:57",,"97","Indiana Highway 63, Hillsdale, Indiana 47854, United States",,"39.732720","-87.397270","66984.81","105 West Michigan Avenue, Morocco, Indiana 47963, United States",,"40.940742","-87.455284","67076.88","67","20","63.90","85.71","58","72","125.44","0.00","92.07","28.36","308"
"2025-07-14 16:11","2025-07-14 16:34",,"22","105 West Michigan Avenue, Morocco, Indiana 47963, United States",,"40.940720","-87.455284","67076.99","824 North 600 East, Fair Oaks, Indiana 47943, United States",,"41.010277","-87.276610","67092.05","20","12","67.60","88.32","42","65","21.00","0.00","15.06","4.72","313"
"2025-07-14 16:51","2025-07-14 18:06",,"74","824 North 600 East, Fair Oaks, Indiana 47943, United States",,"41.010277","-87.276610","67092.06","19799 US Route 12, New Buffalo, Michigan 49117, United States",,"41.760883","-86.798470","67170.79","63","20","61.12","88.09","64","84","113.47","0.00","78.73","26.12","332"
"2025-07-14 18:28","2025-07-14 18:56",,"28","19799 US Route 12, New Buffalo, Michigan 49117, United States",,"41.760883","-86.798470","67170.83","5019 Red Arrow Highway, Stevensville, Michigan 49127, United States",,"42.026920","-86.517610","67196.87","20","6","59.36","83.91","56","77","37.66","0.00","26.04","8.48","326"
"2025-07-14 19:30","2025-07-14 19:45",,"15","5019 Red Arrow Highway, Stevensville, Michigan 49127, United States",,"42.026920","-86.517610","67196.87","12312 Red Arrow Highway, Sawyer, Michigan 49125, United States",,"41.896526","-86.600150","67209.84","83","76","61.23","80.44","52","79","18.66","0.00","12.97","4.22","325"
"2025-07-14 20:29","2025-07-14 20:45",,"16","12312 Red Arrow Highway, Sawyer, Michigan 49125, United States",,"41.896526","-86.600150","67209.84","16 West Mechanic Street, New Buffalo, Michigan 49117, United States",,"41.796696","-86.744950","67221.66","76","69","69.35","79.16","53","86","18.74","0.00","11.82","4.12","349"
"2025-07-14 23:47","2025-07-15 00:29",,"42","16 West Mechanic Street, New Buffalo, Michigan 49117, United States",,"41.796696","-86.744950","67221.66","6782 Old M-11, Sawyer, Michigan 49125, United States",,"41.875698","-86.617820","67247.05","66","53","66.92","68.79","34","57","33.47","0.00","25.39","7.60","299"
"2025-07-15 00:32","2025-07-15 01:01",,"28","6782 Old M-11, Sawyer, Michigan 49125, United States",,"41.875698","-86.617820","67247.07","5100 Franklin Street, Michigan City, Indiana 46360, United States",,"41.673840","-86.890890","67270.60","53","42","66.92","68.04","50","74","30.21","0.00","23.53","6.76","287"
"2025-07-15 01:18","2025-07-15 01:22",,"3","5100 Franklin Street, Michigan City, Indiana 46360, United States",,"41.673840","-86.890890","67270.66","5830 Franklin Street, Michigan City, Indiana 46360, United States",,"41.666176","-86.893290","67271.41","77","77","66.92","70.70","16","35","1.34","0.00","0.75","0.34","453"
"2025-07-15 01:27","2025-07-15 01:30",,"2","5830 Franklin Street, Michigan City, Indiana 46360, United States",,"41.666176","-86.893290","67271.41","101 US Route 20, Michigan City, Indiana 46360, United States",,"41.679794","-86.893360","67272.41","76","76","66.92","70.70","24","40","1.42","0.00","0.94","0.26","277"
"2025-07-15 01:35","2025-07-15 01:40",,"5","101 US Route 20, Michigan City, Indiana 46360, United States",,"41.679790","-86.893320","67272.41","5100 Franklin Street, Michigan City, Indiana 46360, United States",,"41.673824","-86.890915","67273.93","76","75","67.82","74.30","18","40","2.76","0.00","1.45","0.56","386"
"2025-07-15 05:09","2025-07-15 05:31",,"21","5100 Franklin Street, Michigan City, Indiana 46360, United States",,"41.673824","-86.890915","67273.93","US Route 12, Michigan City, Indiana 46360, United States",,"41.706753","-86.929470","67281.69","96","93","67.82","70.32","22","45","9.12","0.00","7.76","2.08","268"
"2025-07-15 06:28","2025-07-15 06:32",,"4","US Route 12, Michigan City, Indiana 46360, United States",,"41.706795","-86.929310","67281.70","East Valley Avenue, Beverly Shores, Indiana 46301, United States",,"41.701405","-86.950410","67283.05","92","91","60.24","67.10","22","35","1.67","0.00","1.35","0.50","370"
"2025-07-15 09:44","2025-07-15 09:48",,"4","East Valley Avenue, Beverly Shores, Indiana 46301, United States",,"41.701405","-86.950410","67283.08","2704 West Dunes Highway, Michigan City, Indiana 46360, United States",,"41.694817","-86.933420","67284.45","87","86","57.83","81.82","27","43","2.01","0.00","1.34","0.50","373"
"2025-07-15 09:59","2025-07-15 09:59",,"0","2704 West Dunes Highway, Michigan City, Indiana 46360, United States",,"41.694817","-86.933420","67284.45","2704 West Dunes Highway, Michigan City, Indiana 46360, United States",,"41.694817","-86.933420","67284.45","85","85","61.52","83.30","0","0","0.00","0.00","0.00","0.00",
"2025-07-15 09:59","2025-07-15 12:00",,"120","2704 West Dunes Highway, Michigan City, Indiana 46360, United States",,"41.694817","-86.933420","67284.45","15 Meijer Drive, Lafayette, Indiana 47905, United States",,"40.416210","-86.813995","67376.45","85","39","63.97","86.85","49","73","124.60","0.00","91.99","28.16","306"
"2025-07-15 12:00","2025-07-15 12:00",,"0","15 Meijer Drive, Lafayette, Indiana 47905, United States",,"40.416320","-86.813770","67376.44","15 Meijer Drive, Lafayette, Indiana 47905, United States",,"40.416210","-86.813995","67376.45","39","39","65.12","88.70","6","9","0.00","0.00","0.01","0.08","8000"
"2025-07-15 12:24","2025-07-15 12:25",,"0","15 Meijer Drive, Lafayette, Indiana 47905, United States",,"40.416190","-86.813940","67376.47","4901 IN-26, Lafayette, Indiana 47905, United States",,"40.416380","-86.813900","67376.48","83","84","69.62","92.30","6","6","0.00","0.00","0.01","-0.26","-26000"
"2025-07-15 12:27","2025-07-15 12:28",,"0","4901 IN-26, Lafayette, Indiana 47905, United States",,"40.416380","-86.813900","67376.48","4803 Indiana Highway 26, Lafayette, Indiana 47905, United States",,"40.416550","-86.813440","67376.52","83","83","71.42","94.10","7","7","0.00","0.00","0.01","0.02","2000"
"2025-07-15 12:28","2025-07-15 14:00",,"92","4803 Indiana Highway 26, Lafayette, Indiana 47905, United States",,"40.416550","-86.813440","67376.52","2055 Barrett Dr, Greenfield, Indiana 46140, United States",,"39.815277","-85.766840","67458.43","83","37","63.99","86.41","58","80","121.76","0.00","81.91","27.64","337"
"2025-07-15 14:08","2025-07-15 14:12",,"3","2055 Barrett Dr, Greenfield, Indiana 46140, United States",,"39.815277","-85.766840","67458.48","2243 North State Street, Greenfield, Indiana 46140, United States",,"39.817360","-85.768970","67459.07","37","36","65.30","76.10","12","39","1.00","0.00","0.57","0.32","561"
"2025-07-15 14:12","2025-07-15 14:12",,"0","2243 North State Street, Greenfield, Indiana 46140, United States",,"39.817360","-85.768970","67459.05","2243 North State Street, Greenfield, Indiana 46140, United States",,"39.817360","-85.768970","67459.07","36","36","65.12","76.10","4","4","0.50","0.00","0.02","0.00","0"
"2025-07-15 14:20","2025-07-15 15:08",,"48","2243 North State Street, Greenfield, Indiana 46140, United States",,"39.817360","-85.768970","67459.07","2499 Chester Boulevard, Richmond, Indiana 47374, United States",,"39.868076","-84.887230","67506.86","36","15","64.04","84.06","60","79","55.56","0.00","47.79","12.60","264"
"2025-07-15 15:26","2025-07-15 15:28",,"2","2499 Chester Boulevard, Richmond, Indiana 47374, United States",,"39.868076","-84.887230","67506.86","2414 Chester Boulevard, Richmond, Indiana 47374, United States",,"39.868618","-84.889090","67506.98","63","63","61.11","88.39","9","15","0.33","0.00","0.12","0.08","667"
"2025-07-15 15:34","2025-07-15 15:49",,"15","2414 Chester Boulevard, Richmond, Indiana 47374, United States",,"39.868618","-84.889090","67507.02","4629 National Road East, Richmond, Indiana 47374, United States",,"39.829830","-84.838320","67514.93","63","59","70.93","87.19","32","58","9.29","0.00","7.90","2.24","284"
"2025-07-15 16:05","2025-07-15 16:14",,"8","4629 National Road East, Richmond, Indiana 47374, United States",,"39.829830","-84.838320","67514.93","500 S Washington St, New Paris, Ohio 45347, United States",,"39.852474","-84.796486","67518.89","58","56","64.69","88.95","31","52","5.36","0.00","3.96","1.04","263"
"2025-07-15 16:23","2025-07-15 17:27",,"64","500 S Washington St, New Paris, Ohio 45347, United States",,"39.852474","-84.796486","67518.89","850 South Barron Street, Eaton, Ohio 45320, United States",,"39.734146","-84.634340","67560.52","56","36","68.25","83.53","41","72","52.47","0.00","41.63","11.82","284"
"2025-07-15 17:30","2025-07-15 17:45",,"15","850 South Barron Street, Eaton, Ohio 45320, United States",,"39.734146","-84.634340","67560.52","11272 County Highway 227, Camden, Ohio 45311, United States",,"39.585503","-84.650696","67571.91","36","31","69.21","82.98","45","59","13.31","0.00","11.39","2.98","262"
"2025-07-15 17:46","2025-07-15 17:47",,"1","11272 County Highway 227, Camden, Ohio 45311, United States",,"39.585503","-84.650696","67571.91","11272 County Highway 227, Camden, Ohio 45311, United States",,"39.585518","-84.650650","67571.92","31","31","79.92","81.50","0","0","-0.25","0.00","0.01","0.00","0"
"2025-07-15 17:51","2025-07-15 17:54",,"3","11272 County Highway 227, Camden, Ohio 45311, United States",,"39.585518","-84.650650","67571.92","11322 County Highway 227, Camden, Ohio 45311, United States",,"39.586483","-84.647280","67572.21","31","31","80.26","81.50","6","9","0.33","0.00","0.26","0.14","538"
"2025-07-15 18:17","2025-07-15 18:17",,"0","11322 County Highway 227, Camden, Ohio 45311, United States",,"39.586506","-84.647260","67572.21","11322 County Highway 227, Camden, Ohio 45311, United States",,"39.586514","-84.647190","67572.21","31","31","82.76","81.50","0","1","0.00","0.00","0.00","0.00",
"2025-07-16 12:51","2025-07-16 13:00",,"9","11322 County Highway 227, Camden, Ohio 45311, United States",,"39.586480","-84.647150","67572.22","6440 Hamilton Eaton Road, Somerville, Ohio 45064, United States",,"39.546318","-84.636000","67575.38","24","21","68.40","79.92","28","51","7.28","0.00","2.94","1.62","551"
"2025-07-16 13:01","2025-07-16 13:35",,"34","6440 Hamilton Eaton Road, Somerville, Ohio 45064, United States",,"39.546318","-84.636000","67575.38","7381 Tylers Corner Drive, West Chester, Ohio 45069, United States",,"39.356420","-84.377590","67600.77","21","8","62.55","79.84","47","76","35.15","0.00","25.39","7.92","312"
"2025-07-16 13:35","2025-07-16 13:35",,"0","7381 Tylers Corner Drive, West Chester, Ohio 45069, United States",,"39.356420","-84.377590","67600.77","7381 Tylers Corner Drive, West Chester, Ohio 45069, United States",,"39.356420","-84.377590","67600.77","8","8","64.85","78.80","0","0","0.00","0.00","0.00","0.08",
"2025-07-16 15:01","2025-07-16 15:05",,"4","7381 Tylers Corner Drive, West Chester, Ohio 45069, United States",,"39.356420","-84.377590","67600.77","7820 Tylersville Square Drive, West Chester, Ohio 45069, United States",,"39.355730","-84.377960","67600.99","100","99","71.04","84.56","6","10","1.84","0.00","0.22","0.42","1909"
"2025-07-16 15:07","2025-07-16 15:19",,"11","7820 Tylersville Square Drive, West Chester, Ohio 45069, United States",,"39.355730","-84.377960","67601.02","9272 Cincinnati Columbus Road, West Chester, Ohio 45241, United States",,"39.317580","-84.369606","67604.73","99","95","68.86","90.12","22","41","10.13","0.00","3.64","2.26","621"
"2025-07-16 15:24","2025-07-16 16:17",,"52","9272 Cincinnati Columbus Road, West Chester, Ohio 45241, United States",,"39.317580","-84.369606","67604.73","3198 Geier Drive, Cincinnati, Ohio 45209, United States",,"39.163013","-84.426510","67621.05","95","83","62.20","89.58","27","65","31.38","0.00","16.32","7.08","434"
"2025-07-16 17:19","2025-07-16 17:20",,"0","3198 Geier Drive, Cincinnati, Ohio 45209, United States",,"39.163013","-84.426510","67621.05","3198 Geier Drive, Cincinnati, Ohio 45209, United States",,"39.163013","-84.426510","67621.05","100","100","61.16","94.10","0","0","0.00","0.00","0.00","0.02",
"2025-07-16 17:20","2025-07-16 17:28",,"7","3198 Geier Drive, Cincinnati, Ohio 45209, United States",,"39.163013","-84.426510","67621.05","5012 Calvert Street, Cincinnati, Ohio 45209, United States",,"39.164060","-84.421970","67621.60","100","99","61.36","94.10","15","29","2.26","0.00","0.55","0.62","1127"
"2025-07-16 17:40","2025-07-16 17:50",,"9","5012 Calvert Street, Cincinnati, Ohio 45209, United States",,"39.164060","-84.421970","67621.61","3012 Section Road, Amberley, Ohio 45237, United States",,"39.196217","-84.428770","67624.74","98","96","62.55","92.16","26","41","6.61","0.00","3.13","1.66","530"
"2025-07-16 18:10","2025-07-16 18:10",,"0","3012 Section Road, Amberley, Ohio 45237, United States",,"39.196217","-84.428770","67624.81","3012 Section Road, Amberley, Ohio 45237, United States",,"39.196217","-84.428770","67624.81","92","92","76.46","95.90","0","0","0.00","0.00","0.00","0.00",
"2025-07-16 18:10","2025-07-16 18:19",,"9","3012 Section Road, Amberley, Ohio 45237, United States",,"39.196217","-84.428770","67624.81","3115 Gloss Avenue, Cincinnati, Ohio 45213, United States",,"39.177116","-84.429370","67626.96","92","90","79.59","93.09","21","34","5.61","0.00","2.15","1.24","577"
"2025-07-16 21:05","2025-07-16 21:05",,"0","3115 Gloss Avenue, Cincinnati, Ohio 45213, United States",,"39.177116","-84.429370","67626.98","3115 Gloss Avenue, Cincinnati, Ohio 45213, United States",,"39.177116","-84.429370","67626.98","76","76","58.91","90.50","0","0","0.00","0.00","0.00","0.02",
"2025-07-17 08:23","2025-07-17 08:26",,"3","3115 Gloss Avenue, Cincinnati, Ohio 45213, United States",,"39.177100","-84.429360","67626.98","2978 Mapleleaf Avenue, Cincinnati, Ohio 45212, United States",,"39.174686","-84.432560","67627.52","71","71","68.07","82.20","14","22","0.50","0.00","0.54","0.06","111"
"2025-07-17 08:26","2025-07-17 08:45",,"19","2978 Mapleleaf Avenue, Cincinnati, Ohio 45212, United States",,"39.174686","-84.432560","67627.52","6112 Montgomery Road, Cincinnati, Ohio 45213, United States",,"39.182410","-84.426380","67631.46","71","67","68.92","83.12","16","35","11.63","0.00","3.94","2.72","690"
"2025-07-17 09:41","2025-07-17 09:55",,"14","6112 Montgomery Road, Cincinnati, Ohio 45213, United States",,"39.182410","-84.426380","67631.46","3198 Geier Drive, Cincinnati, Ohio 45209, United States",,"39.163060","-84.426510","67635.66","62","59","62.02","85.62","19","38","7.53","0.00","4.20","1.64","390"
"2025-07-17 10:15","2025-07-17 11:56",,"100","3198 Geier Drive, Cincinnati, Ohio 45209, United States",,"39.163060","-84.426510","67635.66","196 Dusky Grouse Ln, Columbus, Ohio 43235, United States",,"40.117397","-83.010895","67747.40","87","33","68.54","85.69","68","82","143.85","0.00","111.74","32.50","291"
"2025-07-17 12:51","2025-07-17 12:52",,"0","196 Dusky Grouse Ln, Columbus, Ohio 43235, United States",,"40.117397","-83.010895","67747.40","180 Dusky Grouse Ln, Columbus, Ohio 43235, United States",,"40.116840","-83.010956","67747.41","97","97","66.16","91.40","0","1","0.17","0.00","0.01","0.02","2000"
"2025-07-17 12:52","2025-07-17 14:35",,"103","180 Dusky Grouse Ln, Columbus, Ohio 43235, United States",,"40.116840","-83.010956","67747.41","5149 Montgomery Road, Norwood, Ohio 45212, United States",,"39.169140","-84.451965","67860.68","97","40","61.68","85.44","67","86","151.46","0.00","113.27","34.24","302"
"2025-07-17 14:45","2025-07-17 14:45",,"0","5149 Montgomery Road, Norwood, Ohio 45212, United States",,"39.169140","-84.451965","67860.68","5149 Montgomery Road, Norwood, Ohio 45212, United States",,"39.169140","-84.451965","67860.68","39","39","60.44","86.00","0","0","0.00","0.00","0.00","0.00",
"2025-07-17 14:48","2025-07-17 15:12",,"23","5149 Montgomery Road, Norwood, Ohio 45212, United States",,"39.169140","-84.451965","67860.68","4632 Eastern Avenue, Cincinnati, Ohio 45226, United States",,"39.119140","-84.418846","67866.27","39","36","60.44","86.99","22","41","9.87","0.00","5.59","2.22","397"
"2025-07-17 16:32","2025-07-17 16:33",,"0","4632 Eastern Avenue, Cincinnati, Ohio 45226, United States",,"39.119140","-84.418846","67866.33","4632 Eastern Avenue, Cincinnati, Ohio 45226, United States",,"39.119140","-84.418846","67866.33","28","28","60.08","93.20","0","0","0.00","0.00","0.00","0.04",
"2025-07-17 16:33","2025-07-17 16:44",,"11","4632 Eastern Avenue, Cincinnati, Ohio 45226, United States",,"39.119140","-84.418846","67866.33","3655 Michigan Avenue, Cincinnati, Ohio 45208, United States",,"39.144610","-84.441410","67869.07","28","26","66.63","89.17","17","40","7.45","0.00","2.74","1.70","620"
"2025-07-17 17:04","2025-07-17 17:10",,"6","3655 Michigan Avenue, Cincinnati, Ohio 45208, United States",,"39.144610","-84.441410","67869.07","3946 Edwards Road, Cincinnati, Ohio 45209, United States",,"39.151505","-84.441800","67870.13","25","24","67.28","90.50","11","26","2.34","0.00","1.06","0.48","453"
"2025-07-17 17:22","2025-07-17 17:22",,"0","3946 Edwards Road, Cincinnati, Ohio 45209, United States",,"39.151505","-84.441800","67870.13","3946 Edwards Road, Cincinnati, Ohio 45209, United States",,"39.151530","-84.441800","67870.13","23","23","69.08","89.60","0","0","0.00","0.00","0.00","0.00",
"2025-07-17 17:22","2025-07-17 17:38",,"15","3946 Edwards Road, Cincinnati, Ohio 45209, United States",,"39.151530","-84.441800","67870.13","3245 Geier Drive, Cincinnati, Ohio 45209, United States",,"39.162476","-84.426140","67874.92","23","20","67.57","88.52","21","52","8.87","0.00","4.79","2.00","418"
"2025-07-17 17:38","2025-07-17 17:41",,"2","3245 Geier Drive, Cincinnati, Ohio 45209, United States",,"39.162476","-84.426140","67874.92","3245 Geier Drive, Cincinnati, Ohio 45209, United States",,"39.162685","-84.426544","67875.02","20","19","62.44","87.80","8","8","1.00","0.00","0.10","0.24","2400"
"2025-07-17 18:08","2025-07-17 18:15",,"7","3245 Geier Drive, Cincinnati, Ohio 45209, United States",,"39.162685","-84.426544","67875.04","2705 Lawndale Avenue, Cincinnati, Ohio 45212, United States",,"39.176792","-84.439220","67876.99","77","75","63.68","89.38","20","39","3.77","0.00","1.95","0.72","369"
"2025-07-17 18:15","2025-07-17 18:18",,"2","2705 Lawndale Avenue, Cincinnati, Ohio 45212, United States",,"39.176792","-84.439220","67876.99","2682 Cypress Way, Cincinnati, Ohio 45212, United States",,"39.172860","-84.440370","67877.54","75","74","63.68","87.80","18","37","1.67","0.00","0.55","0.40","727"
"2025-07-17 19:32","2025-07-17 19:34",,"1","2682 Cypress Way, Cincinnati, Ohio 45212, United States",,"39.172860","-84.440370","67877.57","5557 Montgomery Road, Cincinnati, Ohio 45212, United States",,"39.175580","-84.441925","67877.88","74","73","84.83","86.00","12","28","1.00","0.00","0.31","0.12","387"
"2025-07-17 19:38","2025-07-17 19:43",,"4","5557 Montgomery Road, Cincinnati, Ohio 45212, United States",,"39.175602","-84.441950","67877.95","3115 Gloss Avenue, Cincinnati, Ohio 45213, United States",,"39.177110","-84.429370","67879.19","73","72","71.44","81.73","18","39","3.68","0.00","1.20","0.88","733"
"2025-07-17 20:36","2025-07-17 20:40",,"4","3115 Gloss Avenue, Cincinnati, Ohio 45213, United States",,"39.177110","-84.429370","67879.19","3272 Highland Avenue, Cincinnati, Ohio 45213, United States",,"39.168290","-84.429100","67880.07","72","71","78.57","82.24","21","28","0.67","0.00","0.88","0.08","91"
"2025-07-17 20:43","2025-07-17 20:49",,"6","3272 Highland Avenue, Cincinnati, Ohio 45213, United States",,"39.168290","-84.429100","67880.07","3115 Gloss Avenue, Cincinnati, Ohio 45213, United States",,"39.177140","-84.429350","67882.03","71","69","71.78","76.80","20","39","4.77","0.00","1.96","0.98","500"
"2025-07-18 08:51","2025-07-18 08:58",,"6","3115 Gloss Avenue, Cincinnati, Ohio 45213, United States",,"39.177110","-84.429360","67882.04","3198 Geier Drive, Cincinnati, Ohio 45209, United States",,"39.163086","-84.426506","67883.57","65","65","68.74","75.20","22","41","2.09","0.00","1.52","0.52","342"
"2025-07-18 09:35","2025-07-18 09:56",,"20","3198 Geier Drive, Cincinnati, Ohio 45209, United States",,"39.163086","-84.426506","67883.57","2793 Water Park Drive, Mason, Ohio 45040, United States",,"39.358833","-84.266266","67901.59","94","85","66.15","75.20","56","77","25.02","0.00","18.02","5.58","310"
"2025-07-18 10:05","2025-07-18 10:09",,"4","2793 Water Park Drive, Mason, Ohio 45040, United States",,"39.358833","-84.266266","67901.70","5591 Kings Mills Road, Mason, Ohio 45040, United States",,"39.357224","-84.266136","67901.93","84","84","67.64","76.51","0","1","1.00","0.00","0.23","0.30","1304"
"2025-07-18 10:16","2025-07-18 10:16",,"0","5591 Kings Mills Road, Mason, Ohio 45040, United States",,"39.357224","-84.266136","67901.93","5591 Kings Mills Road, Mason, Ohio 45040, United States",,"39.357224","-84.266136","67901.93","83","83","67.64","80.60","0","0","0.00","0.00","0.00","0.00",
"2025-07-18 10:16","2025-07-18 12:05",,"109","5591 Kings Mills Road, Mason, Ohio 45040, United States",,"39.357224","-84.266136","67901.93","6200 OH-95, Mt Gilead, Ohio 43338, United States",,"40.493748","-82.713080","68027.96","83","20","66.06","77.97","71","88","169.46","0.00","126.03","38.24","303"
"2025-07-18 12:20","2025-07-18 12:22",,"1","6200 OH-95, Mt Gilead, Ohio 43338, United States",,"40.493770","-82.713100","68027.96","6147 Ohio Highway 95, Mount Gilead, Ohio 43338, United States",,"40.495804","-82.714160","68028.11","60","60","72.93","69.80","11","28","-3.93","0.00","0.15","-1.28","-8533"
"2025-07-18 12:29","2025-07-18 13:43",,"74","6147 Ohio Highway 95, Mount Gilead, Ohio 43338, United States",,"40.495804","-82.714160","68028.18","8700 Wooster Pike, Seville, Ohio 44273, United States",,"41.035560","-81.864850","68096.53","59","24","65.59","72.18","59","80","93.22","0.00","68.35","21.12","309"
"2025-07-18 14:34","2025-07-18 14:51",,"16","8700 Wooster Pike, Seville, Ohio 44273, United States",,"41.035560","-81.864850","68096.53","10251 East Easton Road, Rittman, Ohio 44270, United States",,"40.945835","-81.791870","68106.05","95","91","65.79","77.00","39","63","10.79","0.00","9.35","2.42","259"
"2025-07-18 14:51","2025-07-18 15:18",,"27","10251 East Easton Road, Rittman, Ohio 44270, United States",,"40.945835","-81.791870","68106.05","4705 Kidron Road, Kidron, Ohio 44636, United States",,"40.742270","-81.745710","68122.30","91","83","66.06","76.44","39","59","21.67","0.00","16.25","4.88","300"
"2025-07-18 15:31","2025-07-18 17:12",,"101","4705 Kidron Road, Kidron, Ohio 44636, United States",,"40.742270","-81.745710","68122.30","7766 Reynolds Road, Mentor, Ohio 44060, United States",,"41.660130","-81.379180","68204.33","83","43","61.72","76.55","54","85","106.28","0.00","82.03","24.02","293"
"2025-07-18 17:46","2025-07-18 19:15",,"88","7766 Reynolds Road, Mentor, Ohio 44060, United States",,"41.660130","-81.379180","68204.34","7810 Interstate Drive, Erie, Pennsylvania 16509, United States",,"42.049670","-80.086330","68292.08","55","6","61.68","75.27","64","83","127.87","0.00","87.74","29.22","333"
"2025-07-18 19:41","2025-07-18 19:58",,"17","7810 Interstate Drive, Erie, Pennsylvania 16509, United States",,"42.049670","-80.086330","68292.08","7 Presque Isle State Park, Erie, Pennsylvania 16505, United States",,"42.125110","-80.147736","68304.08","48","45","63.03","72.72","42","74","9.37","0.00","12.00","1.90","158"
"2025-07-18 20:37","2025-07-18 20:55",,"18","7 Presque Isle State Park, Erie, Pennsylvania 16505, United States",,"42.125110","-80.147736","68304.08","7810 Interstate Drive, Erie, Pennsylvania 16509, United States",,"42.049670","-80.086460","68312.58","45","38","67.10","72.90","32","62","18.24","0.00","8.50","4.06","478"
"2025-07-19 01:59","2025-07-19 01:59",,"0","7810 Interstate Drive, Erie, Pennsylvania 16509, United States",,"42.049670","-80.086460","68312.60","7810 Interstate Drive, Erie, Pennsylvania 16509, United States",,"42.049633","-80.086570","68312.61","94","94","67.10","71.60","0","0","0.17","0.00","0.01","0.00","0"
"2025-07-19 08:24","2025-07-19 08:24",,"0","7810 Interstate Drive, Erie, Pennsylvania 16509, United States",,"42.049633","-80.086570","68312.61","301 Peninsula Dr, Erie, Pennsylvania 16505, United States",,"42.049500","-80.086340","68312.63","87","87","62.60","73.40","0","1","0.17","0.00","0.01","0.02","2000"
"2025-07-19 08:24","2025-07-19 08:25",,"0","301 Peninsula Dr, Erie, Pennsylvania 16505, United States",,"42.049484","-80.086334","68312.62","301 Peninsula Dr, Erie, Pennsylvania 16505, United States",,"42.049500","-80.086340","68312.63","87","87","62.35","73.40","0","1","0.00","0.00","0.01","0.10","10000"
"2025-07-19 08:25","2025-07-19 08:26",,"0","301 Peninsula Dr, Erie, Pennsylvania 16505, United States",,"42.049500","-80.086340","68312.63","301 Peninsula Dr, Erie, Pennsylvania 16505, United States",,"42.049510","-80.086360","68312.66","87","87","61.70","73.40","2","2","0.17","0.00","0.03","0.00","0"
"2025-07-19 08:49","2025-07-19 09:13",,"24","301 Peninsula Dr, Erie, Pennsylvania 16505, United States",,"42.049510","-80.086360","68312.66","4494 Remington Road, North East, Pennsylvania 16428, United States",,"42.224987","-79.795940","68334.72","97","84","62.87","75.83","66","88","33.05","0.00","22.06","7.34","333"
"2025-07-19 09:14","2025-07-19 10:16",,"62","4494 Remington Road, North East, Pennsylvania 16428, United States",,"42.224987","-79.795940","68334.72","777 Seneca Allegany Casino Boulevard, Salamanca, New York 14779, United States",,"42.153336","-78.748024","68399.91","85","47","61.84","75.51","64","79","100.75","0.00","65.18","22.74","349"
"2025-07-19 10:45","2025-07-19 12:34",,"108","777 Seneca Allegany Casino Boulevard, Salamanca, New York 14779, United States",,"42.153336","-78.748024","68399.91","Southern Tier Expressway, Big Flats, New York 14901, United States",,"42.158955","-76.863710","68525.98","87","18","63.50","82.51","71","82","183.01","0.00","126.07","41.38","328"
"2025-07-19 13:11","2025-07-19 15:05",,"113","Southern Tier Expressway, Big Flats, New York 14901, United States",,"42.158955","-76.863710","68525.98","4968 New York Highway 23, Oneonta, New York 13820, United States",,"42.447056","-75.049010","68648.12","90","24","62.06","84.78","66","76","173.64","0.00","122.15","39.52","324"
"2025-07-19 15:18","2025-07-19 15:20",,"1","4968 New York Highway 23, Oneonta, New York 13820, United States",,"42.447056","-75.049010","68648.12","4970 New York Highway 23, Oneonta, New York 13820, United States",,"42.447640","-75.048645","68648.20","22","22","63.50","92.80","8","9","0.33","0.00","0.07","0.14","2000"
"2025-07-19 15:51","2025-07-19 16:55",,"64","4970 New York Highway 23, Oneonta, New York 13820, United States",,"42.447640","-75.048645","68648.20","501 Highwood Circle, Albany, New York 12203, United States",,"42.695110","-73.881386","68716.82","86","53","59.23","82.92","64","80","86.36","0.00","68.59","19.74","288"
"2025-07-19 16:56","2025-07-19 17:15",,"19","501 Highwood Circle, Albany, New York 12203, United States",,"42.695110","-73.881386","68716.82","670 Hoosick Street, Troy, New York 12180, United States",,"42.742107","-73.649820","68732.39","53","44","58.26","84.97","49","80","24.85","0.00","15.57","5.52","355"
"2025-07-19 17:29","2025-07-19 17:33",,"4","670 Hoosick Street, Troy, New York 12180, United States",,"42.742096","-73.649860","68732.39","841 Hoosick Road, Troy, New York 12180, United States",,"42.751106","-73.631620","68733.66","43","42","65.32","91.40","20","46","2.09","0.00","1.27","0.52","409"
"2025-07-19 17:43","2025-07-19 17:44",,"0","841 Hoosick Road, Troy, New York 12180, United States",,"42.751106","-73.631620","68733.66","841 Hoosick Road, Troy, New York 12180, United States",,"42.750973","-73.631610","68733.68","41","41","65.84","88.70","0","1","0.17","0.00","0.01","0.04","4000"
"2025-07-19 17:44","2025-07-19 18:34",,"50","841 Hoosick Road, Troy, New York 12180, United States",,"42.750973","-73.631610","68733.68","8657 Vermont Highway 9, Woodford, Vermont 05201, United States",,"42.890633","-73.028000","68773.70","41","17","62.08","82.15","49","71","64.10","0.00","40.02","14.42","360"
"2025-07-19 18:37","2025-07-19 19:20",,"42","8657 Vermont Highway 9, Woodford, Vermont 05201, United States",,"42.890633","-73.028000","68773.86","505 Canal Street, Brattleboro, Vermont 05301, United States",,"42.838535","-72.565735","68802.92","17","10","61.27","72.93","41","73","20.17","0.00","29.06","4.52","156"
"2025-07-19 19:41","2025-07-19 19:52",,"11","505 Canal Street, Brattleboro, Vermont 05301, United States",,"42.838535","-72.565735","68802.92","2031 Melendy Hill Drive, Guilford, Vermont 05301, United States",,"42.790596","-72.584206","68806.66","67","64","64.33","74.16","19","42","9.87","0.00","3.73","2.58","692"
"2025-07-19 19:52","2025-07-19 19:54",,"1","2031 Melendy Hill Drive, Guilford, Vermont 05301, United States",,"42.790596","-72.584206","68806.66","2031 Melendy Hill Drive, Guilford, Vermont 05301, United States",,"42.790565","-72.584280","68806.67","64","64","61.97","72.50","0","1","0.50","0.00","0.01","0.00","0"
"2025-07-19 19:54","2025-07-19 19:55",,"1","2031 Melendy Hill Drive, Guilford, Vermont 05301, United States",,"42.790565","-72.584280","68806.67","2031 Melendy Hill Drive, Guilford, Vermont 05301, United States",,"42.790550","-72.584180","68806.68","64","64","63.00","72.50","0","1","0.17","0.00","0.01","0.10","10000"
"2025-07-19 19:55","2025-07-19 19:55",,"0","2031 Melendy Hill Drive, Guilford, Vermont 05301, United States",,"42.790530","-72.584210","68806.68","2031 Melendy Hill Drive, Guilford, Vermont 05301, United States",,"42.790550","-72.584180","68806.68","64","64","63.14","72.50","0","1","0.00","0.00","0.00","0.00",
"2025-07-19 19:55","2025-07-19 19:56",,"0","2031 Melendy Hill Drive, Guilford, Vermont 05301, United States",,"42.790530","-72.584210","68806.68","2031 Melendy Hill Drive, Guilford, Vermont 05301, United States",,"42.790550","-72.584180","68806.68","64","64","62.92","72.50","0","1","0.33","0.00","0.00","0.00",
"2025-07-19 19:56","2025-07-19 19:57",,"1","2031 Melendy Hill Drive, Guilford, Vermont 05301, United States",,"42.790550","-72.584180","68806.68","2031 Melendy Hill Drive, Guilford, Vermont 05301, United States",,"42.790543","-72.584220","68806.68","64","64","62.49","72.50","0","1","0.17","0.00","0.00","0.04",
"2025-07-20 08:05","2025-07-20 08:05",,"0","2031 Melendy Hill Drive, Guilford, Vermont 05301, United States",,"42.790543","-72.584220","68806.68","2031 Melendy Hill Drive, Guilford, Vermont 05301, United States",,"42.790543","-72.584220","68806.68","43","43","62.24","79.70","0","0","0.00","0.00","0.00","0.00",
"2025-07-20 08:05","2025-07-20 08:17",,"11","2031 Melendy Hill Drive, Guilford, Vermont 05301, United States",,"42.790543","-72.584220","68806.68","505 Canal Street, Brattleboro, Vermont 05301, United States",,"42.838554","-72.565730","68810.43","43","43","61.75","78.80","23","46","1.51","0.00","3.74","0.18","48"
"2025-07-20 08:25","2025-07-20 09:55",,"89","505 Canal Street, Brattleboro, Vermont 05301, United States",,"42.838554","-72.565730","68810.43","1910 Suncook Valley Highway, Epsom, New Hampshire 03234, United States",,"43.226925","-71.359924","68894.14","62","21","62.26","79.25","58","79","108.54","0.00","83.71","24.24","290"
"2025-07-20 10:16","2025-07-20 10:17",,"1","1910 Suncook Valley Highway, Epsom, New Hampshire 03234, United States",,"43.226925","-71.359924","68894.15","1910 Suncook Valley Highway, Epsom, New Hampshire 03234, United States",,"43.226910","-71.359910","68894.27","73","73","62.73","81.50","8","13","0.33","0.00","0.12","0.12","1000"
"2025-07-20 10:33","2025-07-20 11:47",,"73","1910 Suncook Valley Highway, Epsom, New Hampshire 03234, United States",,"43.226910","-71.359910","68894.27","5 Pearl Street, Waterboro, Maine 04087, United States",,"43.535633","-70.714410","68944.17","89","65","62.60","83.89","43","72","60.84","0.00","49.87","13.50","271"
"2025-07-20 11:56","2025-07-20 12:57",,"61","5 Pearl Street, Waterboro, Maine 04087, United States",,"43.535633","-70.714410","68944.17","12 Justins Way, Freeport, Maine 04032, United States",,"43.858887","-70.104160","68990.11","64","42","63.00","83.25","49","76","59.50","0.00","45.92","13.26","289"
"2025-07-20 13:44","2025-07-20 13:50",,"5","12 Justins Way, Freeport, Maine 04032, United States",,"43.858887","-70.104160","68990.11","13 School Street, Freeport, Maine 04032, United States",,"43.858440","-70.101270","68990.98","95","94","75.74","79.70","16","26","3.18","0.00","0.87","0.86","989"
"2025-07-20 13:50","2025-07-20 13:54",,"3","13 School Street, Freeport, Maine 04032, United States",,"43.858440","-70.101270","68990.98","11 Mallett Drive, Freeport, Maine 04032, United States",,"43.860165","-70.101920","68991.30","94","93","68.13","79.70","10","14","1.84","0.00","0.32","0.36","1125"
"2025-07-20 14:19","2025-07-20 15:46",,"86","11 Mallett Drive, Freeport, Maine 04032, United States",,"43.860165","-70.101920","68991.30","10 Camden St Terrace, Rockland, Maine 04841, United States",,"44.116960","-69.105484","69053.70","90","54","64.76","68.94","47","66","95.06","0.00","62.40","21.40","343"
"2025-07-20 15:46","2025-07-20 15:46",,"0","10 Camden St Terrace, Rockland, Maine 04841, United States",,"44.116947","-69.105446","69053.70","10 Camden St Terrace, Rockland, Maine 04841, United States",,"44.116960","-69.105484","69053.70","54","54","64.94","67.10","0","0","0.00","0.00","0.00","0.10",
"2025-07-20 15:46","2025-07-20 15:46",,"0","10 Camden St Terrace, Rockland, Maine 04841, United States",,"44.116960","-69.105484","69053.70","10 Camden St Terrace, Rockland, Maine 04841, United States",,"44.116936","-69.105460","69053.70","54","54","64.94","67.10","0","0","0.00","0.00","0.00","0.00",
"2025-07-20 16:02","2025-07-20 16:03",,"0","10 Camden St Terrace, Rockland, Maine 04841, United States",,"44.116936","-69.105460","69053.70","Rockland Plaza Extension, Rockland, Maine 04841, United States",,"44.117188","-69.106620","69053.79","81","81","64.94","67.10","8","8","-1.09","0.00","0.06","-0.14","-2333"
"2025-07-20 16:03","2025-07-20 16:51",,"47","Rockland Plaza Extension, Rockland, Maine 04841, United States",,"44.117188","-69.106620","69053.79","88 East Main Street, Searsport, Maine 04974, United States",,"44.458103","-68.920510","69086.12","81","67","64.53","67.10","42","59","38.33","0.00","32.34","8.76","271"
"2025-07-20 16:51","2025-07-20 18:02",,"70","88 East Main Street, Searsport, Maine 04974, United States",,"44.458103","-68.920510","69086.12","40 Kebo Street, Bar Harbor, Maine 04609, United States",,"44.385780","-68.213550","69137.39","67","44","64.04","66.20","45","62","59.00","0.00","51.26","13.38","261"
"2025-07-20 18:05","2025-07-20 18:06",,"0","40 Kebo Street, Bar Harbor, Maine 04609, United States",,"44.385780","-68.213550","69137.39","2 Eagle Lake Road, Bar Harbor, Maine 04609, United States",,"44.386135","-68.213710","69137.40","44","44","66.74","65.30","0","0","0.17","0.00","0.01","0.02","2000"
"2025-07-20 20:16","2025-07-20 20:20",,"3","2 Eagle Lake Road, Bar Harbor, Maine 04609, United States",,"44.386135","-68.213710","69137.44","2 Everard Court, Bar Harbor, Maine 04609, United States",,"44.388660","-68.206190","69138.05","43","43","66.36","67.10","9","22","0.75","0.00","0.61","0.16","262"
"2025-07-20 22:53","2025-07-20 22:55",,"2","2 Everard Court, Bar Harbor, Maine 04609, United States",,"44.388660","-68.206190","69138.05","2 Eagle Lake Road, Bar Harbor, Maine 04609, United States",,"44.386250","-68.213760","69138.67","41","41","75.43","67.10","15","31","1.26","0.00","0.62","0.32","516"
"2025-07-20 23:05","2025-07-20 23:07",,"2","2 Eagle Lake Road, Bar Harbor, Maine 04609, United States",,"44.386250","-68.213760","69138.67","19 Cottage Street, Bar Harbor, Maine 04609, United States",,"44.389725","-68.205400","69139.41","41","40","70.16","67.10","19","44","1.34","0.00","0.74","0.26","351"
"2025-07-21 00:40","2025-07-21 00:42",,"2","19 Cottage Street, Bar Harbor, Maine 04609, United States",,"44.389720","-68.205414","69139.47","2 Eagle Lake Road, Bar Harbor, Maine 04609, United States",,"44.386060","-68.213510","69140.09","40","39","65.25","64.40","21","28","0.75","0.00","0.62","0.46","742"
"2025-07-21 10:08","2025-07-21 10:13",,"5","2 Eagle Lake Road, Bar Harbor, Maine 04609, United States",,"44.386060","-68.213510","69140.12","3 Newport Drive, Bar Harbor, Maine 04609, United States",,"44.390250","-68.204094","69140.91","34","33","72.34","69.80","13","22","1.34","0.00","0.79","0.34","430"
"2025-07-21 11:06","2025-07-21 11:14",,"7","3 Newport Drive, Bar Harbor, Maine 04609, United States",,"44.390250","-68.204094","69140.91","151 Eden Street, Bar Harbor, Maine 04609, United States",,"44.406254","-68.235920","69143.06","33","30","80.01","68.38","19","37","7.45","0.00","2.15","1.64","763"
"2025-07-21 11:14","2025-07-21 11:22",,"7","151 Eden Street, Bar Harbor, Maine 04609, United States",,"44.406254","-68.235920","69143.06","Paradise Hill Road, Bar Harbor, Maine 04609, United States",,"44.384224","-68.230140","69146.18","30","27","66.56","69.80","27","50","7.87","0.00","3.12","1.84","590"
"2025-07-21 11:22","2025-07-21 11:37",,"14","Paradise Hill Road, Bar Harbor, Maine 04609, United States",,"44.384224","-68.230140","69146.18","707 Cadillac Summit Road, Bar Harbor, Maine 04609, United States",,"44.352737","-68.224740","69150.81","27","20","62.65","69.57","25","40","17.66","0.00","4.63","4.02","868"
"2025-07-21 11:59","2025-07-21 12:13",,"13","Cadillac Summit Road, Bar Harbor, Maine 04609, United States",,"44.348700","-68.229570","69151.13","Park Loop Road, Bar Harbor, Maine 04609, United States",,"44.370280","-68.207530","69156.91","19","22","84.07","71.60","28","39","-6.03","0.00","5.78","-1.52","-263"
"2025-07-21 12:13","2025-07-21 12:14",,"0","Park Loop Road, Bar Harbor, Maine 04609, United States",,"44.369637","-68.206276","69156.94","Park Loop Road, Bar Harbor, Maine 04609, United States",,"44.369602","-68.206270","69156.94","22","22","85.10","71.60","0","0","0.00","0.00","0.00","0.02",
"2025-07-21 12:21","2025-07-21 12:59",,"37","Park Loop Road, Bar Harbor, Maine 04609, United States",,"44.369602","-68.206270","69156.94","221 High Street, Ellsworth, Maine 04605, United States",,"44.532616","-68.411446","69177.45","22","12","75.15","71.91","38","57","26.28","0.00","20.51","5.92","289"
"2025-07-21 13:47","2025-07-21 15:32",,"105","221 High Street, Ellsworth, Maine 04605, United States",,"44.532616","-68.411446","69177.45","281 Civic Center Drive, Augusta, Maine 04330, United States",,"44.348720","-69.795450","69277.56","93","38","67.41","73.78","62","85","146.69","0.00","100.11","33.22","332"
"2025-07-21 15:32","2025-07-21 15:33",,"0","281 Civic Center Drive, Augusta, Maine 04330, United States",,"44.348720","-69.795450","69277.56","281 Civic Center Drive, Augusta, Maine 04330, United States",,"44.348720","-69.795450","69277.56","38","38","70.34","75.20","0","0","0.00","0.00","0.00","0.00",
"2025-07-21 15:44","2025-07-21 15:46",,"1","281 Civic Center Drive, Augusta, Maine 04330, United States",,"44.348720","-69.795450","69277.56","284 Civic Center Drive, Augusta, Maine 04330, United States",,"44.349120","-69.796790","69277.67","65","65","71.42","75.20","3","3","0.42","0.00","0.11","-0.72","-6545"
"2025-07-21 15:52","2025-07-21 17:18",,"85","284 Civic Center Drive, Augusta, Maine 04330, United States",,"44.349120","-69.796790","69277.73","100 Main Street, Saco, Maine 04072, United States",,"43.510956","-70.434525","69350.17","65","29","66.60","75.70","53","81","93.81","0.00","72.43","21.36","295"
"2025-07-21 17:24","2025-07-21 19:12",,"107","100 Main Street, Saco, Maine 04072, United States",,"43.510956","-70.434525","69350.17","141 Winthrop Avenue, Lawrence, Massachusetts 01843, United States",,"42.687126","-71.145720","69425.76","43","11","64.69","73.98","45","80","88.20","0.00","75.59","20.76","275"
"2025-07-21 19:12","2025-07-21 19:12",,"0","141 Winthrop Avenue, Lawrence, Massachusetts 01843, United States",,"42.687126","-71.145720","69425.76","141 Winthrop Avenue, Lawrence, Massachusetts 01843, United States",,"42.687126","-71.145720","69425.76","11","11","63.50","73.40","0","1","-0.25","0.00","0.00","0.00",
"2025-07-21 19:12","2025-07-21 19:13",,"1","141 Winthrop Avenue, Lawrence, Massachusetts 01843, United States",,"42.687126","-71.145720","69425.76","141 Winthrop Avenue, Lawrence, Massachusetts 01843, United States",,"42.687126","-71.145720","69425.76","11","11","63.50","73.40","0","0","0.17","0.00","0.00","0.04",
"2025-07-21 19:13","2025-07-21 19:13",,"0","141 Winthrop Avenue, Lawrence, Massachusetts 01843, United States",,"42.687126","-71.145720","69425.76","141 Winthrop Avenue, Lawrence, Massachusetts 01843, United States",,"42.687126","-71.145720","69425.76","11","11","63.50","73.40","0","0","0.00","0.00","0.00","0.00",
"2025-07-21 19:13","2025-07-21 19:13",,"0","141 Winthrop Avenue, Lawrence, Massachusetts 01843, United States",,"42.687126","-71.145720","69425.76","141 Winthrop Avenue, Lawrence, Massachusetts 01843, United States",,"42.687126","-71.145720","69425.76","11","11","63.50","73.40","0","0","0.00","0.00","0.00","0.06",
"2025-07-21 19:27","2025-07-21 19:28",,"0","141 Winthrop Avenue, Lawrence, Massachusetts 01843, United States",,"42.687126","-71.145720","69425.76","150 Winthrop Avenue, Lawrence, Massachusetts 01843, United States",,"42.688347","-71.146040","69425.87","53","55","65.75","73.40","9","9","-4.60","0.00","0.07","-0.52","-7429"
"2025-07-21 19:33","2025-07-21 19:33",,"0","150 Winthrop Avenue, Lawrence, Massachusetts 01843, United States",,"42.688347","-71.146040","69425.88","150 Winthrop Avenue, Lawrence, Massachusetts 01843, United States",,"42.688286","-71.146240","69425.88","55","55","70.21","73.40","0","0","0.00","0.00","0.00","0.00",
"2025-07-21 19:33","2025-07-21 19:33",,"0","150 Winthrop Avenue, Lawrence, Massachusetts 01843, United States",,"42.688320","-71.146060","69425.88","150 Winthrop Avenue, Lawrence, Massachusetts 01843, United States",,"42.688286","-71.146240","69425.88","55","55","69.12","73.40","0","0","0.17","0.00","0.01","0.00","0"
"2025-07-21 19:33","2025-07-21 20:32",,"58","150 Winthrop Avenue, Lawrence, Massachusetts 01843, United States",,"42.688286","-71.146240","69425.88","1049 Main Street, Worcester, Massachusetts 01603, United States",,"42.245560","-71.830740","69479.95","55","26","64.42","69.21","56","80","74.98","0.00","54.07","17.00","314"
"2025-07-21 20:37","2025-07-21 20:37",,"0","1049 Main Street, Worcester, Massachusetts 01603, United States",,"42.245560","-71.830740","69479.98","1049 Main Street, Worcester, Massachusetts 01603, United States",,"42.245560","-71.830740","69479.98","26","26","66.02","69.80","0","0","0.00","0.00","0.00","0.00",
"2025-07-21 20:58","2025-07-21 20:58",,"0","1049 Main Street, Worcester, Massachusetts 01603, United States",,"42.245560","-71.830740","69479.98","1049 Main Street, Worcester, Massachusetts 01603, United States",,"42.245560","-71.830740","69479.98","26","26","67.82","69.80","0","0","0.00","0.00","0.00","0.00",
"2025-07-21 20:58","2025-07-21 20:58",,"0","1049 Main Street, Worcester, Massachusetts 01603, United States",,"42.245560","-71.830740","69479.98","1049 Main Street, Worcester, Massachusetts 01603, United States",,"42.245560","-71.830740","69479.98","26","26","67.51","69.80","0","0","0.00","0.00","0.00","0.00",
"2025-07-21 20:58","2025-07-21 21:43",,"44","1049 Main Street, Worcester, Massachusetts 01603, United States",,"42.245560","-71.830740","69479.98","327 Ruby Road, Willington, Connecticut 06279, United States",,"41.919422","-72.260980","69513.46","26","9","64.02","63.30","48","82","44.94","0.00","33.48","10.12","302"
"2025-07-21 21:43","2025-07-21 21:43",,"0","327 Ruby Road, Willington, Connecticut 06279, United States",,"41.919422","-72.260980","69513.46","327 Ruby Road, Willington, Connecticut 06279, United States",,"41.919422","-72.260980","69513.46","9","9","63.32","60.80","2","2","0.00","0.00","0.00","0.00",
"2025-07-21 21:55","2025-07-21 22:46",,"51","327 Ruby Road, Willington, Connecticut 06279, United States",,"41.919422","-72.260980","69513.46","Wilbur Cross Parkway, North Haven, Connecticut 06477, United States",,"41.398476","-72.869390","69567.21","48","25","63.32","64.06","64","72","64.18","0.00","53.75","14.40","268"
"2025-07-21 22:46","2025-07-21 23:13",,"26","Wilbur Cross Parkway, North Haven, Connecticut 06477, United States",,"41.398476","-72.869390","69567.21","326 Reitter Street, Stratford, Connecticut 06614, United States",,"41.205980","-73.149030","69589.55","25","15","63.32","68.36","55","67","26.69","0.00","22.34","6.22","278"
"2025-07-21 23:13","2025-07-21 23:13",,"0","326 Reitter Street, Stratford, Connecticut 06614, United States",,"41.205980","-73.149030","69589.55","125 Eaton Street, Stratford, Connecticut 06614, United States",,"41.205284","-73.150390","69589.65","15","15","63.32","69.80","10","10","0.17","0.00","0.10","0.02","200"
"2025-07-22 09:12","2025-07-22 09:13",,"0","91 Eaton Street, Stratford, Connecticut 06614, United States",,"41.204823","-73.150250","69589.69","91 Eaton Street, Stratford, Connecticut 06614, United States",,"41.204857","-73.150180","69589.69","14","14","70.88","72.50","0","0","0.00","0.00","0.00","0.00",
"2025-07-22 09:13","2025-07-22 09:13",,"0","91 Eaton Street, Stratford, Connecticut 06614, United States",,"41.204857","-73.150180","69589.69","91 Eaton Street, Stratford, Connecticut 06614, United States",,"41.204884","-73.150200","69589.70","14","14","70.93","72.50","2","2","0.17","0.00","0.01","0.08","8000"
"2025-07-22 12:54","2025-07-22 13:11",,"16","91 Eaton Street, Stratford, Connecticut 06614, United States",,"41.204926","-73.150240","69589.70","Milford Circle, Milford, Connecticut 06460, United States",,"41.237762","-73.035960","69598.53","11","6","68.00","82.54","36","64","13.97","0.00","8.82","3.08","349"
"2025-07-22 13:32","2025-07-22 13:43",,"10","Milford Circle, Milford, Connecticut 06460, United States",,"41.237762","-73.035960","69598.53","56 Quirk Road, Milford, Connecticut 06460, United States",,"41.238720","-73.008760","69600.49","60","58","62.26","83.68","17","38","5.02","0.00","1.92","1.38","719"
"2025-07-22 13:43","2025-07-22 14:02",,"19","56 Quirk Road, Milford, Connecticut 06460, United States",,"41.238720","-73.008760","69600.49","96 Lake Place, New Haven, Connecticut 06511, United States",,"41.313923","-72.932230","69609.62","58","53","66.09","82.40","36","68","12.22","0.00","9.07","2.88","318"
"2025-07-22 14:07","2025-07-22 14:21",,"13","96 Lake Place, New Haven, Connecticut 06511, United States",,"41.313923","-72.932230","69609.62","Farnam Drive, Hamden, Connecticut 06517, United States",,"41.338850","-72.904230","69613.18","53","51","64.26","81.79","23","37","6.44","0.00","3.56","1.50","421"
"2025-07-22 14:21","2025-07-22 14:23",,"1","Farnam Drive, Hamden, Connecticut 06517, United States",,"41.338850","-72.904230","69613.18","Farnam Drive, Hamden, Connecticut 06517, United States",,"41.338997","-72.904920","69613.23","51","50","65.30","80.60","0","1","0.33","0.00","0.02","0.04","2000"
"2025-07-22 14:23","2025-07-22 14:28",,"5","Farnam Drive, Hamden, Connecticut 06517, United States",,"41.338997","-72.904920","69613.23","903 Whitney Avenue, Hamden, Connecticut 06517, United States",,"41.335060","-72.911350","69614.37","50","50","66.20","80.60","20","34","1.26","0.00","1.14","0.24","211"
"2025-07-22 16:04","2025-07-22 16:04",,"0","903 Whitney Avenue, Hamden, Connecticut 06517, United States",,"41.335060","-72.911350","69614.37","903 Whitney Avenue, Hamden, Connecticut 06517, United States",,"41.335060","-72.911350","69614.37","48","48","81.50","84.20","0","0","0.00","0.00","0.00","0.00",
"2025-07-22 16:04","2025-07-22 16:39",,"34","903 Whitney Avenue, Hamden, Connecticut 06517, United States",,"41.335060","-72.911350","69614.37","940 Ferry Boulevard, Stratford, Connecticut 06614, United States",,"41.200800","-73.114296","69634.63","48","38","64.27","81.09","37","76","27.11","0.00","20.26","6.12","302"
"2025-07-22 16:52","2025-07-22 17:00",,"8","940 Ferry Boulevard, Stratford, Connecticut 06614, United States",,"41.200800","-73.114296","69634.63","1375 Barnum Avenue, Stratford, Connecticut 06614, United States",,"41.196556","-73.137850","69636.17","38","36","62.83","80.96","15","35","4.60","0.00","1.54","0.92","597"
"2025-07-22 17:34","2025-07-22 17:39",,"4","1375 Barnum Avenue, Stratford, Connecticut 06614, United States",,"41.196556","-73.137850","69636.17","91 Eaton Street, Stratford, Connecticut 06614, United States",,"41.204937","-73.150220","69637.39","35","34","59.77","84.69","18","33","2.93","0.00","1.11","0.72","649"
"2025-07-23 13:40","2025-07-23 13:42",,"1","91 Eaton Street, Stratford, Connecticut 06614, United States",,"41.204920","-73.150220","69637.40","443 Henry Avenue Extension, Stratford, Connecticut 06614, United States",,"41.203926","-73.152790","69637.69","25","25","91.94","84.20","19","23","0.33","0.00","0.29","0.26","897"
"2025-07-23 13:42","2025-07-23 14:41",,"59","443 Henry Avenue Extension, Stratford, Connecticut 06614, United States",,"41.203926","-73.152790","69637.69","165 Fairfield Pl, Fairfield, Connecticut 06824, United States",,"41.146324","-73.257170","69665.42","25","7","68.83","83.95","32","71","47.95","0.00","27.70","10.88","393"
"2025-07-23 15:10","2025-07-23 15:27",,"17","165 Fairfield Pl, Fairfield, Connecticut 06824, United States",,"41.146324","-73.257170","69665.42","2167 Fairfield Beach Road, Fairfield, Connecticut 06824, United States",,"41.118397","-73.263580","69670.23","59","56","65.12","87.55","21","54","7.95","0.00","4.81","1.92","399"
"2025-07-23 15:27","2025-07-23 15:36",,"9","2167 Fairfield Beach Road, Fairfield, Connecticut 06824, United States",,"41.118397","-73.263580","69670.23","239 Beach Road, Fairfield, Connecticut 06824, United States",,"41.142757","-73.249214","69672.91","56","54","65.12","84.20","18","30","5.27","0.00","2.68","1.22","455"
"2025-07-23 15:46","2025-07-23 16:08",,"22","239 Beach Road, Fairfield, Connecticut 06824, United States",,"41.142757","-73.249214","69672.91","91 Eaton Street, Stratford, Connecticut 06614, United States",,"41.204940","-73.150230","69684.69","53","45","62.33","85.86","41","74","20.84","0.00","11.78","4.72","401"
"2025-07-23 20:47","2025-07-23 20:59",,"12","91 Eaton Street, Stratford, Connecticut 06614, United States",,"41.204914","-73.150220","69684.69","251 East Main Street, Stratford, Connecticut 06614, United States",,"41.203770","-73.118355","69688.93","41","39","63.55","77.00","25","38","5.61","0.00","4.24","1.32","311"
"2025-07-23 21:02","2025-07-23 21:07",,"5","251 East Main Street, Stratford, Connecticut 06614, United States",,"41.203770","-73.118355","69688.95","1325 Barnum Avenue, Stratford, Connecticut 06614, United States",,"41.196922","-73.136990","69690.34","38","37","62.91","77.00","21","31","2.93","0.00","1.26","0.50","397"
"2025-07-23 21:13","2025-07-23 21:18",,"5","1325 Barnum Avenue, Stratford, Connecticut 06614, United States",,"41.196922","-73.136990","69690.34","91 Eaton Street, Stratford, Connecticut 06614, United States",,"41.204895","-73.150210","69691.75","37","36","64.54","77.00","24","35","2.26","0.00","1.41","0.50","355"
"2025-07-24 12:25","2025-07-24 12:38",,"13","91 Eaton Street, Stratford, Connecticut 06614, United States",,"41.204895","-73.150210","69691.76","140 Pembroke Street, Bridgeport, Connecticut 06608, United States",,"41.176100","-73.180200","69695.77","25","21","69.98","88.30","22","35","9.54","0.00","4.01","2.14","534"
"2025-07-24 12:55","2025-07-24 13:35",,"40","140 Pembroke Street, Bridgeport, Connecticut 06608, United States",,"41.176100","-73.180200","69695.77","41 Main Street, Newtown, Connecticut 06470, United States",,"41.414830","-73.309906","69717.66","65","52","66.67","87.13","35","70","35.82","0.00","21.87","8.14","372"
"2025-07-24 13:44","2025-07-24 13:44",,"0","41 Main Street, Newtown, Connecticut 06470, United States",,"41.414830","-73.309906","69717.66","41 Main Street, Newtown, Connecticut 06470, United States",,"41.414830","-73.309906","69717.66","51","51","74.84","89.60","0","1","0.00","0.00","0.00","0.00",
"2025-07-24 13:44","2025-07-24 14:21",,"36","41 Main Street, Newtown, Connecticut 06470, United States",,"41.414830","-73.309906","69717.66","956 West Street, Southington, Connecticut 06489, United States",,"41.613390","-72.899030","69747.95","51","36","66.56","90.48","52","75","38.91","0.00","30.29","8.74","289"
"2025-07-24 14:21","2025-07-24 14:27",,"5","956 West Street, Southington, Connecticut 06489, United States",,"41.613390","-72.899030","69747.95","935 Middle Street, Southington, Connecticut 06489, United States",,"41.647102","-72.900610","69750.44","36","35","64.63","91.40","19","59","4.02","0.00","2.49","0.94","378"
"2025-07-24 15:28","2025-07-24 16:10",,"42","935 Middle Street, Southington, Connecticut 06489, United States",,"41.647102","-72.900610","69750.46","24-24 Woodward Avenue, New Haven, Connecticut 06512, United States",,"41.269040","-72.901730","69787.47","30","10","62.42","89.38","54","78","54.39","0.00","37.01","12.30","332"
"2025-07-24 16:36","2025-07-24 16:45",,"9","24-24 Woodward Avenue, New Haven, Connecticut 06512, United States",,"41.269047","-72.901726","69787.50","510 Sargent Drive, New Haven, Connecticut 06511, United States",,"41.297400","-72.917910","69790.94","9","7","66.52","86.00","24","47","6.95","0.00","3.44","1.60","465"
"2025-07-24 17:10","2025-07-24 17:27",,"17","510 Sargent Drive, New Haven, Connecticut 06511, United States",,"41.297400","-72.917910","69790.94","132 Tumblebrook Drive, Milford, Connecticut 06461, United States",,"41.250480","-73.025230","69799.50","73","67","61.02","85.10","31","74","14.64","0.00","8.56","3.24","379"
"2025-07-24 18:09","2025-07-24 18:25",,"16","132 Tumblebrook Drive, Milford, Connecticut 06461, United States",,"41.250480","-73.025230","69799.50","91 Eaton Street, Stratford, Connecticut 06614, United States",,"41.204910","-73.150215","69808.66","65","59","65.79","85.33","40","71","13.97","0.00","9.16","3.14","343"
"2025-07-25 11:43","2025-07-25 11:55",,"12","91 Eaton Street, Stratford, Connecticut 06614, United States",,"41.204910","-73.150215","69808.66","350 Barnum Avenue, Stratford, Connecticut 06614, United States",,"41.199463","-73.121280","69811.34","45","43","72.55","99.00","19","40","7.03","0.00","2.68","1.58","590"
"2025-07-25 12:16","2025-07-25 13:07",,"51","350 Barnum Avenue, Stratford, Connecticut 06614, United States",,"41.199463","-73.121280","69811.37","6443 Interstate 95, Madison, Connecticut 06443, United States",,"41.289940","-72.580380","69843.77","40","24","61.88","96.42","39","72","43.68","0.00","32.40","9.84","304"
"2025-07-25 13:34","2025-07-25 14:27",,"53","6443 Interstate 95, Madison, Connecticut 06443, United States",,"41.289940","-72.580380","69843.77","12 Clark Street, Westerly, Rhode Island 02891, United States",,"41.363842","-71.831245","69887.31","77","53","66.61","92.70","50","84","65.61","0.00","43.54","14.86","341"
"2025-07-25 14:27","2025-07-25 14:41",,"13","12 Clark Street, Westerly, Rhode Island 02891, United States",,"41.363842","-71.831245","69887.31","89 Bay Street, Westerly, Rhode Island 02891, United States",,"41.310030","-71.858070","69892.29","53","50","62.13","83.44","28","40","7.20","0.00","4.98","1.64","329"
"2025-07-25 15:06","2025-07-25 15:09",,"2","89 Bay Street, Westerly, Rhode Island 02891, United States",,"41.310030","-71.858070","69892.30","20 Wauwinnet Avenue, Westerly, Rhode Island 02891, United States",,"41.311977","-71.856285","69892.50","49","49","65.82","84.20","5","11","1.34","0.00","0.20","0.26","1300"
"2025-07-25 15:16","2025-07-25 15:43",,"27","20 Wauwinnet Avenue, Westerly, Rhode Island 02891, United States",,"41.311977","-71.856285","69892.50","93 Granite Street, Westerly, Rhode Island 02891, United States",,"41.373005","-71.820650","69899.12","48","44","62.28","79.02","24","43","12.13","0.00","6.59","2.72","413"
"2025-07-25 15:53","2025-07-25 16:01",,"7","93 Granite Street, Westerly, Rhode Island 02891, United States",,"41.373005","-71.820650","69899.12","37 Stanton Street, Pawcatuck, Connecticut 06379, United States",,"41.377556","-71.839690","69901.30","43","42","62.42","83.30","20","35","2.34","0.00","2.09","0.52","249"
"2025-07-25 16:01","2025-07-25 16:01",,"0","23 Stanton Street, Pawcatuck, Connecticut 06379, United States",,"41.377296","-71.837776","69901.21","37 Stanton Street, Pawcatuck, Connecticut 06379, United States",,"41.377556","-71.839690","69901.30","42","42","62.42","82.40","0","1","0.00","0.00","0.00","0.00",
"2025-07-25 16:01","2025-07-25 16:24",,"22","37 Stanton Street, Pawcatuck, Connecticut 06379, United States",,"41.377556","-71.839690","69901.30","2 Clift Street, Mystic, Connecticut 06355, United States",,"41.357590","-71.969540","69909.87","42","38","62.42","81.09","27","57","12.22","0.00","8.57","2.76","322"
"2025-07-25 16:49","2025-07-25 17:12",,"22","2 Clift Street, Mystic, Connecticut 06355, United States",,"41.357590","-71.969540","69909.89","Village Farm Road, Mystic, Connecticut 06355, United States",,"41.372314","-71.956640","69917.12","37","32","64.58","82.20","20","37","13.39","0.00","7.24","2.94","406"
"2025-07-25 17:44","2025-07-25 17:47",,"3","Village Farm Road, Mystic, Connecticut 06355, United States",,"41.372314","-71.956640","69917.13","242 Greenmanville Avenue, Mystic, Connecticut 06378, United States",,"41.372353","-71.960236","69917.55","80","79","62.60","85.10","24","37","1.92","0.00","0.42","0.40","952"
"2025-07-25 17:56","2025-07-25 17:57",,"0","242 Greenmanville Avenue, Mystic, Connecticut 06378, United States",,"41.372345","-71.960200","69917.59","242 Greenmanville Avenue, Mystic, Connecticut 06355, United States",,"41.372013","-71.960320","69917.65","79","79","76.10","84.20","8","8","0.17","0.00","0.00","0.00",
"2025-07-25 17:57","2025-07-25 18:11",,"13","242 Greenmanville Avenue, Mystic, Connecticut 06355, United States",,"41.372013","-71.960320","69917.65","242 Greenmanville Avenue, Mystic, Connecticut 06378, United States",,"41.372345","-71.960210","69926.23","79","73","65.98","82.74","45","85","15.15","0.00","8.58","3.44","401"
"2025-07-25 18:14","2025-07-25 19:21",,"67","242 Greenmanville Avenue, Mystic, Connecticut 06378, United States",,"41.372345","-71.960210","69926.23","91 Eaton Street, Stratford, Connecticut 06614, United States",,"41.204910","-73.150215","69996.58","73","37","60.89","81.36","65","85","95.06","0.00","70.25","21.38","304"
"2025-07-26 15:47","2025-07-26 16:00",,"13","91 Eaton Street, Stratford, Connecticut 06614, United States",,"41.204910","-73.150215","69996.58","27 Stratford Avenue, Bridgeport, Connecticut 06608, United States",,"41.176098","-73.180050","70000.39","21","18","62.78","85.64","21","38","8.45","0.00","3.79","1.92","507"
"2025-07-26 16:00","2025-07-26 16:01",,"0","27 Stratford Avenue, Bridgeport, Connecticut 06608, United States",,"41.176098","-73.180050","70000.37","27 Stratford Avenue, Bridgeport, Connecticut 06608, United States",,"41.176098","-73.180050","70000.39","18","18","62.42","84.20","0","1","0.00","0.00","0.02","0.00","0"
"2025-07-26 17:23","2025-07-26 20:23",,"180","27 Stratford Avenue, Bridgeport, Connecticut 06608, United States",,"41.176098","-73.180050","70000.39","150 Harmon Meadow Boulevard, Secaucus, New Jersey 07094, United States",,"40.786465","-74.046960","70100.86","100","50","64.20","81.63","39","72","131.63","0.00","100.47","29.82","297"
"2025-07-26 20:44","2025-07-26 20:49",,"4","150 Harmon Meadow Boulevard, Secaucus, New Jersey 07094, United States",,"40.786465","-74.046960","70100.90","2510 Tonnelle Avenue, North Bergen, New Jersey 07047, United States",,"40.772774","-74.042630","70102.42","49","48","62.20","81.57","22","42","2.51","0.00","1.45","0.52","359"
"2025-07-26 20:55","2025-07-26 21:36",,"40","2510 Tonnelle Avenue, North Bergen, New Jersey 07047, United States",,"40.772774","-74.042630","70102.42","180 Lafayette Avenue, Edison, New Jersey 08837, United States",,"40.544533","-74.334150","70128.73","48","36","61.86","79.77","43","69","30.29","0.00","26.31","6.84","260"
"2025-07-26 22:53","2025-07-26 22:56",,"2","180 Lafayette Avenue, Edison, New Jersey 08837, United States",,"40.544533","-74.334150","70128.75","201 Lafayette Avenue, Edison, New Jersey 08837, United States",,"40.545310","-74.332760","70128.89","98","98","61.52","78.80","11","12","0.08","0.00","0.14","0.12","857"
"2025-07-26 23:03","2025-07-27 00:39",,"96","201 Lafayette Avenue, Edison, New Jersey 08837, United States",,"40.545310","-74.332760","70128.89","609 Naamans Road, Claymont, Delaware 19703, United States",,"39.817530","-75.457240","70215.09","98","58","61.56","77.36","55","73","104.94","0.00","86.20","23.64","274"
"2025-07-27 00:39","2025-07-27 00:40",,"0","697 Naamans Road, Claymont, Delaware 19703, United States",,"39.817870","-75.457610","70215.09","609 Naamans Road, Claymont, Delaware 19703, United States",,"39.817530","-75.457240","70215.09","58","58","62.42","77.00","3","3","0.00","0.00","0.00","0.02",
"2025-07-27 01:54","2025-07-27 01:56",,"1","609 Naamans Road, Claymont, Delaware 19703, United States",,"39.817530","-75.457240","70215.09","609 Naamans Road, Claymont, Delaware 19703, United States",,"39.817444","-75.457030","70215.12","100","100","61.52","77.00","3","3","0.00","0.00","0.03","0.06","2000"
"2025-07-27 08:16","2025-07-27 09:32",,"75","609 Naamans Road, Claymont, Delaware 19703, United States",,"39.817444","-75.457030","70215.12","9 South Linwood Avenue, Baltimore, Maryland 21224, United States",,"39.291690","-76.576096","70290.77","88","51","63.39","81.66","62","80","96.99","0.00","75.65","22.16","293"
"2025-07-27 10:07","2025-07-27 10:08",,"0","9 South Linwood Avenue, Baltimore, Maryland 21224, United States",,"39.291690","-76.576096","70290.77","9 South Linwood Avenue, Baltimore, Maryland 21224, United States",,"39.291690","-76.576096","70290.77","48","48","62.24","93.20","0","0","0.00","0.00","0.00","0.00",
"2025-07-27 10:08","2025-07-27 12:31",,"143","9 South Linwood Avenue, Baltimore, Maryland 21224, United States",,"39.291690","-76.576096","70290.77","2486 Market Street Northeast, Washington, District of Columbia 20018, United States",,"38.922237","-76.953255","70352.16","48","11","63.30","93.83","35","80","98.24","0.00","61.40","22.14","361"
"2025-07-27 13:02","2025-07-27 13:59",,"57","2486 Market Street Northeast, Washington, District of Columbia 20018, United States",,"38.922237","-76.953255","70352.16","1100 Riverside Avenue, Baltimore, Maryland 21230, United States",,"39.277100","-76.609000","70392.25","83","66","66.83","83.82","45","74","46.61","0.00","40.08","10.60","264"
"2025-07-27 13:59","2025-07-27 14:00",,"0","1100 Riverside Avenue, Baltimore, Maryland 21230, United States",,"39.277100","-76.609000","70392.24","1100 Riverside Avenue, Baltimore, Maryland 21230, United States",,"39.277100","-76.609000","70392.25","66","66","65.84","87.80","0","1","0.00","0.00","0.01","0.00","0"
"2025-07-27 14:00","2025-07-27 14:02",,"2","1100 Riverside Avenue, Baltimore, Maryland 21230, United States",,"39.277100","-76.609000","70392.25","1232 Battery Avenue, Baltimore, Maryland 21230, United States",,"39.275524","-76.609540","70392.66","66","65","65.84","87.80","12","16","1.34","0.00","0.41","0.28","683"
"2025-07-27 14:02","2025-07-27 14:03",,"0","1251 Battery Avenue, Baltimore, Maryland 21230, United States",,"39.275090","-76.609510","70392.66","1232 Battery Avenue, Baltimore, Maryland 21230, United States",,"39.275524","-76.609540","70392.66","65","65","65.84","87.80","2","2","0.00","0.00","0.00","0.00",
"2025-07-27 17:37","2025-07-27 18:43",,"65","1232 Battery Avenue, Baltimore, Maryland 21230, United States",,"39.275524","-76.609540","70392.67","2200 18th Street Northwest, Washington, District of Columbia 20009, United States",,"38.918945","-77.041740","70433.95","60","37","62.02","84.25","45","82","60.42","0.00","41.28","13.62","330"
"2025-07-27 18:43","2025-07-27 18:43",,"0","2200 18th Street Northwest, Washington, District of Columbia 20009, United States",,"38.918945","-77.041740","70433.95","2200 18th Street Northwest, Washington, District of Columbia 20009, United States",,"38.918945","-77.041740","70433.95","37","37","63.14","86.00","0","1","0.00","0.00","0.00","0.00",
"2025-07-28 09:28","2025-07-28 09:43",,"15","2200 18th Street Northwest, Washington, District of Columbia 20009, United States",,"38.918938","-77.041750","70433.96","1319 34th Street Northwest, Washington, District of Columbia 20007, United States",,"38.907320","-77.067780","70436.30","18","14","70.30","94.57","13","24","9.04","0.00","2.34","2.02","863"
"2025-07-28 09:57","2025-07-28 10:00",,"2","1319 34th Street Northwest, Washington, District of Columbia 20007, United States",,"38.907310","-77.067780","70436.31","1314 34th Street Northwest, Washington, District of Columbia 20007, United States",,"38.907307","-77.067795","70436.31","14","14","85.87","91.40","0","0","0.33","0.00","0.00","0.14",
"2025-07-28 10:00","2025-07-28 10:41",,"41","1314 34th Street Northwest, Washington, District of Columbia 20007, United States",,"38.907307","-77.067795","70436.31","140 M Street Northeast, Washington, District of Columbia 20002, United States",,"38.906387","-77.004684","70445.84","14","4","65.79","94.15","18","53","26.69","0.00","9.53","6.02","632"
"2025-07-28 11:00","2025-07-28 11:35",,"35","140 M Street Northeast, Washington, District of Columbia 20002, United States",,"38.906387","-77.004684","70445.84","1514 Newton Street Northwest, Washington, District of Columbia 20010, United States",,"38.932926","-77.035560","70451.30","60","53","64.71","96.64","14","30","19.58","0.00","5.44","5.00","919"
"2025-07-28 11:35","2025-07-28 11:35",,"0","1514 Newton Street Northwest, Washington, District of Columbia 20010, United States",,"38.932926","-77.035570","70451.28","1514 Newton Street Northwest, Washington, District of Columbia 20010, United States",,"38.932926","-77.035560","70451.30","53","53","65.48","96.80","3","3","0.00","0.00","0.00","0.00",
"2025-07-28 13:04","2025-07-28 13:15",,"11","1514 Newton Street Northwest, Washington, District of Columbia 20010, United States",,"38.932926","-77.035560","70451.30","1770 Kilbourne Place Northwest, Washington, District of Columbia 20010, United States",,"38.930626","-77.040940","70452.81","48","46","68.72","98.24","15","26","5.44","0.00","1.51","1.54","1020"
"2025-07-28 13:24","2025-07-28 13:44",,"19","1770 Kilbourne Place Northwest, Washington, District of Columbia 20010, United States",,"38.930626","-77.040940","70452.81","2122 S Street Northwest, Washington, District of Columbia 20008, United States",,"38.914140","-77.048355","70456.43","44","40","65.95","99.27","16","33","12.13","0.00","3.62","2.62","724"
"2025-07-28 13:52","2025-07-28 14:33",,"41","2122 S Street Northwest, Washington, District of Columbia 20008, United States",,"38.914140","-77.048355","70456.48","1 7th Street Southwest, Washington, District of Columbia 20004, United States",,"38.888508","-77.022050","70465.64","39","29","69.01","100.62","19","52","27.03","0.00","9.12","6.18","678"
"2025-07-28 14:44","2025-07-28 15:00",,"15","1 7th Street Southwest, Washington, District of Columbia 20004, United States",,"38.888508","-77.022050","70465.64","1000 Madison Drive Northwest, Washington, District of Columbia 20004, United States",,"38.890472","-77.025665","70468.06","28","25","66.34","100.53","17","32","6.11","0.00","2.42","1.42","587"
"2025-07-28 15:45","2025-07-28 16:02",,"17","1000 Madison Drive Northwest, Washington, District of Columbia 20004, United States",,"38.890472","-77.025665","70468.06","1900 18th Street Northwest, Washington, District of Columbia 20009, United States",,"38.915806","-77.041725","70471.20","22","18","67.08","100.40","14","28","9.46","0.00","3.14","2.14","682"
"2025-07-28 16:02","2025-07-28 16:04",,"2","1900 18th Street Northwest, Washington, District of Columbia 20009, United States",,"38.915806","-77.041725","70471.20","1618 T Street Northwest, Washington, District of Columbia 20009, United States",,"38.915620","-77.037480","70471.45","18","18","67.28","98.60","7","23","0.67","0.00","0.25","0.20","800"
"2025-07-28 16:05","2025-07-28 16:07",,"2","1618 T Street Northwest, Washington, District of Columbia 20009, United States",,"38.915620","-77.037480","70471.45","1600 T Street Northwest, Washington, District of Columbia 20009, United States",,"38.915634","-77.036940","70471.47","18","18","72.79","100.00","4","6","0.67","0.00","0.02","0.10","5000"
"2025-07-28 16:07","2025-07-28 16:14",,"6","1600 T Street Northwest, Washington, District of Columbia 20009, United States",,"38.915634","-77.036940","70471.47","1711 U Street Northwest, Washington, District of Columbia 20009, United States",,"38.917090","-77.038895","70472.11","18","16","68.41","100.74","9","23","3.60","0.00","0.64","0.84","1313"
"2025-07-28 19:28","2025-07-28 19:29",,"0","1711 U Street Northwest, Washington, District of Columbia 20009, United States",,"38.917090","-77.038895","70472.12","1711 U Street Northwest, Washington, District of Columbia 20009, United States",,"38.917090","-77.038895","70472.12","8","8","67.41","96.80","0","0","0.00","0.00","0.00","0.06",
"2025-07-28 19:33","2025-07-28 19:51",,"17","1711 U Street Northwest, Washington, District of Columbia 20009, United States",,"38.917090","-77.038895","70472.12","140 M Street Northeast, Washington, District of Columbia 20002, United States",,"38.906460","-77.004700","70475.30","8","5","63.84","95.29","17","31","8.45","0.00","3.18","1.94","610"
"2025-07-28 20:52","2025-07-28 21:08",,"16","140 M Street Northeast, Washington, District of Columbia 20002, United States",,"38.906460","-77.004700","70475.30","1440 Newton Street Northwest, Washington, District of Columbia 20010, United States",,"38.932163","-77.033480","70478.55","97","94","62.08","93.47","17","38","7.62","0.00","3.25","1.78","548"
"2025-07-28 21:08","2025-07-28 21:09",,"0","1440 Newton Street Northwest, Washington, District of Columbia 20010, United States",,"38.932163","-77.033480","70478.55","1440 Newton Street Northwest, Washington, District of Columbia 20010, United States",,"38.932163","-77.033480","70478.55","94","94","62.78","91.40","2","2","0.42","0.00","0.00","0.00",
"2025-07-28 21:09","2025-07-28 21:09",,"0","1440 Newton Street Northwest, Washington, District of Columbia 20010, United States",,"38.932163","-77.033480","70478.55","1440 Newton Street Northwest, Washington, District of Columbia 20010, United States",,"38.932163","-77.033480","70478.55","94","94","62.78","91.40","0","0","0.00","0.00","0.00","0.08",
"2025-07-28 21:09","2025-07-28 21:09",,"0","1440 Newton Street Northwest, Washington, District of Columbia 20010, United States",,"38.932163","-77.033480","70478.55","1440 Newton Street Northwest, Washington, District of Columbia 20010, United States",,"38.932163","-77.033480","70478.55","94","94","63.09","91.40","0","0","0.00","0.00","0.00","0.00",
"2025-07-28 21:09","2025-07-28 21:11",,"1","1440 Newton Street Northwest, Washington, District of Columbia 20010, United States",,"38.932163","-77.033480","70478.55","1420 Newton Street Northwest, Washington, District of Columbia 20010, United States",,"38.932175","-77.033510","70478.55","94","94","65.37","91.40","0","0","0.33","0.00","0.00","0.02",
"2025-07-28 21:11","2025-07-28 21:11",,"0","1420 Newton Street Northwest, Washington, District of Columbia 20010, United States",,"38.932175","-77.033510","70478.55","1420 Newton Street Northwest, Washington, District of Columbia 20010, United States",,"38.932175","-77.033510","70478.55","94","94","66.38","91.40","0","0","0.00","0.00","0.00","0.00",
"2025-07-29 07:54","2025-07-29 07:57",,"2","1420 Newton Street Northwest, Washington, District of Columbia 20010, United States",,"38.932180","-77.033510","70478.56","1492 Newton Street Northwest, Washington, District of Columbia 20010, United States",,"38.932850","-77.035355","70478.68","90","90","71.04","89.35","12","14","1.42","0.00","0.12","0.22","1833"
"2025-07-29 07:57","2025-07-29 07:57",,"0","1492 Newton Street Northwest, Washington, District of Columbia 20010, United States",,"38.932850","-77.035355","70478.68","1492 Newton Street Northwest, Washington, District of Columbia 20010, United States",,"38.932850","-77.035355","70478.68","90","89","68.41","89.60","0","0","0.00","0.00","0.00","0.06",
"2025-07-29 12:57","2025-07-29 13:13",,"16","1492 Newton Street Northwest, Washington, District of Columbia 20010, United States",,"38.932850","-77.035355","70478.68","1550 Interstate Street Northwest, Washington, District of Columbia 20005, United States",,"38.901302","-77.035360","70481.35","83","80","71.71","101.97","16","32","9.04","0.00","2.67","2.02","757"
"2025-07-29 13:13","2025-07-29 13:14",,"0","1550 Interstate Street Northwest, Washington, District of Columbia 20005, United States",,"38.901302","-77.035360","70481.35","1550 Interstate Street Northwest, Washington, District of Columbia 20005, United States",,"38.901302","-77.035360","70481.35","80","80","69.44","100.99","2","2","0.00","0.00","0.00","0.00",
"2025-07-29 13:14","2025-07-29 13:15",,"0","1550 Interstate Street Northwest, Washington, District of Columbia 20005, United States",,"38.901302","-77.035360","70481.35","1550 Interstate Street Northwest, Washington, District of Columbia 20005, United States",,"38.901302","-77.035360","70481.36","80","79","69.44","100.40","0","0","0.50","0.00","0.01","0.12","12000"
"2025-07-29 13:15","2025-07-29 13:20",,"5","1550 Interstate Street Northwest, Washington, District of Columbia 20005, United States",,"38.901302","-77.035360","70481.36","1500 H Street Northwest, Washington, District of Columbia 20005, United States",,"38.900154","-77.034096","70481.63","79","79","70.70","100.76","14","20","2.18","0.00","0.27","0.50","1852"
"2025-07-29 13:42","2025-07-29 14:29",,"46","1500 H Street Northwest, Washington, District of Columbia 20005, United States",,"38.900154","-77.034096","70481.63","525 Garrisonville Road, Stafford, Virginia 22554, United States",,"38.473633","-77.435814","70522.01","76","51","66.56","100.33","57","80","66.95","0.00","40.38","15.02","372"
"2025-07-29 14:57","2025-07-29 14:57",,"0","525 Garrisonville Road, Stafford, Virginia 22554, United States",,"38.473633","-77.435814","70522.01","525 Garrisonville Road, Stafford, Virginia 22554, United States",,"38.473644","-77.435875","70522.02","90","91","66.74","102.20","0","0","0.00","0.00","0.01","0.00","0"
"2025-07-29 14:57","2025-07-29 14:58",,"0","525 Garrisonville Road, Stafford, Virginia 22554, United States",,"38.473644","-77.435875","70522.02","536 Garrisonville Road, Stafford, Virginia 22554, United States",,"38.473957","-77.435780","70522.05","91","91","66.74","102.20","9","9","-0.75","0.00","0.03","0.08","2667"
"2025-07-29 14:58","2025-07-29 15:56",,"57","513 Garrisonville Road, Stafford, Virginia 22554, United States",,"38.473934","-77.434784","70522.05","89 Lewistown Road, Ashland, Virginia 23005, United States",,"37.721220","-77.450140","70577.95","91","61","62.40","97.52","64","88","80.33","0.00","55.90","17.98","322"
"2025-07-29 15:56","2025-07-29 16:34",,"37","89 Lewistown Road, Ashland, Virginia 23005, United States",,"37.721220","-77.450140","70577.95","3091 Boulevard, Colonial Heights, Virginia 23834, United States",,"37.270470","-77.411090","70612.07","61","44","64.65","96.71","55","80","41.76","0.00","34.07","9.60","282"
"2025-07-29 16:41","2025-07-29 16:47",,"5","3091 Boulevard, Colonial Heights, Virginia 23834, United States",,"37.270470","-77.411090","70612.07","Hamilton Avenue, Colonial Heights, Virginia 23834, United States",,"37.257942","-77.405846","70613.45","44","43","67.21","98.60","15","39","3.60","0.00","1.37","0.80","584"
"2025-07-29 16:47","2025-07-29 16:47",,"0","Hamilton Avenue, Colonial Heights, Virginia 23834, United States",,"37.257942","-77.405846","70613.44","Hamilton Avenue, Colonial Heights, Virginia 23834, United States",,"37.257942","-77.405846","70613.45","43","43","58.82","98.60","0","0","0.00","0.00","0.01","0.00","0"
"2025-07-29 16:47","2025-07-29 16:47",,"0","Hamilton Avenue, Colonial Heights, Virginia 23834, United States",,"37.257942","-77.405846","70613.45","Hamilton Avenue, Colonial Heights, Virginia 23834, United States",,"37.257942","-77.405846","70613.45","43","43","58.82","97.70","0","0","0.00","0.00","0.00","0.10",
"2025-07-29 16:47","2025-07-29 16:48",,"0","Hamilton Avenue, Colonial Heights, Virginia 23834, United States",,"37.257942","-77.405846","70613.45","Hamilton Avenue, Colonial Heights, Virginia 23834, United States",,"37.257942","-77.405846","70613.45","43","43","58.82","96.80","0","0","0.00","0.00","0.00","0.00",
"2025-07-29 16:56","2025-07-29 17:05",,"9","Hamilton Avenue, Colonial Heights, Virginia 23834, United States",,"37.257942","-77.405846","70613.45","25719 Simmons Avenue, North Dinwiddie, Virginia 23803, United States",,"37.203533","-77.461120","70621.44","60","58","61.93","96.06","51","69","7.78","0.00","7.99","2.36","295"
"2025-07-29 17:06","2025-07-29 18:19",,"72","25719 Simmons Avenue, North Dinwiddie, Virginia 23803, United States",,"37.203533","-77.461120","70621.44","619 Ruin Creek Road, Henderson, North Carolina 27537, United States",,"36.329130","-78.447840","70707.27","58","10","63.52","90.54","72","81","124.18","0.00","85.81","28.12","328"
"2025-07-29 18:19","2025-07-29 18:19",,"0","619 Ruin Creek Road, Henderson, North Carolina 27537, United States",,"36.329130","-78.447840","70707.27","619 Ruin Creek Road, Henderson, North Carolina 27537, United States",,"36.329130","-78.447840","70707.27","10","10","64.22","91.40","0","0","-0.25","0.00","0.00","0.00",
"2025-07-29 18:42","2025-07-29 20:16",,"94","619 Ruin Creek Road, Henderson, North Carolina 27537, United States",,"36.329117","-78.447870","70707.27","1810 Liberty Drive, Thomasville, North Carolina 27360, United States",,"35.856064","-80.072250","70817.16","70","10","60.46","86.72","71","79","155.06","0.00","109.89","35.54","323"
"2025-07-29 20:33","2025-07-29 22:01",,"88","1810 Liberty Drive, Thomasville, North Carolina 27360, United States",,"35.856064","-80.072250","70817.22","5107 Myers Road, Monroe, North Carolina 28110, United States",,"35.056393","-80.596560","70912.26","59","12","60.89","80.87","65","79","125.10","0.00","95.04","28.54","300"
"2025-07-29 22:11","2025-07-29 22:12",,"1","5107 Myers Road, Monroe, North Carolina 28110, United States",,"35.056393","-80.596560","70912.27","5107 Myers Road, Monroe, North Carolina 28110, United States",,"35.056380","-80.596580","70912.28","12","12","72.07","78.80","3","3","0.00","0.00","0.01","0.02","2000"
"2025-07-30 11:20","2025-07-30 11:20",,"0","5107 Myers Road, Monroe, North Carolina 28110, United States",,"35.056380","-80.596580","70912.28","5107 Myers Road, Monroe, North Carolina 28110, United States",,"35.056385","-80.596565","70912.31","34","34","96.31","91.71","10","10","0.50","0.00","0.01","0.00","0"
"2025-07-30 11:20","2025-07-30 11:36",,"15","5107 Myers Road, Monroe, North Carolina 28110, United States",,"35.056385","-80.596565","70912.31","907 Fitzgerald Street, Monroe, North Carolina 28112, United States",,"34.971943","-80.521740","70920.51","34","29","71.31","92.25","32","54","12.30","0.00","8.20","2.86","349"
"2025-07-30 16:55","2025-07-30 17:15",,"19","907 Fitzgerald Street, Monroe, North Carolina 28112, United States",,"34.971943","-80.521740","70920.54","5107 Myers Road, Monroe, North Carolina 28110, United States",,"35.056396","-80.596560","70928.88","26","20","74.55","90.34","34","62","17.24","0.00","8.34","3.62","434"
"2025-07-30 19:31","2025-07-30 19:40",,"9","5107 Myers Road, Monroe, North Carolina 28110, United States",,"35.056396","-80.596560","70928.89","5860 W Hwy 74, Indian Trail, North Carolina 28079, United States",,"35.067360","-80.640360","70933.47","23","20","78.08","85.55","37","55","7.95","0.00","4.58","1.84","402"
"2025-07-30 19:48","2025-07-30 19:58",,"9","5860 W Hwy 74, Indian Trail, North Carolina 28079, United States",,"35.067360","-80.640360","70933.47","5107 Myers Road, Monroe, North Carolina 28110, United States",,"35.056385","-80.596560","70937.84","19","16","64.87","84.99","25","47","7.20","0.00","4.37","1.60","366"
"2025-07-31 11:26","2025-07-31 11:26",,"0","5107 Myers Road, Monroe, North Carolina 28110, United States",,"35.056385","-80.596560","70937.84","5107 Myers Road, Monroe, North Carolina 28110, United States",,"35.056377","-80.596610","70937.85","43","42","75.79","87.80","0","0","0.00","0.00","0.01","0.00","0"
"2025-07-31 11:26","2025-07-31 11:28",,"1","5107 Myers Road, Monroe, North Carolina 28110, United States",,"35.056377","-80.596610","70937.85","5014 Myers Road, Monroe, North Carolina 28110, United States",,"35.053955","-80.597950","70938.09","42","42","75.00","88.48","14","16","0.92","0.00","0.24","0.20","833"
"2025-07-31 12:20","2025-07-31 12:22",,"2","5014 Myers Road, Monroe, North Carolina 28110, United States",,"35.053974","-80.597980","70938.10","5107 Myers Road, Monroe, North Carolina 28110, United States",,"35.056393","-80.596565","70938.36","42","41","90.55","90.81","9","14","0.50","0.00","0.20","0.22","1100"
"2025-07-31 12:47","2025-07-31 13:03",,"16","5107 Myers Road, Monroe, North Carolina 28110, United States",,"35.056390","-80.596535","70938.36","2117 West Roosevelt Boulevard, Monroe, North Carolina 28110, United States",,"35.005210","-80.559330","70944.59","41","37","69.42","90.91","27","49","10.04","0.00","6.23","2.36","379"
"2025-07-31 13:03","2025-07-31 13:03",,"0","2115 West Roosevelt Boulevard, Monroe, North Carolina 28110, United States",,"35.005116","-80.559555","70944.59","2117 West Roosevelt Boulevard, Monroe, North Carolina 28110, United States",,"35.005210","-80.559330","70944.59","37","37","59.00","91.40","9","9","0.00","0.00","0.00","0.00",
"2025-07-31 13:08","2025-07-31 13:16",,"8","2117 West Roosevelt Boulevard, Monroe, North Carolina 28110, United States",,"35.005210","-80.559330","70944.62","907 Fitzgerald Street, Monroe, North Carolina 28112, United States",,"34.971943","-80.521850","70948.19","37","35","65.35","93.74","30","57","5.69","0.00","3.57","1.30","364"
"2025-07-31 15:53","2025-07-31 16:10",,"16","907 Fitzgerald Street, Monroe, North Carolina 28112, United States",,"34.971943","-80.521850","70948.20","5107 Myers Road, Monroe, North Carolina 28110, United States",,"35.056390","-80.596560","70956.34","30","26","61.97","97.56","39","55","11.30","0.00","8.14","2.64","324"
"2025-08-01 13:03","2025-08-01 13:03",,"0","5107 Myers Road, Monroe, North Carolina 28110, United States",,"35.056390","-80.596560","70956.34","5107 Myers Road, Monroe, North Carolina 28110, United States",,"35.056380","-80.596565","70956.36","61","61","90.28","82.40","0","0","0.00","0.00","0.02","0.00","0"
"2025-08-01 13:03","2025-08-01 13:19",,"15","5107 Myers Road, Monroe, North Carolina 28110, United States",,"35.056380","-80.596565","70956.36","918 Fitzgerald Street, Monroe, North Carolina 28112, United States",,"34.971570","-80.521706","70964.50","61","57","67.44","83.25","36","66","11.55","0.00","8.14","2.64","324"
"2025-08-01 16:00","2025-08-01 16:18",,"18","918 Fitzgerald Street, Monroe, North Carolina 28112, United States",,"34.971570","-80.521706","70964.54","5107 Myers Road, Monroe, North Carolina 28110, United States",,"35.056390","-80.596540","70974.91","56","49","73.02","89.20","46","74","17.66","0.00","10.37","4.02","388"
"2025-08-02 12:51","2025-08-02 13:07",,"15","5107 Myers Road, Monroe, North Carolina 28110, United States",,"35.056390","-80.596540","70974.91","907 Fitzgerald Street, Monroe, North Carolina 28112, United States",,"34.971510","-80.521380","70983.10","84","80","65.84","73.40","35","53","9.46","0.00","8.18","2.16","264"
"2025-08-02 13:07","2025-08-02 13:07",,"0","907 Fitzgerald Street, Monroe, North Carolina 28112, United States",,"34.971493","-80.521410","70983.09","907 Fitzgerald Street, Monroe, North Carolina 28112, United States",,"34.971510","-80.521380","70983.10","80","80","59.72","73.40","10","10","0.00","0.00","0.00","0.00",
"2025-08-02 13:07","2025-08-02 13:08",,"0","907 Fitzgerald Street, Monroe, North Carolina 28112, United States",,"34.971510","-80.521380","70983.10","907 Fitzgerald Street, Monroe, North Carolina 28112, United States",,"34.971550","-80.521470","70983.12","80","80","59.72","73.40","0","0","0.17","0.00","0.02","0.02","1000"
"2025-08-02 16:14","2025-08-02 16:28",,"14","907 Fitzgerald Street, Monroe, North Carolina 28112, United States",,"34.971550","-80.521470","70983.12","5107 Myers Road, Monroe, North Carolina 28110, United States",,"35.056393","-80.596560","70991.51","79","75","65.70","73.51","37","59","12.05","0.00","8.39","2.66","317"
"2025-08-03 10:11","2025-08-03 10:11",,"0","5107 Myers Road, Monroe, North Carolina 28110, United States",,"35.056390","-80.596550","70991.51","5107 Myers Road, Monroe, North Carolina 28110, United States",,"35.056390","-80.596550","70991.51","85","85","62.42","77.00","0","0","0.00","0.00","0.00","0.08",
"2025-08-03 10:11","2025-08-03 10:12",,"1","5107 Myers Road, Monroe, North Carolina 28110, United States",,"35.056390","-80.596550","70991.51","5107 Myers Road, Monroe, North Carolina 28110, United States",,"35.056377","-80.596600","70991.51","85","84","62.42","78.28","0","1","0.17","0.00","0.00","0.02",
"2025-08-03 10:12","2025-08-03 10:13",,"1","5107 Myers Road, Monroe, North Carolina 28110, United States",,"35.056377","-80.596600","70991.51","5107 Myers Road, Monroe, North Carolina 28110, United States",,"35.056377","-80.596600","70991.51","84","84","62.42","78.80","0","1","0.50","0.00","0.00","0.04",
"2025-08-03 10:20","2025-08-03 12:23",,"122","5107 Myers Road, Monroe, North Carolina 28110, United States",,"35.056377","-80.596600","70991.51","276 Edney Road, Tryon, North Carolina 28782, United States",,"35.222057","-82.272330","71108.12","84","21","63.14","74.39","62","87","165.77","0.00","116.59","37.38","321"
"2025-08-03 19:25","2025-08-03 19:59",,"34","276 Edney Road, Tryon, North Carolina 28782, United States",,"35.222076","-82.272310","71108.12","2100 Winchester Place, Spartanburg, South Carolina 29301, United States",,"34.936510","-81.982850","71139.00","19","2","67.08","65.59","55","84","44.44","0.00","30.87","10.18","330"
"2025-08-03 20:46","2025-08-03 20:51",,"5","2100 Winchester Place, Spartanburg, South Carolina 29301, United States",,"34.936510","-81.982850","71139.00","489 West Main Street, Spartanburg, South Carolina 29301, United States",,"34.945225","-81.942770","71141.59","90","89","67.82","68.00","27","52","2.01","0.00","2.59","0.60","232"
"2025-08-03 20:56","2025-08-03 20:56",,"0","489 West Main Street, Spartanburg, South Carolina 29301, United States",,"34.945225","-81.942770","71141.59","489 West Main Street, Spartanburg, South Carolina 29301, United States",,"34.945225","-81.942770","71141.59","89","89","70.52","68.00","0","0","0.00","0.00","0.00","0.00",
"2025-08-03 20:56","2025-08-03 22:35",,"99","489 West Main Street, Spartanburg, South Carolina 29301, United States",,"34.945225","-81.942770","71141.59","5107 Myers Road, Monroe, North Carolina 28110, United States",,"35.056390","-80.596560","71242.81","89","32","68.04","68.43","63","85","148.62","0.00","101.22","33.50","331"
"2025-08-04 12:41","2025-08-04 12:55",,"14","5107 Myers Road, Monroe, North Carolina 28110, United States",,"35.056390","-80.596560","71242.81","907 Fitzgerald Street, Monroe, North Carolina 28112, United States",,"34.971615","-80.521454","71250.95","56","52","72.16","81.41","36","53","10.46","0.00","8.14","2.38","292"
"2025-08-04 15:57","2025-08-04 16:12",,"14","907 Fitzgerald Street, Monroe, North Carolina 28112, United States",,"34.971615","-80.521454","71250.96","5107 Myers Road, Monroe, North Carolina 28110, United States",,"35.056396","-80.596535","71259.13","51","46","71.98","81.64","38","56","13.47","0.00","8.17","2.84","348"
"2025-08-05 12:19","2025-08-05 12:20",,"0","5107 Myers Road, Monroe, North Carolina 28110, United States",,"35.056396","-80.596535","71259.13","5107 Myers Road, Monroe, North Carolina 28110, United States",,"35.056396","-80.596535","71259.14","81","81","74.53","68.00","0","0","0.00","0.00","0.01","-0.02","-2000"
"2025-08-05 12:20","2025-08-05 12:39",,"18","5107 Myers Road, Monroe, North Carolina 28110, United States",,"35.056396","-80.596535","71259.14","1402 East Franklin Street, Monroe, North Carolina 28112, United States",,"34.973700","-80.523700","71267.68","81","77","58.50","68.00","35","51","10.88","0.00","8.51","2.46","289"
"2025-08-05 12:41","2025-08-05 12:43",,"2","1402 East Franklin Street, Monroe, North Carolina 28112, United States",,"34.973700","-80.523700","71267.68","907 Fitzgerald Street, Monroe, North Carolina 28112, United States",,"34.971600","-80.521340","71267.98","77","76","60.91","68.00","14","17","0.75","0.00","0.30","0.24","800"
"2025-08-05 15:43","2025-08-05 15:49",,"6","907 Fitzgerald Street, Monroe, North Carolina 28112, United States",,"34.971600","-80.521340","71267.98","318 West Roosevelt Boulevard, Monroe, North Carolina 28110, United States",,"34.985832","-80.528660","71269.34","75","74","64.71","68.00","26","50","3.51","0.00","1.36","0.70","515"
"2025-08-05 15:53","2025-08-05 16:04",,"11","318 West Roosevelt Boulevard, Monroe, North Carolina 28110, United States",,"34.985832","-80.528660","71269.34","5107 Myers Road, Monroe, North Carolina 28110, United States",,"35.056404","-80.596535","71276.18","74","70","59.90","68.00","38","50","8.87","0.00","6.84","2.04","298"
"2025-08-05 16:40","2025-08-05 16:44",,"3","5107 Myers Road, Monroe, North Carolina 28110, United States",,"35.056404","-80.596535","71276.18","4102 W Highway 74, Monroe, North Carolina 28110, United States",,"35.038890","-80.602380","71277.89","71","70","62.06","68.00","29","41","2.43","0.00","1.71","0.56","327"
"2025-08-05 16:48","2025-08-05 16:52",,"4","4102 W Highway 74, Monroe, North Carolina 28110, United States",,"35.038890","-80.602380","71277.98","5107 Myers Road, Monroe, North Carolina 28110, United States",,"35.056393","-80.596560","71279.82","70","69","62.91","68.00","28","41","2.51","0.00","1.84","0.58","315"
"2025-08-06 13:42","2025-08-06 13:43",,"0","5107 Myers Road, Monroe, North Carolina 28110, United States",,"35.056393","-80.596560","71279.82","5107 Myers Road, Monroe, North Carolina 28110, United States",,"35.056393","-80.596565","71279.84","99","99","78.80","71.60","0","1","0.00","0.00","0.02","0.00","0"
"2025-08-06 13:43","2025-08-06 13:58",,"15","5107 Myers Road, Monroe, North Carolina 28110, United States",,"35.056393","-80.596565","71279.84","907 Fitzgerald Street, Monroe, North Carolina 28112, United States",,"34.971630","-80.521355","71288.01","98","94","61.27","71.60","35","59","10.80","0.00","8.14","2.30","283"
"2025-08-06 16:13","2025-08-06 16:26",,"13","907 Fitzgerald Street, Monroe, North Carolina 28112, United States",,"34.971630","-80.521355","71288.01","2844 W Hwy 74, Monroe, North Carolina 28110, United States",,"35.020992","-80.577896","71293.23","93","90","64.71","75.20","31","49","8.79","0.00","5.22","1.88","360"
"2025-08-06 16:35","2025-08-06 16:43",,"7","2844 W Hwy 74, Monroe, North Carolina 28110, United States",,"35.020992","-80.577896","71293.25","5107 Myers Road, Monroe, North Carolina 28110, United States",,"35.056396","-80.596540","71296.61","90","88","69.06","75.11","28","51","4.77","0.00","3.36","1.04","310"
"2025-08-07 07:27","2025-08-07 07:41",,"13","5107 Myers Road, Monroe, North Carolina 28110, United States",,"35.056393","-80.596535","71296.62","907 Fitzgerald Street, Monroe, North Carolina 28112, United States",,"34.971590","-80.521320","71305.26","83","79","63.32","67.10","36","65","11.30","0.00","8.54","2.52","295"
"2025-08-07 08:57","2025-08-07 09:05",,"7","907 Fitzgerald Street, Monroe, North Carolina 28112, United States",,"34.971590","-80.521320","71305.26","2300 West Roosevelt Boulevard, Monroe, North Carolina 28110, United States",,"35.009594","-80.562220","71309.15","78","76","75.09","70.50","32","51","5.44","0.00","3.89","1.22","314"
"2025-08-07 09:11","2025-08-07 09:20",,"8","2300 West Roosevelt Boulevard, Monroe, North Carolina 28110, United States",,"35.009594","-80.562220","71309.17","5107 Myers Road, Monroe, North Carolina 28110, United States",,"35.056393","-80.596540","71313.70","76","74","74.37","68.90","30","61","7.11","0.00","4.53","1.60","353"
"2025-08-07 14:28","2025-08-07 14:28",,"0","5107 Myers Road, Monroe, North Carolina 28110, United States",,"35.056393","-80.596540","71313.71","5107 Myers Road, Monroe, North Carolina 28110, United States",,"35.056380","-80.596580","71313.73","82","82","77.72","70.70","0","1","0.00","0.00","0.02","-0.04","-2000"
"2025-08-07 14:28","2025-08-07 14:43",,"14","5107 Myers Road, Monroe, North Carolina 28110, United States",,"35.056380","-80.596580","71313.73","907 Fitzgerald Street, Monroe, North Carolina 28112, United States",,"34.971523","-80.521360","71321.89","82","78","73.29","71.94","37","59","10.04","0.00","8.16","2.36","289"
"2025-08-07 16:03","2025-08-07 16:20",,"17","907 Fitzgerald Street, Monroe, North Carolina 28112, United States",,"34.971523","-80.521360","71321.90","5107 Myers Road, Monroe, North Carolina 28110, United States",,"35.056393","-80.596560","71330.27","78","74","71.94","73.80","32","58","10.88","0.00","8.37","2.48","296"
"2025-08-08 12:43","2025-08-08 13:01",,"17","5107 Myers Road, Monroe, North Carolina 28110, United States",,"35.056393","-80.596560","71330.27","907 Fitzgerald Street, Monroe, North Carolina 28112, United States",,"34.971703","-80.521430","71338.46","100","95","70.70","75.45","36","60","12.89","0.00","8.19","2.88","352"
"2025-08-08 15:46","2025-08-08 15:48",,"1","907 Fitzgerald Street, Monroe, North Carolina 28112, United States",,"34.971703","-80.521430","71338.46","807 East Roosevelt Boulevard, Monroe, North Carolina 28112, United States",,"34.974865","-80.517240","71338.86","94","93","109.42","81.50","23","26","1.26","0.00","0.40","0.18","450"
"2025-08-08 15:55","2025-08-08 16:09",,"13","807 East Roosevelt Boulevard, Monroe, North Carolina 28112, United States",,"34.974865","-80.517240","71338.91","5107 Myers Road, Monroe, North Carolina 28110, United States",,"35.056393","-80.596550","71346.84","93","88","72.05","78.08","36","59","12.89","0.00","7.92","2.82","356"
"2025-08-08 19:50","2025-08-08 19:51",,"0","5107 Myers Road, Monroe, North Carolina 28110, United States",,"35.056393","-80.596550","71346.85","5021 Myers Road, Monroe, North Carolina 28110, United States",,"35.055520","-80.596910","71346.93","91","91","74.12","79.70","2","2","0.17","0.00","0.08","0.02","250"
"2025-08-08 19:51","2025-08-08 20:01",,"9","5021 Myers Road, Monroe, North Carolina 28110, United States",,"35.055520","-80.596910","71346.93","2300 West Roosevelt Boulevard, Monroe, North Carolina 28110, United States",,"35.009617","-80.562294","71351.98","91","88","72.10","75.96","40","54","6.86","0.00","5.05","1.30","257"
"2025-08-08 20:05","2025-08-08 20:32",,"27","2300 West Roosevelt Boulevard, Monroe, North Carolina 28110, United States",,"35.009617","-80.562294","71352.09","5107 Myers Road, Monroe, North Carolina 28110, United States",,"35.056390","-80.596550","71370.73","88","80","70.38","74.30","43","67","22.18","0.00","18.61","4.94","265"
"2025-08-09 12:49","2025-08-09 13:00",,"11","5107 Myers Road, Monroe, North Carolina 28110, United States",,"35.056390","-80.596550","71370.73","601 West Roosevelt Boulevard, Monroe, North Carolina 28110, United States",,"34.988380","-80.532020","71377.27","98","94","74.75","80.60","42","55","8.79","0.00","6.53","2.06","315"
"2025-08-09 13:05","2025-08-09 13:12",,"6","601 West Roosevelt Boulevard, Monroe, North Carolina 28110, United States",,"34.988380","-80.532020","71377.30","907 Fitzgerald Street, Monroe, North Carolina 28112, United States",,"34.971672","-80.521450","71379.45","94","93","66.61","81.50","26","43","3.35","0.00","2.15","0.72","335"
"2025-08-09 15:54","2025-08-09 16:09",,"15","907 Fitzgerald Street, Monroe, North Carolina 28112, United States",,"34.971672","-80.521450","71379.46","2608 Executive Point Drive, Monroe, North Carolina 28110, United States",,"35.047480","-80.614340","71387.27","90","86","65.34","87.42","35","55","10.21","0.00","7.81","2.38","305"
"2025-08-09 16:17","2025-08-09 16:24",,"7","2608 Executive Point Drive, Monroe, North Carolina 28110, United States",,"35.047480","-80.614340","71387.27","5107 Myers Road, Monroe, North Carolina 28110, United States",,"35.056390","-80.596535","71390.00","86","84","72.95","86.05","27","59","5.69","0.00","2.73","1.24","454"
"2025-08-09 16:46","2025-08-09 16:58",,"11","5107 Myers Road, Monroe, North Carolina 28110, United States",,"35.056390","-80.596535","71390.00","2410 West Roosevelt Boulevard, Monroe, North Carolina 28110, United States",,"35.013480","-80.564964","71394.95","84","80","70.27","83.44","32","51","8.62","0.00","4.95","1.88","380"
"2025-08-09 17:09","2025-08-09 17:16",,"7","2410 West Roosevelt Boulevard, Monroe, North Carolina 28110, United States",,"35.013480","-80.564964","71394.95","5107 Myers Road, Monroe, North Carolina 28110, United States",,"35.056385","-80.596565","71399.23","79","76","60.44","86.81","31","55","7.03","0.00","4.29","1.60","373"
"2025-08-09 18:50","2025-08-09 18:58",,"7","5107 Myers Road, Monroe, North Carolina 28110, United States",,"35.056385","-80.596565","71399.24","2897 W Highway 74, Monroe, North Carolina 28110, United States",,"35.020220","-80.580890","71402.84","78","76","70.70","81.86","28","59","6.61","0.00","3.58","1.52","425"
"2025-08-09 19:21","2025-08-09 19:34",,"12","2897 W Highway 74, Monroe, North Carolina 28110, United States",,"35.020220","-80.580890","71402.84","5107 Myers Road, Monroe, North Carolina 28110, United States",,"35.056385","-80.596565","71407.95","75","72","61.70","82.58","30","55","9.29","0.00","5.11","2.08","407"
"2025-08-10 12:49","2025-08-10 13:04",,"15","5107 Myers Road, Monroe, North Carolina 28110, United States",,"35.056385","-80.596565","71407.95","907 Fitzgerald Street, Monroe, North Carolina 28112, United States",,"34.971554","-80.521480","71416.11","100","95","67.44","84.09","35","59","12.30","0.00","8.16","2.62","321"
"2025-08-10 14:49","2025-08-10 15:03",,"13","907 Fitzgerald Street, Monroe, North Carolina 28112, United States",,"34.971554","-80.521480","71416.12","74 West Roosevelt Boulevard, Monroe, North Carolina 28110, United States",,"35.011497","-80.562090","71421.30","94","91","73.62","84.63","27","43","9.04","0.00","5.18","1.94","375"
"2025-08-10 15:09","2025-08-10 15:22",,"12","74 West Roosevelt Boulevard, Monroe, North Carolina 28110, United States",,"35.011497","-80.562090","71421.30","5107 Myers Road, Monroe, North Carolina 28110, United States",,"35.056390","-80.596535","71426.47","91","87","69.89","84.51","31","52","10.04","0.00","5.17","2.24","433"
"2025-08-11 07:54","2025-08-11 08:05",,"10","5107 Myers Road, Monroe, North Carolina 28110, United States",,"35.056390","-80.596535","71426.48","2416 West Roosevelt Boulevard, Monroe, North Carolina 28110, United States",,"35.013004","-80.566680","71430.91","95","92","73.26","74.30","35","70","7.11","0.00","4.43","1.58","357"
"2025-08-11 08:21","2025-08-11 08:22",,"0","2416 West Roosevelt Boulevard, Monroe, North Carolina 28110, United States",,"35.012980","-80.566660","71430.91","2416 West Roosevelt Boulevard, Monroe, North Carolina 28110, United States",,"35.012764","-80.566666","71430.93","92","92","78.62","77.90","0","1","0.00","0.00","0.01","0.02","2000"
"2025-08-11 08:42","2025-08-11 08:43",,"1","2416 West Roosevelt Boulevard, Monroe, North Carolina 28110, United States",,"35.012867","-80.566670","71430.93","2416 West Roosevelt Boulevard, Monroe, North Carolina 28110, United States",,"35.012882","-80.566950","71430.96","92","92","79.00","77.90","6","6","0.17","0.00","0.03","0.02","667"
"2025-08-11 09:45","2025-08-11 09:45",,"0","2416 West Roosevelt Boulevard, Monroe, North Carolina 28110, United States",,"35.012882","-80.566950","71430.96","2416 West Roosevelt Boulevard, Monroe, North Carolina 28110, United States",,"35.012760","-80.566666","71431.02","91","91","81.32","77.90","10","10","0.17","0.00","0.06","-0.02","-333"
"2025-08-11 10:02","2025-08-11 10:03",,"1","2416 West Roosevelt Boulevard, Monroe, North Carolina 28110, United States",,"35.012783","-80.566650","71431.02","2416 West Roosevelt Boulevard, Monroe, North Carolina 28110, United States",,"35.012794","-80.566790","71431.02","91","91","73.58","77.90","0","1","0.17","0.00","0.00","0.02",
"2025-08-11 10:03","2025-08-11 10:12",,"8","2416 West Roosevelt Boulevard, Monroe, North Carolina 28110, United States",,"35.012794","-80.566790","71431.02","5107 Myers Road, Monroe, North Carolina 28110, United States",,"35.056057","-80.596634","71435.17","91","88","71.04","77.90","36","58","6.44","0.00","4.15","1.48","357"
"2025-08-11 10:18","2025-08-11 10:18",,"0","5107 Myers Road, Monroe, North Carolina 28110, United States",,"35.056057","-80.596634","71435.21","5021 Myers Road, Monroe, North Carolina 28110, United States",,"35.055607","-80.596930","71435.27","88","88","76.82","77.90","0","1","0.17","0.00","0.06","0.04","667"
"2025-08-11 11:23","2025-08-11 11:24",,"0","5021 Myers Road, Monroe, North Carolina 28110, United States",,"35.055607","-80.596930","71435.27","5107 Myers Road, Monroe, North Carolina 28110, United States",,"35.056465","-80.596700","71435.37","88","88","79.52","76.10","15","15","0.17","0.00","0.10","0.00","0"
"2025-08-11 12:43","2025-08-11 12:43",,"0","5107 Myers Road, Monroe, North Carolina 28110, United States",,"35.056465","-80.596700","71435.37","5107 Myers Road, Monroe, North Carolina 28110, United States",,"35.056400","-80.596570","71435.38","87","87","82.22","76.10","0","0","0.00","0.00","0.01","0.00","0"
"2025-08-11 12:44","2025-08-11 12:51",,"7","5107 Myers Road, Monroe, North Carolina 28110, United States",,"35.056400","-80.596570","71435.38","4630 W Highway 74, Monroe, North Carolina 28110, United States",,"35.047670","-80.614380","71437.38","87","85","77.40","76.84","23","40","3.18","0.00","1.97","0.52","264"
"2025-08-11 12:55","2025-08-11 12:59",,"4","4630 W Highway 74, Monroe, North Carolina 28110, United States",,"35.047670","-80.614380","71437.38","4630 W Highway 74, Monroe, North Carolina 28110, United States",,"35.047657","-80.614390","71438.70","85","84","72.55","77.90","20","56","3.43","0.00","1.32","0.66","500"
"2025-08-11 12:59","2025-08-11 13:12",,"13","4630 W Highway 74, Monroe, North Carolina 28110, United States",,"35.047657","-80.614390","71438.70","601 West Roosevelt Boulevard, Monroe, North Carolina 28110, United States",,"34.988438","-80.532070","71445.26","84","80","62.13","80.22","39","60","11.63","0.00","6.56","2.50","381"
"2025-08-11 13:16","2025-08-11 13:23",,"6","601 West Roosevelt Boulevard, Monroe, North Carolina 28110, United States",,"34.988438","-80.532070","71445.28","907 Fitzgerald Street, Monroe, North Carolina 28112, United States",,"34.971560","-80.521360","71446.92","79","78","64.56","86.81","17","49","4.10","0.00","1.64","0.86","524"
"2025-08-11 14:42","2025-08-11 14:58",,"16","907 Fitzgerald Street, Monroe, North Carolina 28112, United States",,"34.971560","-80.521360","71446.94","5107 Myers Road, Monroe, North Carolina 28110, United States",,"35.056440","-80.596680","71455.32","77","72","66.11","76.24","31","54","13.81","0.00","8.37","3.08","368"
"2025-08-11 15:11","2025-08-11 15:12",,"0","5107 Myers Road, Monroe, North Carolina 28110, United States",,"35.056440","-80.596680","71455.32","5107 Myers Road, Monroe, North Carolina 28110, United States",,"35.056416","-80.596504","71455.34","71","71","75.74","74.30","0","0","0.00","0.00","0.02","0.02","1000"
"2025-08-11 16:14","2025-08-11 16:14",,"0","5107 Myers Road, Monroe, North Carolina 28110, United States",,"35.056410","-80.596466","71455.34","5107 Myers Road, Monroe, North Carolina 28110, United States",,"35.056410","-80.596466","71455.34","70","69","52.34","79.70","0","0","0.17","0.00","0.00","0.00",
"2025-08-11 16:14","2025-08-11 16:14",,"0","5107 Myers Road, Monroe, North Carolina 28110, United States",,"35.056410","-80.596466","71455.34","5107 Myers Road, Monroe, North Carolina 28110, United States",,"35.056410","-80.596466","71455.34","69","69","51.75","79.70","0","0","0.00","0.00","0.00","0.00",
"2025-08-11 17:51","2025-08-11 17:54",,"2","5107 Myers Road, Monroe, North Carolina 28110, United States",,"35.056408","-80.596436","71455.34","5107 Myers Road, Monroe, North Carolina 28110, United States",,"35.056404","-80.596504","71455.38","69","69","78.89","77.90","3","3","0.17","0.00","0.04","0.02","500"
"2025-08-11 18:51","2025-08-11 18:58",,"6","5107 Myers Road, Monroe, North Carolina 28110, United States",,"35.056377","-80.596504","71455.38","2897 W Highway 74, Monroe, North Carolina 28110, United States",,"35.020320","-80.580734","71459.00","66","65","67.53","76.78","34","57","4.85","0.00","3.63","1.04","287"
"2025-08-11 19:15","2025-08-11 19:23",,"8","2897 W Highway 74, Monroe, North Carolina 28110, United States",,"35.020320","-80.580734","71459.01","5107 Myers Road, Monroe, North Carolina 28110, United States",,"35.056420","-80.596480","71462.73","65","62","71.49","76.10","30","57","5.77","0.00","3.72","1.30","349"
"2025-08-12 09:19","2025-08-12 09:20",,"0","5107 Myers Road, Monroe, North Carolina 28110, United States",,"35.056404","-80.596460","71462.73","5107 Myers Road, Monroe, North Carolina 28110, United States",,"35.056404","-80.596530","71462.74","75","75","81.14","79.70","0","0","0.00","0.00","0.01","0.00","0"
"2025-08-12 09:34","2025-08-12 09:34",,"0","5107 Myers Road, Monroe, North Carolina 28110, United States",,"35.056404","-80.596530","71462.74","5107 Myers Road, Monroe, North Carolina 28110, United States",,"35.056404","-80.596530","71462.74","74","74","73.94","81.50","0","0","0.00","0.00","0.00","0.00",
"2025-08-12 10:02","2025-08-12 10:02",,"0","5107 Myers Road, Monroe, North Carolina 28110, United States",,"35.056404","-80.596530","71462.74","5107 Myers Road, Monroe, North Carolina 28110, United States",,"35.056404","-80.596530","71462.74","73","73","77.54","81.50","0","0","0.00","0.00","0.00","0.00",
"2025-08-12 10:15","2025-08-12 10:15",,"0","5107 Myers Road, Monroe, North Carolina 28110, United States",,"35.056404","-80.596530","71462.74","5107 Myers Road, Monroe, North Carolina 28110, United States",,"35.056410","-80.596500","71462.74","73","73","84.15","79.70","0","0","0.00","0.00","0.00","0.00",
"2025-08-12 10:15","2025-08-12 10:15",,"0","5107 Myers Road, Monroe, North Carolina 28110, United States",,"35.056410","-80.596500","71462.74","5107 Myers Road, Monroe, North Carolina 28110, United States",,"35.056410","-80.596500","71462.74","73","73","83.84","79.70","0","0","0.17","0.00","0.00","0.02",
"2025-08-12 10:18","2025-08-12 10:18",,"0","5107 Myers Road, Monroe, North Carolina 28110, United States",,"35.056410","-80.596500","71462.74","5107 Myers Road, Monroe, North Carolina 28110, United States",,"35.056400","-80.596580","71462.74","73","73","73.94","79.70","0","0","0.00","0.00","0.00","0.00",
"2025-08-12 10:21","2025-08-12 10:37",,"16","5107 Myers Road, Monroe, North Carolina 28110, United States",,"35.056400","-80.596580","71462.74","918 Fitzgerald Street, Monroe, North Carolina 28112, United States",,"34.971535","-80.521650","71470.88","73","69","65.61","74.91","33","55","11.55","0.00","8.12","2.64","325"
"2025-08-12 10:44","2025-08-12 10:45",,"0","918 Fitzgerald Street, Monroe, North Carolina 28112, United States",,"34.971535","-80.521650","71470.88","919 Fitzgerald Street, Monroe, North Carolina 28112, United States",,"34.971290","-80.521770","71470.90","68","68","64.04","74.30","0","0","0.00","0.00","0.02","0.00","0"
"2025-08-12 10:45","2025-08-12 11:58",,"73","919 Fitzgerald Street, Monroe, North Carolina 28112, United States",,"34.971290","-80.521770","71470.90","1102 West Boulevard, Laurinburg, North Carolina 28352, United States",,"34.764297","-79.480220","71538.52","68","33","61.92","75.74","58","80","93.64","0.00","67.62","21.00","311"
"2025-08-12 12:19","2025-08-12 13:11",,"52","1102 West Boulevard, Laurinburg, North Carolina 28352, United States",,"34.764313","-79.480250","71538.52","1209 Powell Boulevard, Whiteville, North Carolina 28472, United States",,"34.344055","-78.710210","71597.78","77","41","61.47","78.82","70","81","94.14","0.00","59.26","21.38","361"
"2025-08-12 13:27","2025-08-12 14:19",,"52","1209 Powell Boulevard, Whiteville, North Carolina 28472, United States",,"34.344055","-78.710210","71597.81","411 North 4th Street, Wilmington, North Carolina 28401, United States",,"34.240612","-77.945320","71646.55","75","50","63.50","78.31","57","80","65.69","0.00","48.74","14.88","305"
"2025-08-12 14:19","2025-08-12 14:19",,"0","411 North 4th Street, Wilmington, North Carolina 28401, United States",,"34.240704","-77.945330","71646.55","411 North 4th Street, Wilmington, North Carolina 28401, United States",,"34.240612","-77.945320","71646.55","50","50","63.45","76.10","5","5","0.00","0.00","0.00","0.00",
"2025-08-12 14:31","2025-08-12 14:32",,"0","411 North 4th Street, Wilmington, North Carolina 28401, United States",,"34.240612","-77.945320","71646.55","414 Walnut Street, Wilmington, North Carolina 28401, United States",,"34.240227","-77.944850","71646.62","50","50","61.93","76.10","3","3","0.00","0.00","0.07","0.10","1429"
"2025-08-12 17:43","2025-08-12 18:14",,"31","414 Walnut Street, Wilmington, North Carolina 28401, United States",,"34.240227","-77.944850","71646.62","16988 US Route 17, Hampstead, North Carolina 28443, United States",,"34.390522","-77.681820","71672.08","48","33","61.11","77.59","51","76","40.08","0.00","25.46","8.76","344"
"2025-08-12 18:20","2025-08-12 18:24",,"4","16988 US Route 17, Hampstead, North Carolina 28443, United States",,"34.390522","-77.681820","71672.18","114 Long Leaf Drive, Hampstead, North Carolina 28443, United States",,"34.404000","-77.658470","71673.93","33","32","67.64","76.10","28","55","2.93","0.00","1.75","0.66","377"
"2025-08-12 19:08","2025-08-12 19:41",,"33","114 Long Leaf Drive, Hampstead, North Carolina 28443, United States",,"34.404000","-77.658470","71674.05","2020 Olde Regent Way, Leland, North Carolina 28451, United States",,"34.217304","-78.018616","71704.45","31","15","66.29","77.90","55","76","41.09","0.00","30.36","9.26","305"
"2025-08-13 04:49","2025-08-13 05:50",,"60","2020 Olde Regent Way, Leland, North Carolina 28451, United States",,"34.217293","-78.018650","71704.45","1031 Old Boardman Road, Boardman, North Carolina 28438, United States",,"34.437670","-78.950060","71765.52","98","66","64.67","80.33","62","75","84.94","0.00","61.07","19.14","313"
"2025-08-13 06:14","2025-08-13 07:13",,"59","1031 Old Boardman Road, Boardman, North Carolina 28438, United States",,"34.437670","-78.950060","71765.52","2717 West David H Mcleod Boulevard, Florence, South Carolina 29501, United States",,"34.190273","-79.832560","71833.82","66","27","64.42","81.05","73","84","100.92","0.00","68.27","22.82","334"
"2025-08-13 09:09","2025-08-13 10:55",,"105","2717 West David H Mcleod Boulevard, Florence, South Carolina 29501, United States",,"34.190273","-79.832590","71833.82","647 Kings Highway, Yemassee, South Carolina 29945, United States",,"32.634205","-80.875200","71962.83","86","13","66.63","88.95","74","85","191.55","0.00","129.01","43.18","335"
"2025-08-13 11:29","2025-08-13 12:55",,"85","647 Kings Highway, Yemassee, South Carolina 29945, United States",,"32.634205","-80.875200","71962.83","580 Millennium Boulevard, Brunswick, Georgia 31525, United States",,"31.245890","-81.501560","72070.29","87","24","66.07","95.11","76","85","165.27","0.00","107.43","37.26","347"
"2025-08-13 13:08","2025-08-13 13:09",,"1","580 Millennium Boulevard, Brunswick, Georgia 31525, United States",,"31.245890","-81.501560","72070.29","160 Millennium Boulevard, Brunswick, Georgia 31525, United States",,"31.245705","-81.503930","72070.41","57","57","77.00","95.90","11","17","0.17","0.00","0.12","-0.08","-667"
"2025-08-13 13:15","2025-08-13 13:15",,"0","160 Millennium Boulevard, Brunswick, Georgia 31525, United States",,"31.245705","-81.503930","72070.45","160 Millennium Boulevard, Brunswick, Georgia 31525, United States",,"31.245705","-81.503930","72070.45","56","56","69.98","103.10","0","0","0.00","0.00","0.00","0.14",
"2025-08-13 13:15","2025-08-13 14:05",,"50","160 Millennium Boulevard, Brunswick, Georgia 31525, United States",,"31.245705","-81.503930","72070.45","725 Nautica Drive, Jacksonville, Florida 32218, United States",,"30.479597","-81.637535","72127.65","56","19","66.76","97.25","73","84","97.91","0.00","57.20","22.18","388"
"2025-08-13 14:44","2025-08-13 16:45",,"121","725 Nautica Drive, Jacksonville, Florida 32218, United States",,"30.479597","-81.637535","72127.67","202 Southwest 33rd Avenue, Ocala, Florida 34474, United States",,"29.185290","-82.177505","72239.99","90","28","63.48","90.99","58","90","162.59","0.00","112.32","36.74","327"
"2025-08-13 17:11","2025-08-13 19:02",,"110","202 Southwest 33rd Avenue, Ocala, Florida 34474, United States",,"29.185290","-82.177505","72239.99","8236 128th Street, Seminole, Florida 33776, United States",,"27.848406","-82.815430","72359.48","83","17","62.40","90.77","68","92","171.63","0.00","119.49","38.80","325"
"2025-08-13 21:53","2025-08-13 21:58",,"5","8236 128th Street, Seminole, Florida 33776, United States",,"27.848404","-82.815430","72359.50","8236 128th Street, Seminole, Florida 33776, United States",,"27.848413","-82.815430","72360.30","17","16","65.32","87.80","16","44","2.09","0.00","0.80","0.64","800"
"2025-08-14 07:09","2025-08-14 07:37",,"27","8236 128th Street, Seminole, Florida 33776, United States",,"27.848398","-82.815440","72360.31","9745 International Court North, St. Petersburg, Florida 33716, United States",,"27.860401","-82.652370","72373.90","16","9","62.22","85.95","36","82","17.15","0.00","13.59","4.10","302"
"2025-08-14 15:52","2025-08-14 16:00",,"7","9745 International Court North, St. Petersburg, Florida 33716, United States",,"27.860407","-82.652374","72373.92","3101 Gandy Boulevard, Pinellas Park, Florida 33782, United States",,"27.846073","-82.678070","72376.05","9","7","80.06","89.92","19","55","5.52","0.00","2.13","1.20","563"
"2025-08-14 16:00","2025-08-14 16:01",,"1","3101 Gandy Boulevard, Pinellas Park, Florida 33782, United States",,"27.846073","-82.678070","72376.05","3101 Gandy Blvd, Pinellas Park, Florida 33782, United States",,"27.846052","-82.678170","72376.07","7","6","76.06","92.30","2","2","0.50","0.00","0.02","0.10","5000"
"2025-08-14 16:23","2025-08-14 16:45",,"21","3101 Gandy Blvd, Pinellas Park, Florida 33782, United States",,"27.846052","-82.678170","72376.07","8236 128th Street, Seminole, Florida 33776, United States",,"27.848408","-82.815430","72385.16","39","34","66.69","96.62","30","60","13.81","0.00","9.09","2.98","328"
"2025-08-15 06:19","2025-08-15 06:45",,"26","8236 128th Street, Seminole, Florida 33776, United States",,"27.848408","-82.815430","72385.18","9725 International Court North, St. Petersburg, Florida 33716, United States",,"27.860296","-82.652534","72396.37","28","23","66.63","84.18","35","65","13.56","0.00","11.19","3.02","270"
"2025-08-15 14:35","2025-08-15 15:01",,"26","9725 International Court North, St. Petersburg, Florida 33716, United States",,"27.860289","-82.652534","72396.38","2110 2nd Avenue South, St. Petersburg, Florida 33705, United States",,"27.769070","-82.662880","72404.91","20","14","77.36","91.92","26","59","14.81","0.00","8.54","3.38","396"
"2025-08-15 15:50","2025-08-15 16:24",,"34","2110 2nd Avenue South, St. Petersburg, Florida 33705, United States",,"27.769080","-82.662895","72404.95","8236 128th Street, Seminole, Florida 33776, United States",,"27.848452","-82.815430","72417.92","13","3","68.18","94.08","32","60","27.20","0.00","12.97","6.12","472"
"2025-08-16 13:38","2025-08-16 13:39",,"0","8236 128th Street, Seminole, Florida 33776, United States",,"27.848440","-82.815420","72417.93","8236 128th Street, Seminole, Florida 33776, United States",,"27.848510","-82.815510","72417.94","3","3","125.24","96.80","0","1","0.00","0.00","0.01","0.00","0"
"2025-08-16 13:39","2025-08-16 13:41",,"1","8236 128th Street, Seminole, Florida 33776, United States",,"27.848510","-82.815510","72417.94","8236 128th Street, Seminole, Florida 33776, United States",,"27.848510","-82.815510","72417.94","3","3","110.97","96.80","0","0","0.17","0.00","0.00","0.00",
"2025-08-18 14:04","2025-08-18 14:05",,"0","8236 128th Street, Seminole, Florida 33776, United States",,"27.848515","-82.815530","72417.95","8236 128th Street, Seminole, Florida 33776, United States",,"27.848509","-82.815520","72417.95","11","11","150.26","100.40","0","1","0.17","0.00","0.00","0.02",
"2025-08-19 10:08","2025-08-19 10:28",,"19","8236 128th Street, Seminole, Florida 33776, United States",,"27.848492","-82.815544","72417.95","US 19 Northbound Frontage Road, Clearwater, Florida 33760, United States",,"27.913898","-82.728220","72428.92","39","34","71.31","94.15","38","76","15.06","0.00","10.96","3.16","288"
"2025-08-19 10:47","2025-08-19 10:52",,"4","US 19 Northbound Frontage Road, Clearwater, Florida 33760, United States",,"27.913898","-82.728220","72428.92","2677 Roosevelt Boulevard, Clearwater, Florida 33760, United States",,"27.914087","-82.727806","72429.16","31","30","67.87","100.85","9","13","2.51","0.00","0.24","0.42","1750"
"2025-08-19 11:00","2025-08-19 11:00",,"0","2677 Roosevelt Boulevard, Clearwater, Florida 33760, United States",,"27.914087","-82.727806","72429.20","2677 Roosevelt Boulevard, Clearwater, Florida 33760, United States",,"27.913704","-82.727790","72429.21","29","29","68.18","102.20","0","0","0.00","0.00","0.01","0.00","0"
"2025-08-19 11:03","2025-08-19 11:39",,"36","2677 Roosevelt Boulevard, Clearwater, Florida 33760, United States",,"27.913704","-82.727790","72429.23","4035 Valencia Drive, New Port Richey, Florida 34652, United States",,"28.218070","-82.736090","72450.47","29","17","68.38","97.02","46","69","31.63","0.00","21.24","7.14","336"
"2025-08-19 11:46","2025-08-19 11:59",,"13","4035 Valencia Drive, New Port Richey, Florida 34652, United States",,"28.218070","-82.736090","72450.47","9203 US Route 19, Port Richey, Florida 34668, United States",,"28.290924","-82.711830","72455.90","38","36","68.00","97.99","36","50","7.45","0.00","5.43","1.66","306"
"2025-08-19 12:05","2025-08-19 12:06",,"0","9203 US Route 19, Port Richey, Florida 34668, United States",,"28.290924","-82.711830","72455.94","9203 US Route 19, Port Richey, Florida 34668, United States",,"28.290924","-82.711830","72455.94","36","36","74.48","100.40","0","0","0.00","0.00","0.00","0.00",
"2025-08-19 12:09","2025-08-19 13:11",,"62","9203 US Route 19, Port Richey, Florida 34668, United States",,"28.290924","-82.711830","72455.94","505 NE US Highway 19, Crystal River, Florida 34429, United States",,"28.899563","-82.586630","72501.30","35","13","66.56","95.56","51","70","58.33","0.00","45.36","13.10","289"
"2025-08-19 13:33","2025-08-19 15:23",,"109","505 NE US Highway 19, Crystal River, Florida 34429, United States",,"28.899563","-82.586630","72501.34","2755 Byron Butler Parkway, Perry, Florida 32348, United States",,"30.086048","-83.571365","72612.28","68","5","66.88","94.68","62","75","162.51","0.00","110.94","37.28","336"
"2025-08-19 15:54","2025-08-19 17:37",,"103","2755 Byron Butler Parkway, Perry, Florida 32348, United States",,"30.086048","-83.571365","72612.28","2070 Florida Highway 71, Marianna, Florida 32448, United States",,"30.716019","-85.184100","72731.27","80","11","65.25","88.70","71","84","180.67","0.00","118.99","40.64","342"
"2025-08-19 17:55","2025-08-19 17:57",,"1","2070 Florida Highway 71, Marianna, Florida 32448, United States",,"30.716019","-85.184100","72731.27","2112 Florida Highway 71, Marianna, Florida 32448, United States",,"30.718733","-85.184370","72731.55","64","64","65.48","78.80","12","13","0.59","0.00","0.28","-0.44","-1571"
"2025-08-19 18:01","2025-08-19 18:02",,"0","2112 Florida Highway 71, Marianna, Florida 32448, United States",,"30.718733","-85.184370","72731.55","2112 Florida Highway 71, Marianna, Florida 32448, United States",,"30.718222","-85.184586","72731.56","63","63","66.38","80.60","7","7","0.00","0.00","0.01","0.02","2000"
"2025-08-19 18:02","2025-08-19 18:23",,"21","2112 Florida Highway 71, Marianna, Florida 32448, United States",,"30.718222","-85.184586","72731.56","1405 Nadia Avenue, Chipley, Florida 32428, United States",,"30.751865","-85.551765","72754.54","63","48","66.38","81.18","69","85","39.41","0.00","22.98","9.00","392"
"2025-08-19 18:36","2025-08-19 19:30",,"54","1405 Nadia Avenue, Chipley, Florida 32428, United States",,"30.751865","-85.551765","72754.54","601 West Redstone Avenue, Crestview, Florida 32536, United States",,"30.733744","-86.566720","72818.44","73","37","64.90","79.21","72","85","94.90","0.00","63.90","21.36","334"
"2025-08-19 19:30","2025-08-19 19:31",,"0","601 West Redstone Avenue, Crestview, Florida 32536, United States",,"30.733679","-86.566795","72818.44","601 West Redstone Avenue, Crestview, Florida 32536, United States",,"30.733744","-86.566720","72818.44","37","37","64.58","77.00","0","0","0.00","0.00","0.00","0.06",
"2025-08-19 19:45","2025-08-19 19:49",,"3","601 West Redstone Avenue, Crestview, Florida 32536, United States",,"30.733770","-86.566720","72818.44","Mirage Avenue, Crestview, Florida 32536, United States",,"30.728073","-86.565750","72819.01","70","71","63.36","77.00","16","32","-0.75","0.00","0.57","-0.52","-912"
"2025-08-19 20:03","2025-08-19 21:50",,"107","Mirage Avenue, Crestview, Florida 32536, United States",,"30.728073","-86.565750","72819.02","5442 Highway 90 W, Mobile, Alabama 36619, United States",,"30.587177","-88.170456","72928.96","71","13","65.50","80.49","64","80","151.21","0.00","109.94","34.12","310"
"2025-08-19 22:22","2025-08-19 22:23",,"0","5442 Highway 90 W, Mobile, Alabama 36619, United States",,"30.587177","-88.170456","72928.96","5442 Highway 90 W, Mobile, Alabama 36619, United States",,"30.587208","-88.170456","72928.96","79","78","63.68","89.60","0","1","0.00","0.00","0.00","0.00",
"2025-08-19 22:23","2025-08-19 23:24",,"61","5442 Highway 90 W, Mobile, Alabama 36619, United States",,"30.587208","-88.170456","72928.96","Firetower Road, Pass Christian, Mississippi 39571, United States",,"30.405111","-89.250670","72998.33","78","40","63.68","83.66","69","83","101.09","0.00","69.37","23.02","332"
"2025-08-19 23:30","2025-08-19 23:32",,"2","Firetower Road, Pass Christian, Mississippi 39571, United States",,"30.405111","-89.250670","72998.33","I 10, Pass Christian, Mississippi 39503, United States",,"30.404340","-89.251495","72998.45","39","39","63.41","82.40","4","8","0.50","0.00","0.12","0.14","1167"
"2025-08-19 23:32","2025-08-19 23:32",,"0","I 10, Pass Christian, Mississippi 39503, United States",,"30.404367","-89.251495","72998.45","I 10, Pass Christian, Mississippi 39503, United States",,"30.404340","-89.251495","72998.45","39","39","63.68","82.40","2","2","0.00","0.00","0.00","0.00",
"2025-08-19 23:32","2025-08-19 23:34",,"1","I 10, Pass Christian, Mississippi 39503, United States",,"30.404340","-89.251495","72998.45","I 10, Pass Christian, Mississippi 39503, United States",,"30.404348","-89.251465","72998.48","39","39","64.69","82.40","0","1","0.33","0.00","0.01","0.10","10000"
"2025-08-20 00:17","2025-08-20 00:17",,"0","I 10, Pass Christian, Mississippi 39503, United States",,"30.404348","-89.251465","72998.48","I 10, Pass Christian, Mississippi 39503, United States",,"30.404343","-89.251560","72998.48","93","93","66.38","82.40","3","3","0.00","0.00","0.00","0.00",
"2025-08-20 07:20","2025-08-20 07:20",,"0","I 10, Pass Christian, Mississippi 39503, United States",,"30.404331","-89.251560","72998.49","I 10, Pass Christian, Mississippi 39503, United States",,"30.404331","-89.251560","72998.49","76","76","65.66","83.30","0","0","0.17","0.00","0.00","0.00",
"2025-08-20 07:23","2025-08-20 07:24",,"1","I 10, Pass Christian, Mississippi 39503, United States",,"30.404331","-89.251560","72998.49","8270 Firetower Road, Pass Christian, Mississippi 39571, United States",,"30.405070","-89.250660","72998.59","76","75","63.86","85.10","7","14","0.33","0.00","0.10","0.10","1000"
"2025-08-20 07:32","2025-08-20 09:09",,"97","8270 Firetower Road, Pass Christian, Mississippi 39571, United States",,"30.405070","-89.250660","72998.61","9686 Airline Highway, Baton Rouge, Louisiana 70815, United States",,"30.432713","-91.081910","73112.75","75","17","64.29","82.38","72","92","152.13","0.00","114.14","34.36","301"
"2025-08-20 09:48","2025-08-20 09:56",,"8","9686 Airline Highway, Baton Rouge, Louisiana 70815, United States",,"30.432713","-91.081910","73112.77","9686 Airline Highway, Baton Rouge, Louisiana 70815, United States",,"30.432713","-91.081910","73112.77","80","79","64.11","95.90","0","0","2.34","0.00","0.00","0.62",
"2025-08-20 09:56","2025-08-20 09:57",,"1","9686 Airline Highway, Baton Rouge, Louisiana 70815, United States",,"30.432713","-91.081910","73112.77","9650 Airline Highway., Baton Rouge, Louisiana 70815, United States",,"30.432472","-91.082610","73112.84","79","79","64.04","95.18","3","3","0.33","0.00","0.07","0.12","1714"
"2025-08-20 10:17","2025-08-20 11:23",,"65","9650 Airline Highway., Baton Rouge, Louisiana 70815, United States",,"30.432472","-91.082610","73112.84","Atchafalaya Basin Bridge, Breaux Bridge, Louisiana 70517, United States",,"30.343313","-91.722780","73163.34","76","50","65.35","92.52","50","80","70.13","0.00","50.43","15.72","312"
"2025-08-20 11:37","2025-08-20 12:37",,"59","Atchafalaya Basin Bridge, Breaux Bridge, Louisiana 70517, United States",,"30.343313","-91.722780","73163.34","500 North Adams Street, Welsh, Louisiana 70591, United States",,"30.240673","-92.821434","73231.48","49","12","66.20","95.27","70","80","99.25","0.00","68.15","22.34","328"
"2025-08-20 12:45","2025-08-20 12:57",,"11","500 North Adams Street, Welsh, Louisiana 70591, United States",,"30.240673","-92.821434","73231.48","14390 Louisiana Highway 101, Lacassine, Louisiana 70647, United States",,"30.241028","-92.927840","73239.28","11","6","66.51","95.85","44","71","12.30","0.00","7.80","2.74","351"
"2025-08-20 13:15","2025-08-20 14:10",,"55","14390 Louisiana Highway 101, Lacassine, Louisiana 70647, United States",,"30.241028","-92.927840","73239.30","108 4th Street, Starks, Louisiana 70661, United States",,"30.319672","-93.660520","73288.57","58","29","67.57","96.28","55","89","74.39","0.00","49.14","17.14","349"
"2025-08-20 14:24","2025-08-20 14:25",,"0","108 4th Street, Starks, Louisiana 70661, United States",,"30.319672","-93.660520","73288.59","108 4th Street, Starks, Louisiana 70661, United States",,"30.319698","-93.660576","73288.59","28","28","68.72","101.30","0","1","0.00","0.00","0.00","0.00",
"2025-08-20 14:25","2025-08-20 15:10",,"44","108 4th Street, Starks, Louisiana 70661, United States",,"30.319698","-93.660576","73288.59","5780 Walden Road, Beaumont, Texas 77707, United States",,"30.038828","-94.160800","73326.43","28","9","68.02","99.25","53","77","48.12","0.00","37.82","10.90","288"
"2025-08-20 15:33","2025-08-20 16:28",,"55","5780 Walden Road, Beaumont, Texas 77707, United States",,"30.038828","-94.160800","73326.43","7214 Wade Road, Baytown, Texas 77521, United States",,"29.802580","-95.016340","73385.91","55","22","67.15","94.51","67","85","85.02","0.00","59.48","19.64","330"
"2025-08-20 16:38","2025-08-20 16:42",,"3","7214 Wade Road, Baytown, Texas 77521, United States",,"29.802580","-95.016304","73385.94","John Martin Road, Baytown, Texas 77521, United States",,"29.801565","-94.997820","73387.38","21","20","67.44","99.50","22","52","3.43","0.00","1.43","0.72","503"
"2025-08-20 16:51","2025-08-20 18:30",,"98","John Martin Road, Baytown, Texas 77521, United States",,"29.801565","-94.997820","73387.38","40900 US Route 290, Waller, Texas 77484, United States",,"30.070787","-95.931050","73453.02","47","11","66.40","98.92","42","80","92.47","0.00","65.64","21.66","330"
"2025-08-20 19:08","2025-08-20 20:54",,"106","40900 US Route 290, Waller, Texas 77484, United States",,"30.070787","-95.931050","73453.03","5001 Cottonwood Circle, Austin, Texas 78723, United States",,"30.296755","-97.686480","73569.20","88","24","64.99","86.22","67","91","166.69","0.00","116.10","37.54","323"
"2025-08-21 02:38","2025-08-21 02:55",,"16","5001 Cottonwood Circle, Austin, Texas 78723, United States",,"30.296732","-97.686460","73569.20","2602 Wilson Street, Austin, Texas 78704, United States","Lizz","30.238230","-97.759250","73578.18","23","19","66.92","82.22","33","67","10.96","0.00","8.97","2.44","272"
"2025-08-21 08:04","2025-08-21 08:26",,"21","2602 Wilson Street, Austin, Texas 78704, United States","Lizz","30.238232","-97.759250","73578.19","5001 Cottonwood Circle, Austin, Texas 78723, United States",,"30.296738","-97.686470","73592.30","19","11","66.38","83.21","46","89","21.17","0.00","14.11","4.88","346"
"2025-08-21 20:37","2025-08-21 20:38",,"1","5001 Cottonwood Circle, Austin, Texas 78723, United States",,"30.296736","-97.686470","73592.37","5107 Manor Road, Austin, Texas 78723, United States",,"30.298353","-97.686485","73592.45","10","10","81.81","79.11","8","12","0.67","0.00","0.08","0.10","1250"
"2025-08-21 20:41","2025-08-21 20:47",,"6","5107 Manor Road, Austin, Texas 78723, United States",,"30.298353","-97.686485","73592.51","4901 Lancaster Drive, Austin, Texas 78723, United States",,"30.305527","-97.708520","73594.28","10","9","64.85","77.90","17","35","3.51","0.00","1.77","0.70","395"
"2025-08-21 20:54","2025-08-21 21:00",,"6","4901 Lancaster Drive, Austin, Texas 78723, United States",,"30.305527","-97.708520","73594.28","6406 N 35 Frontage Rd, Austin, Texas 78752, United States",,"30.329330","-97.706240","73596.41","9","7","70.11","77.90","28","45","4.77","0.00","2.13","0.96","451"
"2025-08-21 21:49","2025-08-21 21:55",,"6","6406 N 35 Frontage Rd, Austin, Texas 78752, United States",,"30.329330","-97.706240","73596.43","1660 East 51st Street, Austin, Texas 78723, United States",,"30.304672","-97.698920","73598.98","87","85","62.62","77.18","26","54","3.10","0.00","2.55","0.82","322"
"2025-08-21 21:59","2025-08-21 22:03",,"4","1660 East 51st Street, Austin, Texas 78723, United States",,"30.304672","-97.698920","73598.98","5001 Cottonwood Circle, Austin, Texas 78723, United States",,"30.296736","-97.686460","73600.04","85","85","66.29","77.00","29","40","1.51","0.00","1.06","0.40","377"
"2025-08-22 12:07","2025-08-22 12:08",,"0","5001 Cottonwood Circle, Austin, Texas 78723, United States",,"30.296728","-97.686470","73600.05","5001 Cottonwood Circle, Austin, Texas 78723, United States",,"30.296783","-97.686485","73600.05","80","80","60.26","86.90","0","1","0.00","0.00","0.00","0.00",
"2025-08-22 12:08","2025-08-22 12:21",,"13","5001 Cottonwood Circle, Austin, Texas 78723, United States",,"30.296783","-97.686485","73600.05","1032 Norwood Park Boulevard, Austin, Texas 78753, United States",,"30.338905","-97.691310","73605.15","80","76","63.50","87.75","25","66","9.96","0.00","5.10","2.22","435"
"2025-08-22 12:43","2025-08-22 12:51",,"7","1032 Norwood Park Boulevard, Austin, Texas 78753, United States",,"30.338905","-97.691310","73605.20","6500 Ed Bluestein Boulevard, Austin, Texas 78723, United States",,"30.303434","-97.661820","73609.29","74","71","66.42","96.10","43","84","6.44","0.00","4.09","1.36","333"
"2025-08-22 12:51","2025-08-22 13:11",,"19","6500 Ed Bluestein Boulevard, Austin, Texas 78723, United States",,"30.303430","-97.661850","73609.38","6511 Circle South Road, Austin, Texas 78745, United States",,"30.194202","-97.776570","73622.64","71","62","63.09","92.55","49","86","23.51","0.00","13.26","5.32","401"
"2025-08-22 13:11","2025-08-22 13:14",,"3","6511 Circle South Road, Austin, Texas 78745, United States",,"30.194202","-97.776570","73622.64","6601 South Congress Avenue, Austin, Texas 78745, United States",,"30.193860","-97.777950","73622.82","62","62","59.36","96.10","12","20","1.51","0.00","0.18","0.32","1778"
"2025-08-22 14:32","2025-08-22 14:52",,"20","6601 South Congress Avenue, Austin, Texas 78745, United States",,"30.193860","-97.777950","73622.82","114 Linden Street, Austin, Texas 78702, United States",,"30.252910","-97.710620","73633.75","55","47","64.38","97.95","36","80","21.00","0.00","10.90","4.84","444"
"2025-08-22 19:02","2025-08-22 19:20",,"18","114 Linden Street, Austin, Texas 78702, United States",,"30.252910","-97.710620","73633.75","2808 Bartons Bluff Lane, Austin, Texas 78746, United States",,"30.256504","-97.796570","73644.38","41","30","70.75","94.51","40","104","27.87","0.00","10.63","6.42","604"
"2025-08-22 19:24","2025-08-22 19:26",,"1","2808 Bartons Bluff Lane, Austin, Texas 78746, United States",,"30.256504","-97.796570","73644.44","2901 Barton Skyway, Austin, Texas 78746, United States",,"30.259172","-97.788704","73645.44","30","28","62.24","94.10","45","78","3.43","0.00","0.86","0.80","930"
"2025-08-22 20:33","2025-08-22 20:37",,"4","2901 Barton Skyway, Austin, Texas 78746, United States",,"30.259172","-97.788704","73645.44","2402 Lake Austin Boulevard, Austin, Texas 78703, United States",,"30.278310","-97.772330","73647.57","28","26","81.14","89.78","46","66","4.18","0.00","2.13","1.00","469"
"2025-08-22 20:41","2025-08-22 20:58",,"17","2402 Lake Austin Boulevard, Austin, Texas 78703, United States",,"30.278324","-97.772354","73647.66","2904 Barton Skyway, Austin, Texas 78746, United States",,"30.258846","-97.788536","73653.69","26","22","69.98","89.06","28","85","12.47","0.00","6.03","2.76","458"
"2025-08-22 21:10","2025-08-22 21:22",,"11","2904 Barton Skyway, Austin, Texas 78746, United States",,"30.258846","-97.788536","73653.69","2800 Bartons Bluff Lane, Austin, Texas 78746, United States",,"30.256308","-97.796650","73660.20","22","17","70.75","86.63","36","86","12.64","0.00","6.47","2.86","442"
"2025-08-22 21:22","2025-08-22 21:23",,"1","2800 Bartons Bluff Lane, Austin, Texas 78746, United States",,"30.256308","-97.796650","73660.20","2800 Bartons Bluff Lane, Austin, Texas 78746, United States",,"30.256304","-97.796646","73660.20","17","17","68.05","85.10","3","5","0.17","0.00","0.00","0.12",
"2025-08-22 21:23","2025-08-22 21:26",,"2","2800 Bartons Bluff Lane, Austin, Texas 78746, United States",,"30.256304","-97.796646","73660.20","2742 Bartons Bluff Lane, Austin, Texas 78746, United States",,"30.256205","-97.796700","73660.21","17","16","66.63","85.35","0","1","0.33","0.00","0.01","0.08","8000"
"2025-08-22 21:29","2025-08-22 21:32",,"2","2742 Bartons Bluff Lane, Austin, Texas 78746, United States",,"30.256205","-97.796700","73660.22","2904 Barton Skyway, Austin, Texas 78746, United States",,"30.258846","-97.788530","73661.21","16","16","66.38","88.11","27","48","1.34","0.00","0.99","0.32","323"
"2025-08-23 02:49","2025-08-23 03:06",,"17","2904 Barton Skyway, Austin, Texas 78746, United States",,"30.258835","-97.788520","73661.23","5001 Cottonwood Circle, Austin, Texas 78723, United States",,"30.296732","-97.686470","73670.61","15","11","66.45","79.70","34","65","10.88","0.00","9.38","2.46","262"
"2025-08-23 17:25","2025-08-23 17:41",,"15","5001 Cottonwood Circle, Austin, Texas 78723, United States",,"30.296732","-97.686470","73670.62","505 West Canyon Ridge Drive, Austin, Texas 78753, United States",,"30.403723","-97.673195","73682.48","11","4","64.76","94.80","47","76","18.24","0.00","11.85","3.86","326"
"2025-08-23 17:51","2025-08-23 17:58",,"7","505 West Canyon Ridge Drive, Austin, Texas 78753, United States",,"30.403723","-97.673195","73682.48","801 Ramble Creek Drive, Pflugerville, Texas 78660, United States",,"30.455753","-97.642210","73687.80","40","38","57.45","96.80","45","70","5.69","0.00","5.32","1.54","289"
"2025-08-23 23:14","2025-08-23 23:35",,"20","801 Ramble Creek Drive, Pflugerville, Texas 78660, United States",,"30.455753","-97.642210","73687.84","1135 Emmitt Run, Austin, Texas 78721, United States",,"30.259539","-97.685280","73706.05","35","23","68.92","86.16","57","90","33.05","0.00","18.21","7.54","414"
"2025-08-23 23:38","2025-08-23 23:48",,"10","1135 Emmitt Run, Austin, Texas 78721, United States",,"30.259539","-97.685280","73706.06","5001 Cottonwood Circle, Austin, Texas 78723, United States",,"30.296743","-97.686470","73710.57","22","18","61.38","82.40","28","52","10.54","0.00","4.49","2.42","539"
"2025-08-24 18:44","2025-08-24 18:45",,"0","5001 Cottonwood Circle, Austin, Texas 78723, United States",,"30.296732","-97.686460","73710.58","5001 Cottonwood Circle, Austin, Texas 78723, United States",,"30.296799","-97.686510","73710.60","18","18","82.94","93.20","0","1","0.00","0.00","0.01","0.00","0"
"2025-08-24 18:45","2025-08-24 18:47",,"2","5001 Cottonwood Circle, Austin, Texas 78723, United States",,"30.296799","-97.686510","73710.60","5001 Cottonwood Circle, Austin, Texas 78723, United States",,"30.296799","-97.686510","73710.60","18","17","91.90","93.20","0","0","0.50","0.00","0.00","0.12",
"2025-08-24 18:47","2025-08-24 19:02",,"14","5001 Cottonwood Circle, Austin, Texas 78723, United States",,"30.296799","-97.686510","73710.60","12030 North Lamar Boulevard, Austin, Texas 78753, United States",,"30.392773","-97.681700","73720.16","17","11","70.05","95.70","44","70","17.07","0.00","9.37","3.88","414"
"2025-08-24 19:02","2025-08-24 19:06",,"3","12030 North Lamar Boulevard, Austin, Texas 78753, United States",,"30.392773","-97.681700","73720.16","Walnut Creek Park Road, Austin, Texas 78758, United States",,"30.401901","-97.684050","73721.07","11","10","62.06","96.80","16","53","3.26","0.00","0.91","0.70","769"
"2025-08-24 19:06","2025-08-24 19:08",,"1","Walnut Creek Park Road, Austin, Texas 78758, United States",,"30.401901","-97.684050","73721.07","Walnut Creek Park Road, Austin, Texas 78753, United States",,"30.400492","-97.684010","73721.27","10","9","62.06","98.01","10","10","1.26","0.00","0.15","0.28","1867"
"2025-08-24 20:25","2025-08-24 20:46",,"20","Walnut Creek Park Road, Austin, Texas 78753, United States",,"30.400465","-97.684006","73721.27","5001 Cottonwood Circle, Austin, Texas 78723, United States",,"30.296724","-97.686470","73730.70","6","2","83.08","89.53","35","58","9.79","0.00","9.43","2.16","229"
"2025-08-25 14:20","2025-08-25 14:32",,"12","5001 Cottonwood Circle, Austin, Texas 78723, United States",,"30.296724","-97.686470","73730.79","6719 Middle Fiskville Road, Austin, Texas 78752, United States",,"30.329206","-97.706290","73734.27","1","0","89.13","90.50","22","37","2.68","0.00","3.48","1.30","374"
"2025-08-25 14:42","2025-08-25 15:08",,"26","6719 Middle Fiskville Road, Austin, Texas 78752, United States",,"30.329206","-97.706290","73734.31","6405 South Interstate 35, Austin, Texas 78748, United States",,"30.162909","-97.792130","73747.76","13","5","67.86","100.53","33","72","21.09","0.00","13.42","4.96","370"
"2025-08-25 16:24","2025-08-25 16:25",,"1","6405 South Interstate 35, Austin, Texas 78748, United States",,"30.162909","-97.792130","73747.76","2704 South Interstate 35, Austin, Texas 78704, United States",,"30.166397","-97.789610","73748.10","99","98","66.74","101.30","19","21","1.26","0.00","0.34","0.16","471"
"2025-08-25 16:38","2025-08-25 16:38",,"0","2704 South Interstate 35, Austin, Texas 78704, United States",,"30.166397","-97.789610","73748.12","2704 South Interstate 35, Austin, Texas 78704, United States",,"30.166397","-97.789610","73748.12","97","97","64.94","103.10","0","0","0.00","0.00","0.00","0.08",
"2025-08-25 16:38","2025-08-25 16:49",,"11","2704 South Interstate 35, Austin, Texas 78704, United States",,"30.166397","-97.789610","73748.12","6741 Sabrina Drive, Austin, Texas 78747, United States",,"30.153679","-97.740580","73752.35","97","94","67.82","101.12","26","58","8.03","0.00","4.23","1.76","416"
"2025-08-25 17:20","2025-08-25 17:21",,"1","6741 Sabrina Drive, Austin, Texas 78747, United States",,"30.153679","-97.740580","73752.43","6741 Sabrina Drive, Austin, Texas 78747, United States",,"30.153666","-97.740560","73752.82","93","93","72.14","104.00","13","16","0.67","0.00","0.39","0.10","256"
"2025-08-25 17:22","2025-08-25 17:41",,"19","6741 Sabrina Drive, Austin, Texas 78747, United States",,"30.153666","-97.740560","73752.82","7103 Cherry Meadow Drive, Austin, Texas 78745, United States",,"30.199188","-97.804240","73759.45","92","88","69.28","102.31","31","50","12.22","0.00","6.63","2.76","416"
"2025-08-25 17:57","2025-08-25 18:05",,"8","7103 Cherry Meadow Drive, Austin, Texas 78745, United States",,"30.199188","-97.804240","73759.45","5207 Creekline Drive, Austin, Texas 78745, United States",,"30.211170","-97.778090","73761.93","87","85","72.91","99.95","28","51","6.36","0.00","2.48","1.38","556"
"2025-08-25 19:47","2025-08-25 20:04",,"17","5207 Creekline Drive, Austin, Texas 78745, United States",,"30.211182","-97.778080","73761.99","5001 Cottonwood Circle, Austin, Texas 78723, United States",,"30.296741","-97.686460","73775.98","84","75","71.74","95.70","55","91","23.93","0.00","13.99","6.26","447"
"2025-08-26 18:10","2025-08-26 18:11",,"0","5001 Cottonwood Circle, Austin, Texas 78723, United States",,"30.296741","-97.686460","73776.06","5001 Cottonwood Circle, Austin, Texas 78723, United States",,"30.296741","-97.686460","73776.06","63","63","77.95","97.70","0","0","0.00","0.00","0.00","0.04",
"2025-08-26 18:13","2025-08-26 18:29",,"16","5001 Cottonwood Circle, Austin, Texas 78723, United States",,"30.296741","-97.686460","73776.06","6507 Linda Lane, Austin, Texas 78723, United States",,"30.317513","-97.687670","73780.70","63","60","67.41","97.70","24","46","8.28","0.00","4.64","1.88","405"
"2025-08-26 18:32","2025-08-26 18:32",,"0","6507 Linda Lane, Austin, Texas 78723, United States",,"30.317513","-97.687670","73780.71","6507 Linda Lane, Austin, Texas 78723, United States",,"30.317513","-97.687670","73780.71","60","60","79.16","97.70","0","0","0.00","0.00","0.00","0.00",
"2025-08-26 18:32","2025-08-26 18:45",,"12","6507 Linda Lane, Austin, Texas 78723, United States",,"30.317513","-97.687670","73780.71","5001 Cottonwood Circle, Austin, Texas 78723, United States",,"30.296740","-97.686470","73788.04","60","56","69.17","94.53","42","86","9.96","0.00","7.31","2.36","323"
"2025-08-26 18:52","2025-08-26 19:10",,"17","5001 Cottonwood Circle, Austin, Texas 78723, United States",,"30.296740","-97.686470","73788.04","Walnut Creek Park Road, Austin, Texas 78753, United States",,"30.400541","-97.683450","73797.34","56","51","65.55","89.67","36","72","13.72","0.00","9.30","3.00","323"
"2025-08-26 20:39","2025-08-26 20:39",,"0","Walnut Creek Park Road, Austin, Texas 78753, United States",,"30.400541","-97.683450","73797.45","Walnut Creek Park Road, Austin, Texas 78753, United States",,"30.400541","-97.683450","73797.45","49","49","63.86","88.70","0","0","0.00","0.00","0.00","0.00",
"2025-08-26 20:39","2025-08-26 20:55",,"15","Walnut Creek Park Road, Austin, Texas 78753, United States",,"30.400541","-97.683450","73797.45","4901 Lancaster Drive, Austin, Texas 78723, United States",,"30.305695","-97.708300","73806.77","49","44","63.19","88.20","40","70","12.80","0.00","9.26","2.78","300"
"2025-08-26 21:07","2025-08-26 21:15",,"7","4901 Lancaster Drive, Austin, Texas 78723, United States",,"30.305695","-97.708300","73806.77","5001 Cottonwood Circle, Austin, Texas 78723, United States",,"30.296740","-97.686460","73808.46","44","43","63.91","89.98","25","47","2.76","0.00","1.69","0.62","367"
"2025-08-27 10:11","2025-08-27 10:27",,"15","5001 Cottonwood Circle, Austin, Texas 78723, United States",,"30.296736","-97.686460","73808.54","909 East Braker Lane, Austin, Texas 78753, United States",,"30.375511","-97.673320","73815.62","37","33","61.68","86.00","38","72","10.54","0.00","7.08","2.32","328"
"2025-08-27 10:33","2025-08-27 10:45",,"12","909 East Braker Lane, Austin, Texas 78753, United States",,"30.375536","-97.673300","73815.62","7600 North Lamar Boulevard, Austin, Texas 78752, United States",,"30.344452","-97.715100","73820.66","33","30","66.45","86.97","36","62","8.20","0.00","5.04","1.86","369"
"2025-08-27 11:10","2025-08-27 11:22",,"11","7600 North Lamar Boulevard, Austin, Texas 78752, United States",,"30.344452","-97.715100","73820.73","1905 Simond Avenue, Austin, Texas 78723, United States",,"30.296894","-97.704660","73824.84","29","27","66.99","91.40","25","49","5.69","0.00","4.09","1.26","308"
"2025-08-27 11:22","2025-08-27 11:25",,"3","1905 Simond Avenue, Austin, Texas 78723, United States",,"30.296894","-97.704660","73824.84","4229 Camacho Street, Austin, Texas 78723, United States",,"30.295609","-97.704320","73825.05","27","27","66.74","91.26","12","22","1.00","0.00","0.22","0.30","1364"
"2025-08-27 11:37","2025-08-27 11:42",,"5","4229 Camacho Street, Austin, Texas 78723, United States",,"30.295609","-97.704320","73825.11","Garcia Street, Austin, Texas 78723, United States",,"30.301714","-97.698395","73826.23","26","25","73.56","93.58","12","24","2.43","0.00","1.12","0.64","571"
"2025-08-27 11:58","2025-08-27 12:03",,"4","Garcia Street, Austin, Texas 78723, United States",,"30.301714","-97.698395","73826.23","5027 Manor Road, Austin, Texas 78723, United States",,"30.297668","-97.687020","73827.36","23","22","64.94","96.15","18","38","2.85","0.00","1.13","0.62","549"
"2025-08-27 12:03","2025-08-27 12:04",,"1","5027 Manor Road, Austin, Texas 78723, United States",,"30.297668","-97.687020","73827.36","5001 Cottonwood Circle, Austin, Texas 78723, United States",,"30.296732","-97.686480","73827.48","22","22","66.94","93.20","12","14","0.50","0.00","0.12","0.14","1167"
"2025-08-28 00:09","2025-08-28 00:12",,"2","5001 Cottonwood Circle, Austin, Texas 78723, United States",,"30.296732","-97.686470","73827.48","1660 East 51st Street, Austin, Texas 78723, United States",,"30.304690","-97.698940","73828.70","20","19","86.18","86.11","23","39","2.18","0.00","1.22","0.62","508"
"2025-08-28 00:13","2025-08-28 00:33",,"20","1660 East 51st Street, Austin, Texas 78723, United States",,"30.304690","-97.698940","73828.70","700 West Riverside Drive, Austin, Texas 78704, United States",,"30.261402","-97.750550","73834.77","19","14","65.26","85.48","31","57","12.47","0.00","6.07","2.98","491"
"2025-08-28 00:45","2025-08-28 01:01",,"15","700 West Riverside Drive, Austin, Texas 78704, United States",,"30.261395","-97.750530","73834.92","5001 Cottonwood Circle, Austin, Texas 78723, United States",,"30.296740","-97.686470","73842.76","14","9","68.31","86.79","43","71","12.80","0.00","7.84","2.82","360"
"2025-08-28 14:34","2025-08-28 14:36",,"2","5001 Cottonwood Circle, Austin, Texas 78723, United States",,"30.296736","-97.686470","73842.77","5107 Manor Road, Austin, Texas 78723, United States",,"30.298203","-97.686584","73842.87","9","9","87.75","93.40","17","17","0.67","0.00","0.10","0.10","1000"
"2025-08-28 14:36","2025-08-28 14:48",,"11","5107 Manor Road, Austin, Texas 78723, United States",,"30.298203","-97.686584","73842.87","6406 N 35 Frontage Rd, Austin, Texas 78752, United States",,"30.329304","-97.706250","73846.46","9","5","71.71","98.20","21","64","9.71","0.00","3.59","2.24","624"
"2025-08-28 15:32","2025-08-28 15:44",,"12","6406 N 35 Frontage Rd, Austin, Texas 78752, United States",,"30.329304","-97.706250","73846.48","1133 Emmitt Run, Austin, Texas 78721, United States","Brady’s","30.259410","-97.685360","73855.81","69","64","70.66","103.59","48","104","16.23","0.00","9.22","3.66","397"
"2025-08-28 16:05","2025-08-28 16:30",,"24","1133 Emmitt Run, Austin, Texas 78721, United States","Brady’s","30.259410","-97.685360","73855.81","5001 Cottonwood Circle, Austin, Texas 78723, United States",,"30.296740","-97.686470","73860.25","63","56","76.32","108.19","19","44","16.23","0.00","4.37","3.58","819"
"2025-08-28 19:00","2025-08-28 19:07",,"6","5001 Cottonwood Circle, Austin, Texas 78723, United States",,"30.296740","-97.686470","73860.25","1837 Simond Avenue, Austin, Texas 78723, United States",,"30.296812","-97.704760","73862.08","54","52","76.41","100.40","17","42","4.52","0.00","1.83","1.10","601"
"2025-08-28 19:35","2025-08-28 19:42",,"6","1837 Simond Avenue, Austin, Texas 78723, United States",,"30.296812","-97.704760","73862.09","5001 Cottonwood Circle, Austin, Texas 78723, United States",,"30.296740","-97.686480","73863.58","51","50","72.25","98.60","19","30","4.27","0.00","1.49","0.96","644"
"2025-08-28 19:56","2025-08-28 19:59",,"2","5001 Cottonwood Circle, Austin, Texas 78723, United States",,"30.296740","-97.686480","73863.58","Garcia Street, Austin, Texas 78723, United States",,"30.301743","-97.698210","73864.53","49","49","83.86","100.40","22","37","2.09","0.00","0.95","0.42","442"
"2025-08-28 20:07","2025-08-28 20:10",,"3","Garcia Street, Austin, Texas 78723, United States",,"30.301743","-97.698210","73864.56","5001 Cottonwood Circle, Austin, Texas 78723, United States",,"30.296743","-97.686470","73865.39","49","48","79.57","100.99","20","38","1.67","0.00","0.83","0.36","434"
"2025-08-29 21:09","2025-08-29 21:12",,"3","5001 Cottonwood Circle, Austin, Texas 78723, United States",,"30.296730","-97.686460","73865.50","Garcia Street, Austin, Texas 78723, United States",,"30.301740","-97.698410","73866.54","39","39","88.79","88.70","17","38","2.76","0.00","0.97","0.62","639"
"2025-08-29 21:19","2025-08-29 21:20",,"1","Garcia Street, Austin, Texas 78723, United States",,"30.301740","-97.698410","73866.54","1660 East 51st Street, Austin, Texas 78723, United States",,"30.304684","-97.698950","73866.87","38","38","84.97","88.70","26","28","0.50","0.00","0.33","0.14","424"
"2025-08-29 21:21","2025-08-29 21:25",,"4","1660 East 51st Street, Austin, Texas 78723, United States",,"30.304684","-97.698950","73866.87","5107 Manor Road, Austin, Texas 78723, United States",,"30.298311","-97.686530","73867.95","38","37","68.61","88.70","21","42","2.34","0.00","1.00","0.38","380"
"2025-08-29 21:31","2025-08-29 21:32",,"0","5107 Manor Road, Austin, Texas 78723, United States",,"30.298311","-97.686530","73867.95","5001 Cottonwood Circle, Austin, Texas 78723, United States",,"30.296741","-97.686460","73868.06","37","37","83.12","88.70","22","22","0.25","0.00","0.11","0.02","182"
"2025-08-30 18:19","2025-08-30 18:28",,"9","5001 Cottonwood Circle, Austin, Texas 78723, United States",,"30.296741","-97.686460","73868.08","1902 Simond Avenue, Austin, Texas 78723, United States",,"30.296722","-97.703990","73870.16","26","24","73.72","91.76","14","39","4.52","0.00","2.08","1.04","500"
"2025-08-30 19:44","2025-08-30 19:47",,"3","1902 Simond Avenue, Austin, Texas 78723, United States",,"30.296722","-97.703990","73870.16","1401 Ragsdale Street, Austin, Texas 78723, United States",,"30.299343","-97.707240","73870.66","24","23","78.51","88.16","14","19","1.26","0.00","0.50","0.38","760"
"2025-08-30 19:50","2025-08-30 19:54",,"3","1401 Ragsdale Street, Austin, Texas 78723, United States",,"30.299343","-97.707240","73870.66","5101 Lancaster Court, Austin, Texas 78723, United States",,"30.307660","-97.706410","73871.57","23","22","74.64","86.90","14","29","1.76","0.00","0.91","0.44","484"
"2025-08-30 19:54","2025-08-30 20:01",,"6","5101 Lancaster Court, Austin, Texas 78723, United States",,"30.307660","-97.706410","73871.57","5001 Cottonwood Circle, Austin, Texas 78723, United States",,"30.296753","-97.686480","73873.35","22","21","68.63","86.90","17","37","3.18","0.00","1.77","0.60","339"
"2025-08-31 15:12","2025-08-31 15:31",,"18","5001 Cottonwood Circle, Austin, Texas 78723, United States",,"30.296734","-97.686460","73873.35","Walnut Creek Park Road, Austin, Texas 78753, United States",,"30.400630","-97.684030","73882.80","20","15","66.54","85.23","37","67","12.55","0.00","9.38","2.96","316"
"2025-08-31 16:53","2025-08-31 17:08",,"15","Walnut Creek Park Road, Austin, Texas 78753, United States",,"30.400635","-97.684020","73882.80","5001 Cottonwood Circle, Austin, Texas 78723, United States",,"30.296726","-97.686460","73892.29","15","9","75.22","88.11","42","72","13.97","0.00","9.49","3.24","341"
"2025-08-31 19:08","2025-08-31 19:11",,"2","5001 Cottonwood Circle, Austin, Texas 78723, United States",,"30.296728","-97.686460","73892.30","5107 Manor Road, Austin, Texas 78723, United States",,"30.298317","-97.686500","73892.95","9","8","77.18","82.40","18","27","1.76","0.00","0.65","0.38","585"
"2025-08-31 19:11","2025-08-31 19:13",,"1","5107 Manor Road, Austin, Texas 78723, United States",,"30.298317","-97.686500","73892.95","5001 Cottonwood Circle, Austin, Texas 78723, United States",,"30.296762","-97.686480","73893.04","8","8","74.08","82.40","0","0","0.42","0.00","0.09","0.02","222"